V1,smiles_hilic
2.301283,O=C(O)CCCN=C(O)C
7.616333,O=P1(O)OCC2OC(n3cnc4c(ncnc43)N)C(O)C2O1
8.884117,O=P(O)(O)OCC1OC(n2cnc3c(ncnc32)N)C(O)C1O
1.062683,O=C(OC(C)C)CCCC=CCC1C(O)CC(O)C1CCC(O)CCc2ccccc2
1.2388,O=C(O)CCCC(=O)C
2.019083,O=C(O)CC1C(O)=Nc2ccccc21
2.60795,c1ccc(cc1)C2NC(C)C(NC2)C
4.87655,OC1CCCCC1O
5.772267,O=C1C(=O)CCCC1
1.827733,O=C1c2c(nc(O)n2C)N(C(=O)N1C)C
1.473133,O=C1CC(=O)CCC1
1.560217,O=C(O)C1CCC(C(=O)O)CC1
1.1517,O=C1CCC(=O)CC1
4.090533,O=C1c2c(N=C(O)N1C)nc(O)n2C
1.368133,O=C(n1cncc1)C
1.632483,n1ccn(c1)Cc2ccccc2
7.272133,N=C1c2ncn(c2N=CN1C)C3OC(CO)C(O)C3O
5.658267,O=C1c2ncn(c2NC(=N)N1C)C3OC(CO)C(O)C3O
6.166283,N=C(O)c1ccc[n+](c1)C
4.985567,O=C1N=C(O)C(=CN1C)C2OC(CO)C(O)C2O
6.3788,O=C(O)C(N)Cc1cn(c2ccccc21)C
6.493533,O=C(O)C1OC(OC2CC3C4CCc5cc(O)ccc5C4CCC3(C)C2O)C(O)C(O)C1O
3.440333,Oc1ncnc2c1ncn2C3OC(CO)CC3
8.62615,O=P(O)(O)OCC1OC(n2cnc3c(ncnc32)N)CC1O
5.867533,N=C1N=C(O)N(C=C1)C2OC(CO)C(O)C2
9.43305,O=P(O)(O)OC1CC(OC1CO)n2cnc3C(O)=NC(=N)Nc32
9.253134,O=P(O)(O)OCC1OC(n2cnc3C(O)=NC(=N)Nc32)CC1O
6.3972,N=C1N=C(O)c2ncn(c2N1)C3OC(CO)C(O)C3
4.93095,N=C1N=C(O)N(C=C1C)C2OC(CO)C(O)C2OC
1.747817,O=C1N=C(O)C(=CN1C2OC(CO)C(O)C2OC)C
2.599517,OCC1OC(n2cnc3c(ncnc32)N)C(OC)C1O
5.020566,N=C1N=C(O)N(C=C1)C2OC(CO)C(O)C2OC
5.721283,N=C1N=C(O)c2ncn(c2N1)C3OC(CO)C(O)C3OC
4.063567,Oc1ncnc2c1ncn2C3OC(CO)C(O)C3OC
2.24455,O=C1N=C(O)C=CN1C2OC(CO)C(O)C2OC
3.335817,OC(C)C(O)C
4.5395,N=C1N=C(O)N(C=C1)C2OC(CO)CC2
1.730683,O=C1N=C(O)C=CN1C2OC(CO)CC2
9.8776,O=C(O)C(N)CCCC(N)C(=O)O
1.527183,Oc1nc2c(O)cccc2cc1
5.521983,n1ccccc1CCN
9.47485,OCC1OC(O)C(OC2OC(CO)C(O)C(O)C2O)C(O)C1O
1.274067,O=C(O)c1cccc(OC)c1N
1.079283,O=C(c1ccccc1)CN
2.048917,SCCN
9.391,O=P(O)(O)CCN
1.21715,Oc1ccccc1N
1.473533,Clc1nc(NC2CCCC2)c3ncn(c3n1)C4OC(CO)C(O)C4O
2.688733,Clc1nc(N)c2ncn(c2n1)C3OC(CO)C(O)C3O
9.157367,O=P(O)(O)OCC1OC(N2C=CC(=N)N=C2O)CC1O
2.961367,O=C1N=C(O)C=CN1C2OC(CO)C(O)C2
1.391383,O=CC=CCCC
4.363717,O=C(c1ccccc1)CO
1.01425,O=C(C=Cc1ccccc1O)c2ccccc2
1.5113,Oc1nc2ccccc2cc1
8.708667,Oc1ccc(C=C)cc1OC
1.256583,N=C(O)Cc1ccccc1
5.372817,O=C(O)CN=C(O)CC
2.048917,Oc1ncccc1
5.325333,N=C1N=C(S)N(C=C1)C2OC(CO)C(O)C2O
2.477283,S=C1N=C(O)C=CN1C2OC(CO)C(O)C2O
7.285817,O=P1(O)OCC2OC(n3cnc4c(ncnc43)N)CC2O1
5.0887,N=C1N=C(O)N(C=C1)C2OC(CO)C(OC)C2O
5.801317,N=C1N=C(O)c2ncn(c2N1)C3OC(CO)C(OC)C3O
4.270233,Oc1ncnc2c1ncn2C3OC(CO)C(OC)C3O
2.417733,O=C1N=C(O)C=CN1C2OC(CO)C(OC)C2O
2.295783,O=C(O)C(O)c1ccc(O)c(O)c1
8.312567,O=C(O)C(N)Cc1ccc(O)c(O)c1
4.767583,OCC1OC(n2cnc3c(ncnc32)N)C(O)C1O
8.875283,O=P(O)(O)OC1C(O)C(OC1CO)n2cnc3c(ncnc32)N
1.2527,O=C1C=C2CCC3C4CCC(C(=O)CO)C4(C)CC(O)C3C2(C)CC1
1.102567,O=C1C=C2CCC3C(C(=O)CC4(C(=O)CCC34)C)C2(C)CC1
7.007583,O=C(O)C(N)CC(C)C
7.660433,O=C(O)C(N=C(O)C(N)C)C(C)CC
0.9847167,N#Cc1ccc(cc1)C(c2ccc(C#N)cc2)n3ncnc3
7.663733,O=C(O)C(N=C(O)C(N)C)C(C)C
1.450817,O=C1N(CCC1)C(C(=N)O)CC
2.952033,N1=C2SCCN2CC1c3ccccc3
0.9912834,O=C1C=C2CCC3C(CCC4(CC)C3CCC4(O)C#C)C2CC1
2.901117,O=C(O)COCCN1CCN(CC1)C(c2ccccc2)c3ccc(Cl)cc3
8.052033,[H]C(N)(C(=O)O)C
7.601666,O=C(O)C(N=C(O)C(N)C)CC(C)C
8.85445,N=C(N)NCCCCN
1.3906,O=C1C(=COc2cc(O)ccc12)c3ccc(O)cc3
1.0755,O=Cc1ccc(OC)c(OC)c1
8.184566,O=C(O)CNc1cc(O)cc(O)c1
7.541717,O=C(O)C(N)Cn1nccc1
7.423183,O=C(O)CC(N)c1ccc(O)cc1
8.061784,O=C(O)C(N)Cc1ccc(O)c(N)c1
2.339833,OC(=NCCN(C)C)OC1CC2=CCC3C(CCC4(C)C(CCC34)C(C)CCCC(C)C)C2(C)CC1
7.1316,O=C(O)C(N)Cc1ccc(O)c(Cl)c1
2.866283,O=C1N=C(O)C=CN1C2OC(CO)CC2O
7.67055,O=C(O)CCNC(=N)N
1.476983,O=C(O)c1cccc(O)c1N
1.179417,O=Cc1cccc(O)c1
7.35485,O=C(O)C(N)CC(=O)c1cccc(O)c1N
1.29935,O=C(O)Cc1cccc(O)c1
7.442133,O=C(O)C(N)Cc1cccc(O)c1
7.743733,O=C(O)C1NCCC1O
2.54945,O=C(O)CCCCCCC(O)CC(=O)O
1.329383,O=C(O)Cc1c[nH]c2ccccc21
8.023833,N#CCc1c[nH]c2ccccc21
1.275483,O=C(O)CCc1c[nH]c2ccccc21
2.953083,O=C(O)CN=C(O)C=C(C)C
6.991034,O=C1N(C=CC(=N)N1C)C2OC(CO)C(O)C2O
9.408733,O=C(O)C(N)Cc1cncn1C
1.072817,OC1=Nc2ccccc2C1C
5.159917,S(C)CCCN
6.87715,O=C(O)C(N)Cc1ccc(O)c(c1)N(=O)=O
8.5907,O=C(O)CCP(=O)(O)O
1.410767,OCc1cnccc1
5.570183,O=C(O)CCNC(=N)O
1.26575,O=C1C(=COc2cc(O)cc(O)c12)c3ccc(O)cc3
7.34195,O=C(O)c1ccc(N)cc1
6.9468,O=C(O)C1CCC(CN)CC1
7.608333,O=C(O)CCCNC(=N)N
4.881467,O=C(C)CC(O)(C)C
1.469383,O=C1OC(=CC(O)=C1)C
1.17675,O=Cc1ccc(O)cc1
5.862884,O=C(O)CNC(=O)c1ccc(O)cc1
2.627867,N#CC(O)c1ccc(O)cc1
8.0268,Oc1ccc(cc1)C(O)C
1.222883,O=C(O)C(=O)Cc1ccc(O)cc1
1.69245,O=C1C=CNc2ccccc12
1.213667,OCCc1scnc1C
1.216317,O=C1Oc2cc(O)ccc2C(=C1)C
1.0629,O=C1Oc2cc(OC(=O)C)ccc2C(=C1)C
1.143817,O=N(=O)c1ccn(=O)c2ccccc12
2.5782,O=C(O)c1c(O)c(ncc1CO)C
4.5784,O=C(O)c1ccnc2ccccc21
2.273517,O=C1N=C(S)C=CN1C2OC(CO)C(O)C2O
7.66005,O=C(O)CCC[N+](C)(C)C
2.52555,OC1C(O)C(OC1n2cnc3c(ncnc32)N)CSC
1.464917,O=C1N=C(O)C(=CN1C2OC(COC)C(O)C2)C
1.765617,OC=1N=C(O)CCN1
1.8238,n1c[nH]c2cc(c(cc12)C)C
4.178783,N=C(O)c1nc[nH]c1N
3.887467,O=C(O)c1cc(N)ccc1O
7.63845,O=C(O)CCCCN
1.773283,Fc1cnc(O)nc1
4.6172,FC1=CN=C(O)NC1=N
1.775067,O=C(O)Cc1c[nH]c2ccc(O)cc21
7.539866,N=C1N=C(O)N(C=C1CO)C2OC(CO)C(O)C2O
6.9049,N=C1NC(O)=NC=C1CO
7.480433,O=C(O)C(N)Cc1c[nH]c2ccc(O)cc21
1.3291,O=C(O)Cc1c[nH]c2ccc(OC)cc21
1.074817,O=C1Oc2cc3occc3c(OC)c2C=C1
4.990867,O(c1ccc2[nH]cc(c2c1)CCN)C
1.1794,OCCc1c[nH]c2ccc(OC)cc21
4.716133,O=C1N=C(O)C(OC)=CN1C2OC(CO)C(O)C2O
1.98375,S=C1N=C(O)C(=CN1C2OC(CO)C(O)C2O)C
6.390517,N=C1N=C(O)N(C=C1C)C2OC(CO)C(O)C2O
4.188033,O=C1N=C(O)C(=CN1C2OC(CO)C(O)C2O)C
3.4021,O(c1ccc2[nH]cc(c2c1)CCN)CCCCCCCCC
1.473367,O=C1Oc2cc(O)c(O)cc2C=C1
1.263433,n1[nH]cc2ccc(N)cc12
1.339833,O=C(O)CCCCCO
1.259133,O=C1C=C(Oc2ccc(O)cc12)c3ccccc3
7.303067,OC(C)CCC=C(C)C
3.3539,OCC1OC(n2cnc3c(ncnc32)NC)C(O)C1O
1.493,n1cnc2[nH]cnc2c1SC
7.17545,N=C1N=C(O)C=2N=C(CNC2N1)C(O)C(O)C
7.33695,N=C1N=C(O)c2c(N1)n(c[n+]2C)C3OC(CO)C(O)C3O
5.105183,Oc1nc2c(ncnc2n1C3OC(CO)C(O)C3)N
1.11335,O=C(O)C1(C)CCCC2(C)C3C(C=C(CC3)C(C)C)=CCC12
1.325883,O=C(O)C=C(C=CC1(O)C(=CC(=O)CC1(C)C)C)C
9.88195,OCC1=CC(NC2C(O)C(O)C(OC2C)OC3C(O)C(O)C(OC3CO)OC4C(O)C(O)C(O)OC4CO)C(O)C(O)C1O
7.726067,O=C(O)C1OC(Oc2ccc(N=C(O)C)cc2)C(O)C(O)C1O
1.37395,Oc1ccc(N=C(O)C)cc1
1.108633,OC(=Nc1ccccc1)C
2.940067,ON=C(O)C
7.193583,O=C(OC(CC(=O)O)C[N+](C)(C)C)C
1.58415,O=C(O)Cc1ccc(N=C(O)C)cc1
4.593633,n1cnc-2c(nc[nH]c12)N
8.303683,O=C(O)C(N=C(O)C(N)C)C
8.04985,O=C(O)C(N)C
1.22065,OC(=Nc1nc2ccc(SCCC)cc2[nH]1)OC
5.54725,Oc1ccc(cc1CO)C(O)CNC(C)(C)C
4.286433,N=C1NC(=Nc2cc(OC)c(OC)cc12)N(C)CCCN=C(O)C3OCCC3
8.564466,O=C(O)C(NC(=N)O)NC(=N)O
4.190417,O=C1c2c3ccccc3n(c2CCN1Cc4[nH]cnc4C)C
7.061433,O=P(O)(O)OC1OC(CO)C(O)C(O)C1N
1.045783,O=C1OCCC1=C
1.073133,O=C1C=CC2(C(=C1C)C3OC(=O)C(C)C3CC2)C
1.344367,Clc1ccc-2c(c1)C(=NCc3nnc(n32)C)c4ccccc4
2.640117,O=C1c2ccccc2N=C(S)N1CCN3CCC(C(=O)c4ccc(F)cc4)CC3
0.9686334,O=C(Nc1ccc(O)cc1)CCCC=CCC=CCC=CCC=CCCCCC
0.96605,Clc1ccc(c(Cl)c1)-n2nc(C(O)=NN3CCCCC3)c(c2-c4ccc(I)cc4)C
4.882867,NC12CC3CC(CC(C3)C1)C2
5.522433,Clc1nc(C(O)=NC(=N)N)c(nc1N)N
1.8666,O=C(c1cc(I)c(OCCN(CC)CC)c(I)c1)c2c3ccccc3oc2CCCC
2.763383,O=S(=O)(c1cc(C(O)=NCC2N(CC)CCC2)c(OC)cc1N)CC
1.806117,O=C(O)c1cc2C(=O)c3cc(ccc3Oc2nc1N)C(C)C
4.237033,O=C(OC)C1=C(NC(=C(C(=O)OCC)C1c2ccccc2Cl)COCCN)C
4.6019,NC(C)Cc1ccccc1
0.9496167,O=C(OCC)OC(OC=1c2ccccc2S(=O)(=O)N(C1C(O)=Nc3ncccc3)C)C
1.822767,Clc1ccc2N=C3N=C(O)CN3Cc2c1Cl
0.9790667,N#CC(c1cc(cc(c1)C(C#N)(C)C)Cn2ncnc2)(C)C
0.9910833,OC1CCC2(C)C(CCC3C4CCC(O)C4(C)CCC32)C1
1.0936,O=C1C=C2CCC3C4CCC(=O)C4(C)CCC3C2(C)CC1
4.911033,O=C1CCC2C3CCC4CC(O)CCC4(C)C3CCC12C
9.485833,O=C(O)C(N=C(O)CCN)Cc1cncn1C
1.14245,Oc1ccc(cc1O)CCN=C(O)CCCC=CCC=CCC=CCC=CCCCCC
5.445567,O=C(O)C1N(C(=O)C(NS(=O)(=O)c2cccc3c2NCC(C)C3)CCCNC(=N)N)CCC(C)C1
9.4359,O=C(O)C(N)CCCNC(=N)N
3.135567,Clc1cccc(c1Cl)N2CCN(CC2)CCCCOc3ccc4c(N=C(O)CC4)c3
9.466367,O=C(O)CCC(N=C(O)C(N)CC(=O)O)C(=O)O
8.1396,O=C(O)CC(N)C(O)=NC(C(=O)O)Cc1ccccc1
8.651684,O=C(O)C(N)CC(=N)O
9.168333,O=C(O)CC(N)C(=O)O
2.41665,O(c1ccccc1C)C(c2ccccc2)CCNC
4.31935,O=C(OC1CC2N(C)C(CC2)C1)C(c3ccccc3)CO
4.661767,O=C1N(c2cc(Cl)cc(C(O)=NC3CN4CCC3CC4)c2OC1)C
4.849167,O=C(O)C1=CC(=NNc2ccc(cc2)C(=O)NCCC(=O)O)C=CC1=O
1.255667,O=C1C=CC2(C(=C1)CCC3C4CC(C)C(O)(C(=O)CO)C4(C)CC(O)C32Cl)C
2.159433,O=C(OCCN(CC)CC)C(O)(c1ccccc1)c2ccccc2
1.3267,O=C(O)CN1C(=O)C(NC(C(=O)OCC)CCc2ccccc2)CCc3ccccc31
1.464033,O=C(OC)C1=C(NC(=C(C(=O)OC2CN(Cc3ccccc3)CCC2)C1c4cccc(c4)N(=O)=O)C)C
1.9884,O(c1ccccc1Cc2ccccc2)CC(N3CCCCC3)C
1.26575,N=C(O)c1ccccc1
1.183883,O=C(O)c1ccccc1
1.107517,n1csc2ccccc12
2.041567,c1ccc(cc1)CN(C)C(C)Cc2ccccc2
8.707817,O=C(OCc1ccccc1)C
5.97635,O=C(O)C(N=C(O)C(O)C(N)Cc1ccccc1)CC(C)C
8.018233,O=C(O)CCN
9.323916,O=C(O)C(N)CNC
7.136933,O=C([O-])C[N+](C)(C)C
3.045,OC(COc1ccc(cc1)CCOCC2CC2)CNC(C)C
2.463533,O(c1ccccc1Cc2ccccc2)CCCCNC
1.193267,n1ccn(c1)C(c2ccccc2)c3ccc(cc3)-c4ccccc4
2.127133,O=C1N=C(C=C2NC(=Cc3[nH]c(C=C4N=C(O)C(=C4C=C)C)c(c3CCC(=O)O)C)C(=C2C)CCC(=O)O)C(=C1C=C)C
1.80345,O=C1N(C(=O)CC2(C1)CCCC2)CCNCC3Oc4ccccc4OC3
2.845883,O=C(O)CCCCC1SCC2N=C(O)NC21
3.471033,OC(COc1ccc(cc1)COCCOC(C)C)CNC(C)C
2.72855,N=C(O)NC(=N)O
1.296567,Brc1ccc2N=C(O)CN=C(c3ncccc3)c2c1
4.5743,O=C1N2c3cc(OC)c(OC)cc3C45CCN6CC7=CCOC(C1)C(C7CC64)C25
2.338167,O=C(c1c(OC)cc(OC)cc1OC)CCCN2CCCC2
2.215117,O=C(c1cccc(Cl)c1)C(NC(C)(C)C)C
10.1865,O=C(O)CCC
8.992117,NCCCCCN
1.80905,O=C(O)C=Cc1ccc(O)c(O)c1
1.274717,O=C1c2c(ncn2C)N(C(=O)N1C)C
9.420217,O=C(O)C(N)CCONC(=N)N
0.9982833,Oc1ccc(cc1OC)CN=C(O)CCCCC=CC(C)C
1.2127,N=C(O)N1c2ccccc2C=Cc3ccccc31
9.036583,O=C(O)CSCC(N)C(=O)O
7.670467,O=C([O-])CC(O)C[N+](C)(C)C
9.536966,O=C(O)C(N=C(O)CCN)Cc1cnc[nH]1
3.17165,OC(COc1cccc2[nH]c3ccccc3c12)CNCCOc4ccccc4OC
5.607183,O=C(O)C1=C(Cl)CSC2N1C(=O)C2N=C(O)C(N)c3ccccc3
7.981033,O=C(O)C1=C(CSc2cnn[nH]2)CSC3N1C(=O)C3N=C(O)C(N)c4ccc(O)cc4
6.94135,O=C(O)C1=C(C=C)CSC2N1C(=O)C2N=C(O)C(=NO)C3=CSC(=N)N3
7.7911,O=C(O)C1=C(C=C)CSC2N1C(=O)C2N=C(O)C(=NOCC(=O)O)C3=CSC(=N)N3
1.118533,O=C(OC(OC(=O)C1=C(COC)CSC2N1C(=O)C2NC(=O)C(=NOC)C3=CSC(=N)N3)C)OC(C)C
1.184533,O=C(O)CC(O)CC(O)C=Cc1c(nc(c(c1-c2ccc(F)cc2)COC)C(C)C)C(C)C
5.28855,O=C(O)CCc1ccc(OC(=O)C2CCC(CN)CC2)cc1
2.206183,FC(F)(F)c1ccc2c(nc(c3cccn23)N4CCN(C)CC4)c1
1.065483,Clc1ccc2NC(=N)n3nc(nc3-c2c1)-c4occc4
2.92655,Oc1ccc2c3c1OC4c5[nH]c6ccccc6c5CC7(O)C(N(CC(=C)C)CCC347)C2
1.35425,Clc1ccc2=NC(=NC)CN(O)C(c3ccccc3)=c2c1
2.539383,Clc1ccc(cc1)C(c2ncccc2)CCN(C)C
5.22745,OCC[N+](C)(C)C
7.6274,O=C(O)C(N=C(O)C1CC1(C)C)=CCCCCSCC(N)C(=O)O
2.606033,OC(=Nc1ccccc1SCCCN(C)C)C=Cc2ccccc2
9.181167,O=CC=Cc1ccccc1
2.279183,Fc1ccc(OCCCN2CCC(N=C(O)c3cc(Cl)c(N)cc3OC)C(OC)C2)cc1
2.2117,N#Cc1ccc2c(c1)COC2(c3ccc(F)cc3)CCCN(C)C
8.744433,O=C(O)C(N)CCCNC(=N)O
1.947517,Clc1nc(N)c2ncn(c2n1)C3OC(CO)C(O)C3
1.095633,O=C1N(c2ccccc2)c3cc(Cl)ccc3N(C(=O)C1)C
6.13085,Clc1ccc(cc1)CNC(=N)SCCCc2cnc[nH]2
1.783367,Clc1ccc(cc1)NC2=CC3=Nc4ccccc4N(c5ccc(Cl)cc5)C3=CC2=NC(C)C
2.30745,Clc1ccc2c(c1)N(c3ccccc3CC2)CCCN(C)C
2.85225,Clc1cccc(Cl)c1NC2=NCCN2
2.118183,O=C(OC1CC2N(C)C(CC2)C1C(=O)OCC)c3ccccc3
1.137283,O=CC=Cc1ccc(O)c(OC)c1
3.540367,OCC1OC(n2cnc3c(ncnc32)N)C(O)C1
1.300667,O=C1C=C2CCC3C4CCC(O)(C(=O)CO)C4(C)CC(O)C3C2(C)CC1
1.30755,O=C1C=C2CCC3C(C(=O)CC4(C)C3CCC4(O)C(=O)CO)C2(C)CC1
1.146183,O=C1C=C2CCC3C(CCC4(C)C3CCC4(O)C(=O)CO)C2(C)CC1
1.516833,O(c1ccc2c(c1OC)CN3CCc4cc(OC)c(OC)cc4C3C2C)C
1.519633,O=C1N(C)C(c2cnccc2)CC1
1.08065,O=C1Oc2ccccc2C=C1
8.0294,O=C(O)CN(C(=N)N)C
4.832733,N=C1N=C(O)CN1C
0.9669833,O=C(C=CC)N(c1ccccc1C)CC
1.285867,O=C1N2CCCC2C(O)=NC1CC(C)C
5.10005,NC1CCCCC1
2.309133,c1ccc2c(c1)C=Cc3ccccc3C2=C4CCN(C)CC4
9.8493,O=C(O)C(N)CSCCC(N)C(=O)O
8.921717,O=C(O)C(N)CS(=O)(=O)O
5.3146,O=C(O)C(N)CS
9.9699,O=C(O)C(N)CSSCC(N)C(=O)O
6.721567,N=C1N=C(O)N(C=C1)C2OC(CO)C(O)C2O
9.480233,O=P(O)(O)OCC1OC(N2C=CC(=N)N=C2O)C(O)C1O
5.766667,N=C1C=CN=C(O)N1
1.162217,O=C(O)CCC(C)C1CCC2C3C(=O)CC4CC(=O)CCC4(C)C3CC(=O)C12C
9.769167,O=C(O)C(N)CCC(O)CN
4.903017,Clc1ccc2c(c1)CCc3cccnc3C2=C4CCNCC4
1.134033,O=C1C=CC2(C(=C1)CCC3C4CC(C)C(C(=O)CO)C4(C)CC(O)C32F)C
2.5596,Brc1ccc(cc1)C(c2ncccc2)CCN(C)C
3.871017,Oc1ccc2c(c1)C34CCN(C)C(C2)C4CCCC3
1.100617,O=C1N(c2ccc(Cl)cc2C(=NC1)c3ccccc3)C
1.091317,O=S1(=O)NC(=Nc2ccc(Cl)cc21)C
1.0831,O=C(O)Cc1ccccc1Nc2c(Cl)cccc2Cl
1.072283,Oc1ccc(cc1OC)CN=C(O)CCCCCCC(C)C
2.9909,OCC(C)CCNc1nc[nH]c-2ncnc21
1.044317,O=C(OC)c1ccccc1C(=O)OC
1.710033,O=S(C)C
0.9576833,O=C(OCCCCCCCC)c1ccccc1C(=O)OCCCCCCCC
1.411367,N#CC(c1ccccc1)(c2ccccc2)CCN3CCC(C(=O)OCC)(c4ccccc4)CC3
1.01245,O=C1C(c2ccccc2)=C1c3ccccc3
0.9267,S=C(SSC(=S)N(CC)CC)N(CC)CC
3.3802,O=S(=O)(Nc1ccc(OCCN(C)CCc2ccc(cc2)NS(=O)(=O)C)cc1)C
1.902617,O=C(OC1CC2N3CC(=O)C(C2)CC3C1)c4c[nH]c5ccccc54
2.443233,O=C1c2cc(OC)c(OC)cc2CC1CC3CCN(Cc4ccccc4)CC3
6.397217,Oc1ccc(cc1O)CCN
1.639283,O=C1N(CC)CC(CCN2CCOCC2)C1(c3ccccc3)c4ccccc4
2.263433,O1c2ccccc2C(=CCCN(C)C)c3ccccc3C1
6.016984,O=C1c2cccc(OC)c2C(=O)c3c(O)c4c(c(O)c13)CC(O)(C(=O)CO)CC4OC5OC(C)C(O)C(N)C5
2.451517,n1ccccc1C(OCCN(C)C)(c2ccccc2)C
3.477767,O=C(c1ccc(F)cc1)CCCN2CC=C(n3c(O)nc4ccccc43)CC2
2.598367,O(c1cccc2ccccc12)C(c3sccc3)CCNC
2.917283,O=C(c1ccc(cc1)NS(=O)(=O)C)C2CCN(CCc3nc(ccc3)C)CC2
1.015267,O=C1c2ccccc2[Se]N1c3ccccc3
7.521533,O=C(O)C1C(O)CC2N(C)C1CC2
1.904083,c1ccc(cc1)C2(c3ccccc3)C(=CC)N(C)C(C)C2
7.065883,O=C(O)C(NC(C(=O)N1CCCC1C(=O)O)C)CCc2ccccc2
3.312683,O=C(O)C1=CN(c2cc(c(F)cc2C1=O)N3CCN(CC)CC3)C4CC4
10.16848,Oc1cc(O)c2c(OC(c3cc(O)c(O)c(O)c3)C(O)C2)c1
1.190767,Oc1ccc(cc1)C2COc3cc(O)ccc3C2
7.744367,O=C(O)C(Cc1cnc([S-])[nH]1)[N+](C)(C)C
1.060333,N=C(O)CCCCCCCCCCCC=CCCCCCCCC
3.134533,O=C(OC)CCc1ccc(OCC(O)CNC(C)C)cc1
1.347,O=S(c1nc2ccc(OC)cc2[nH]1)Cc3ncc(c(OC)c3C)C
7.149317,OCCN
4.880084,O=C(OCC)CCC
0.98275,O=C(OCC)c1cncn1C(c2ccccc2)C
1.297233,O=C1OCC2C(OC3OC4COC(OC4C(O)C3O)C)c5cc6OCOc6cc5C(c7cc(OC)c(O)c(OC)c7)C12
0.9832333,O=C1C=CC2(C(=C1)C(=C)CC3C2CCC4(C(=O)CCC34)C)C
1.028667,O=C1N(c2ccc(F)cc2)C(c3ccc(O)cc3)C1CCC(O)c4ccc(F)cc4
1.376167,O=C(OCC(COC(=O)C)CCn1cnc2=CNC(=N)N=c21)C
5.593033,O=S(=O)(N)NC(=N)CCSCc1nc(sc1)NC(=N)N
1.19745,N=C(O)OCC(c1ccccc1)COC(=N)O
2.33425,FC(F)(F)c1cccc(c1)CC(NCC)C
5.679883,Clc1c(O)c(O)cc2c1CCNCC2c3ccc(O)cc3
1.01495,O=C(OCC)C(Oc1ccc(Oc2nc3ccc(Cl)cc3o2)cc1)C
1.417817,O=C(O)C=Cc1ccc(O)c(OC)c1
1.172517,OC1=NC2CCC3C(CCC4(C)C(C(O)=NC(C)(C)C)CCC34)C2(C=C1)C
1.158467,O=C(c1ccc(F)cc1)c2ccc3nc(N=C(O)OC)[nH]c3c2
1.07695,O=C(OCC)c1ncn2-c3ccc(F)cc3C(=O)N(C)Cc12
1.045217,O=C1N(c2ccc(cc2C(=NC1)c3ccccc3F)N(=O)=O)C
6.66255,c1ccc2c(c1)-c3ccccc3C2
2.299833,Fc1ccc2c(N=C(c3ccccc3C2)N4CCN(C)CC4)c1
2.74225,FC(F)(F)c1ccc2Sc3ccccc3N(c2c1)CCCN4CCN(CCO)CC4
2.40725,O=C1N(c2ccc(Cl)cc2C(=NC1)c3ccccc3F)CCN(CC)CC
2.930917,FC(F)(F)c1ccc(cc1)C(=NOCCN)CCCCOC
7.916283,O=CN1C=2C(O)=NC(=N)NC2NCC1CNc3ccc(cc3)C(=O)NC(C(=O)O)CCC(=O)O
1.181983,O=C1C(=COc2cc(O)ccc21)c3ccc(OC)cc3
5.1829,OC=Nc1cc(ccc1O)C(O)CNC(C)Cc2ccc(OC)cc2
1.067,O=C(OC1CC(O)(C(=C=CC(=CC=CC(=CC=CC=C(C=CC=C(C(=O)CC23OC3(C)CC(O)CC2(C)C)C)C)C)C)C(C)(C)C1)C)C
3.447183,O=C(OCC)c1ccc(OC(=O)CCCCCNC(=N)N)cc1
8.4226,OCC1OC(O)C(N)C(O)C1O
4.6172,OC1C=CC23c4c(OC2C1)c(OC)ccc4CN(C)CC3
7.673567,O=C(O)CCCN
8.981033,O=C(O)C(N=C(O)CCC(N)C(=O)O)CS
9.5454,O=C(O)C(N=C(O)CCC(N)C(=O)O)CCC(=N)O
8.013117,O=C(O)C(N=C(O)CCC(N)C(=O)O)CC(C)C
8.428166,O=C(O)C(N=C(O)CCC(N)C(=O)O)CCSC
8.520133,O=C(O)C(N=C(O)CCC(N)C(=O)O)Cc1ccc(O)cc1
1.304,O=C(O)C=C(C)CCC=C(C)C
1.049783,O=C1C(=C(C)CN1C(O)=NCCc2ccc(cc2)S(=O)(=O)NC(O)=NC3CCC(C)CC3)CC
9.544333,O=C(O)CCC(N)C(O)=NC(C(=O)O)CCC(=N)O
9.069067,O=C(O)CCC(N)C(O)=NC(C(=O)O)C(O)C
7.658216,O=C(O)CCC(N)C(O)=NC(C(O)=NC(C(=O)O)Cc1ccccc1)C(C)C
8.02405,O=C1OC(CO)C(O)C(O)C1O
10.06347,O=P(O)(O)OCC1OC(O)C(N)C(O)C1O
9.6081,O=P(O)(O)OC1OC(CO)C(O)C(O)C1O
9.858417,O=P(O)(O)OCC1OC(O)C(O)C(O)C1O
8.718066,O=C(O)CCC(N)C(=O)O
8.520683,O=C(O)C(N)CCC(=N)O
10.16848,O=C(O)CN=C(O)C(N=C(O)CCC(N)C(=O)O)CSSCC(N=C(O)CCC(N)C(=O)O)C(O)=NCC(=O)O
8.984417,O=C(O)CN=C(O)C(N=C(O)CCC(N)C(=O)O)CS
9.181167,O=C(O)CN=C(O)CN=C(O)CN
7.667517,O=C(O)C(N=C(O)CN)C(C)CC
7.606033,O=C(O)C(N=C(O)CN)CC(C)C
8.51715,O=C(O)CCCCCCC(=O)O
7.893784,O=C(O)C(N=C(O)C(N=C(O)CN)Cc1ccc(O)cc1)C
8.070983,O=C(O)C(N=C(O)CN)Cc1ccc(O)cc1
7.905433,O=C(O)C(N=C(O)CN)C(C)C
8.331966,O=C(O)CN
1.318183,O=C1C(=COc2cc(O)c(OC)cc12)c3ccc(O)cc3
2.5567,O=C(OC)N1CCN(C(=O)Cc2ccc(Cl)c(Cl)c2)C(C1)CN3CCCC3
4.1201,O=C(NC1CC2N(C)C(CCC2)C1)c3nn(c4ccccc34)C
8.162017,O=C(O)CNC(=N)N
6.403183,N=C1N=C(O)c2nc[nH]c2N1
8.390017,O=P1(O)OCC2OC(n3cnc4C(O)=NC(=N)Nc43)C(O)C2O1
7.252733,N=C1N=C(O)c2ncn(c2N1)C3OC(CO)C(O)C3O
1.12175,O=C1C=C2C(F)CC3C4CC(C)C(O)(C(=O)CO)C4(C)CC(O)C3(F)C2(C=C1Cl)C
2.305067,O=C(c1ccc(F)cc1)CCCN2CCC(O)(c3ccc(Cl)cc3)CC2
1.5038,OC(=NCCCCCCN=C(O)C)C
4.887733,O=C(O)CCCCC
5.301167,O=C(Nc1ccc(cc1)C(F)(F)F)CCCCC(NCCc2cnc[nH]2)C
8.2223,n1c[nH]c(c1)CCN
9.408967,O=C(O)C(N)Cc1cnc[nH]1
9.337383,O=C(O)C(N)CCCCNC(=N)N
9.582867,O=C(O)C(N)CCS
9.580167,O=C(O)C(N)CCSSCCC(N)C(=O)O
3.238883,O=C(OC)CC(O)(C(=O)OC1C(OC)=CC23N(CCc4cc5OCOc5cc4C12)CCC3)CCCC(O)(C)C
8.29375,O=C(O)C(N)CCO
4.784266,O(c1ccc(cc1OC)CCN)C
5.74135,Oc1nc2c(cc1)C3(N)C(=CC)C(C=C(C)C3)C2
8.706433,O=C(O)CCc1ccccc1
5.22465,O=C1CCC2C3N(C)CCC42c5c(OC14)c(O)ccc5C3
8.143884,O=C(O)C1NCC(O)C1
5.576283,O=C1C(OC2OC(CO)C(O)C(O)C2O)=C(Oc3cc(O)cc(O)c13)c4ccc(O)c(O)c4
4.834983,Oc1ncnc2[nH]cnc12
4.7361,O=C1C(OC2OC(C)C(O)C(O)C2O)=C(Oc3c1c(O)cc(OC4OC(CO)C(O)C(O)C4O)c3CC=C(C)C)c5ccc(OC)cc5
5.421433,O=C1c2ccccc2C(=O)c3c(O)c4c(c(O)c13)CC(O)(C(=O)C)CC4OC5OC(C)C(O)C(N)C5
0.9637667,O=C1C(OC)=C(OC)C(=O)C(=C1C)CCCCCCCCCCO
3.174617,Oc1ccc(cc1)C(O)C(N2CCC(Cc3ccccc3)CC2)C
5.362683,O=C(Nc1ccc(c(c1)Nc2nccc(n2)-c3cnccc3)C)c4ccc(cc4)CN5CCN(C)CC5
4.5255,n1cc[nH]c1
1.067817,O=C1c2ccccc2NC1=C3C(O)=Nc4ccccc43
2.883183,Clc1ccc(cc1Cl)C2c3ccccc3C(NC)C2
2.174467,OC(=NC1c2ccccc2CC1O)C(Cc3ccccc3)CC(O)CN4CCN(Cc5cnccc5)CC4C(O)=NC(C)(C)C
1.3619,N=C(O)Cc1c[nH]c2ccccc21
1.242983,OCc1c[nH]c2ccccc21
1.1616,O=Cc1c[nH]c2ccccc12
1.406,O=C(O)c1c[nH]c2ccccc21
5.1079,O=C(O)C(=O)Cc1c[nH]c2ccccc21
2.254533,O=C(O)C(O)Cc1c[nH]c2ccccc21
1.0809,O=C(O)Cc1c2cc(OC)ccc2n(C(=O)c3ccc(Cl)cc3)c1C
9.1545,O=P(O)(O)OCC1OC(n2cnc3c(O)ncnc32)C(O)C1O
6.193833,Oc1ncnc2c1ncn2C3OC(CO)C(O)C3O
3.326167,N=C1C2=C(NC3=C1CCCC3)CCC2
0.93655,O=C1C(=COc2cc(OC(C)C)ccc21)c3ccccc3
1.1638,O=C1N(C(=NC12CCCC2)CCCC)Cc3ccc(cc3)-c4ccccc4-c5nn[nH]n5
5.03375,O=C(Oc1ccc2nc3C4=CC5=C(C(=O)N4Cc3c(c2c1)CC)COC(=O)C5(O)CC)N6CCC(N7CCCCC7)CC6
1.25145,Clc1ccc(Cl)c(c1)C2=NC(=N)NC(=N)N2
5.035767,NCC(C)C
1.77315,O=C(O)C(C)C
7.178067,O=C(O)C(N)C(C)CC
1.80725,n1cnc2-c1[nH]cnc2NCC=C(C)C
6.017517,O=C1C(OC2OC(COC3OC(C)C(O)C(O)C3O)C(O)C(O)C2O)=C(Oc4cc(O)cc(O)c14)c5ccc(O)c(OC)c5
6.410333,N=C1N=C(O)c2ncc(O)nc2N1
0.94775,O=C(OC)C1=C(NC(=C(C(=O)OC(C)C)C1c2cccc3nonc32)C)C
3.652467,OC(=NCc1ccc(OCCN(C)C)cc1)c2ccc(OC)c(OC)c2
0.9723833,O=C1N(N=CN1c2ccc(cc2)N3CCN(c4ccc(OCC5OC(OC5)(c6ccc(Cl)cc6Cl)Cn7ncnc7)cc4)CC3)C(C)CC
6.0918,O=C1C(OC2OC(COC3OC(C)C(O)C(O)C3O)C(O)C(O)C2O)=C(Oc4cc(O)cc(O)c14)c5ccc(O)cc5
1.39965,O=C1C(O)=C(Oc2cc(O)cc(O)c12)c3ccc(O)cc3
1.733767,O=C(N1CCN(c2ccc(OCC3OC(OC3)(c4ccc(Cl)cc4Cl)Cn5cncc5)cc2)CC1)C
2.712133,O=C1c2sccc2C(c3ccccc3C1)=C4CCN(C)CC4
6.145667,O=C(O)C1=CC(=O)c2ccccc2N1
6.867717,O=C(O)C(N)CC(=O)c1ccccc1N
5.248917,O=S(=O)(Nc1ccc(cc1)Cc2noc(n2)-c3ccc4[nH]cc(c4c3)CCN)C
0.9447167,O=C(OC(C)(C)C)C=Cc1ccccc1C2C(C(=O)OCC)=C(NC(=C2C(=O)OCC)C)C
1.742483,N=C(O)C(O)C
8.9943,OCC(O)C(O)C(OC1OC(CO)C(O)C(O)C1O)C(O)CO
3.404317,N=C1N=C(O)N(C=C1)C2OC(SC2)CO
1.980067,Clc1cccc(c1Cl)C=2N=NC(=N)NC2N
4.3705,O=S(=O)(N)c1ccc(OC)c(c1)C(O)=NCC2N(CC)CCC2
1.9711,OC(=Nc1c(cccc1C)C)CN(CC)CC
0.9688166,OC(C=C)(C)CCC=C(C)C
1.147633,O=C1OC(CN=C(O)C)CN1c2ccc(c(F)c2)N3CCOCC3
1.171583,O=C1N(c2ccccc2)c3ccccc3C1(Cc4ccncc4)Cc5ccncc5
1.25095,N=C(O)CCCCC1SSCC1
1.302567,O=C1c2ccc(O)cc2OC(c3ccc(O)cc3)C1
2.021217,O=C(c1ccccc1)CC2N(C)C(CCC2)CC(O)c3ccccc3
1.91475,O=C(c1ccc(Cl)cc1)CN(C)CCCN2c3ccccc3CCc4ccccc42
2.649617,Clc1cccc(Cl)c1OC(C2=NCCN2)C
1.69595,Fc1ccc(cc1)C(c2ccc(F)cc2)N3CCN(Cc4ccc(OC)c(OC)c4OC)CC3
1.088133,O=C1c2c(ncn2CCCCC(=O)C)N(C(=O)N1C)C
1.111233,O=C(OCC)N1CCC(=C2c3ncccc3CCc4cc(Cl)ccc42)CC1
1.334367,Clc1ccc2N=C(O)C(O)N=C(c3ccccc3Cl)c2c1
1.270933,Clc1nc(n(c1CO)Cc2ccc(cc2)-c3ccccc3-c4nn[nH]n4)CCCC
0.9748167,O=C(OCC)OC1(C(=O)OCCl)CCC2C3CCC4=CC(=O)C=CC4(C)C3C(O)CC21C
2.17945,Clc1ccc2Oc3ccccc3N=C(c2c1)N4CCN(C)CC4
1.090783,O=C(O)C(c1ccc(cc1)CC2C(=O)CCC2)C
2.486233,Oc1nc(O)c2nccnc2n1
9.542483,O=C(O)C(N)CCCCN
1.32285,O=C1C=COC(=C1O)C
8.753734,OCC1OC(OC2C(O)C(O)C(O)OC2CO)C(O)C(O)C1O
2.657817,c1ccc2c(c1)C3c4ccccc4C2(CCCNC)CC3
4.283867,O=C(O)C1N2C(=O)C(N=CN3CCCCCC3)C2SC1(C)C
1.008117,O=C1C=C2C(C)CC3C(CCC4(C)C3CCC4(O)C(=O)C)C2(C)CC1
0.9597833,O=C(OC1(C(=O)C)CCC2C3C=C(C4=CC(=O)CCC4(C)C3CCC21C)C)C
1.2388,OC(=NCCc1c[nH]c2ccc(OC)cc21)C
2.121433,O=C(c1ccc(F)cc1)CCCN2CCC(C)CC2
1.0295,n1c(nc(cc1OC)C)-n2nc(cc2OC)C
2.960383,OC(=Nc1c(cccc1C)C)C2N(C)CCCC2
1.250217,N=C(O)OCC(C)(COC(=N)O)CCC
4.242233,O=S(c1ccc2Sc3ccccc3N(c2c1)CCC4N(C)CCCC4)C
5.442533,N=C(N)NC(=N)N(C)C
1.996917,O=C(CC)C(c1ccccc1)(c2ccccc2)CC(N(C)C)C
1.095633,O=C1c2ccccc2N=C(N1c3ccccc3C)C
7.372667,O=C(O)C(N)CCSC
8.493234,O=C(O)C(N)CCS(=O)C
6.899066,O=C1N=C(O)C(C(=O)N1C)(CC=C)C(C#CCC)C
7.67,O=C(O)CCC(NC(=O)c1ccc(cc1)N(C)Cc2nc=3c(nc2)=NC(=N)NC3N)C(=O)O
5.047534,OC(c1cc(OC)ccc1OC)C(N)C
1.039633,O=C(OC)CC1CCC(=O)C1CC=CCC
6.2185,O=C(O)C(C)C(O)C
5.2884,O=C(OC)CN
1.0379,O=C1C=C2CCC3C(CCC4(C)C3CCC4(O)C)C2(C)CC1
1.18245,O=C1C(C)CN=C(O)C1(CC)CC
1.170383,O=N(=O)c1cnc(n1CCO)C
0.9884334,O=C1OC(CCC2C(C=CC3=CCCC(OC(=O)C(C)CC)C32)C)CC(O)C1
1.290267,Fc1ccccc1C2=NCc3cnc(n3-c4ccc(Cl)cc24)C
0.99725,O=C1C=C2C(=C3C(c4ccc(cc4)N(C)C)CC5(C)C(CCC5(O)C#CC)C3CC2)CC1
8.120617,OCCN1CC(O)C(O)C(O)C1CO
3.233483,O=C(N(CC)CC)C1(c2ccccc2)CC1CN
1.6009,N#Cc1cc(-c2ccncc2)c(nc1O)C
3.075467,n1cccc2c1N3CCN(C)CC3c4ccccc4C2
0.9646667,O=C(O)C(C)(C)Cc1c(SC(C)(C)C)c2cc(ccc2n1Cc3ccc(Cl)cc3)C(C)C
2.027733,O=C(NCCN1CCOCC1)c2ccc(Cl)cc2
1.266,O=S(CC(=N)O)C(c1ccccc1)c2ccccc2
1.24115,Fc1ccc(cc1)CN2CCOC(CN=C(O)c3cc(Cl)c(N)cc3OCC)C2
4.690333,O=C(O)C1=CN(c2c(OC)c(c(F)cc2C1=O)N3CC4NCCCC4C3)C5CC5
3.280767,Clc1nc(nc(OC)c1NC2=NCCN2)C
8.2824,O=C(O)C(OC1C(O)C(OC(O)C1N)CO)C
2.6892,O=C1C(O)=C(Oc2cc(O)cc(O)c12)c3cc(O)c(O)c(O)c3
8.916417,O=C(O)C(N)CCCNC(=N)N(C)C
1.2877,O=CN(C)C
4.00735,O=C(O)CNC(=O)c1occc1
4.744117,OC(=Nc1ccc2-c3ccccc3Cc2c1)C
3.476617,OCC1OC(n2cnc3c(ncnc32)NC4CCCC4O)C(O)C1O
5.0816,O=C(O)C(N=C(O)C)C
8.108533,O=C(O)CCC(N=C(O)C(N=C(O)C)CC(=O)O)C(=O)O
2.296383,O=C(N1C(=O)CCCCC1)C
5.280684,O=C(O)C(N=C(O)C)CS
4.985567,O=C1N=C(N=C(O)C)C=CN1C2OC(CO)C(O)C2O
7.063833,OC(=NC1C(O)OC(CO)C(O)C1O)C
7.674933,O=C(O)CCC(N=C(O)C)C(=O)O
8.072066,O=C(O)C(N=C(O)C)Cc1cnc[nH]1
2.291933,O=C(O)C(N=C(O)C)CC(C)C
3.303783,O=C(O)C(N=C(O)C)CCSC
9.25755,O=C(O)C1(O)OC(C(O)C(O)CO)C(N=C(O)C)C(O)C1
2.71015,O=C(O)C(N=C(O)C)Cc1ccccc1
7.669567,O=C(O)C(N=C(O)C)CO
1.512233,Oc1ccc2[nH]cc(c2c1)CCN=C(O)C
2.856333,O=C(O)C(N=C(O)C)Cc1c[nH]c2ccccc21
7.4783,n1c[nH]c(c1)CCNC
7.668467,O=C(O)CN=C(O)OCc1ccccc1
1.27515,O=C(O)C(N=C(O)OCc1ccccc1)CC(C)C
2.948733,O=C(O)CN=C(O)C=Cc1ccccc1
1.163733,N#CN=C(Nc1cnccc1)NC(C)(C)CC
1.202833,OC=NC1CCCCC1
8.026816,O=C(O)C(N)CCCCN=C(O)C
3.9653,O=C(O)C(N=CO)CCSC
1.315217,O=C(c1cc(OC)ccc1N=CO)CCN=C(O)C
3.60405,O=C(O)CN=C(O)C(C)C
2.940067,O=C(O)CN=C(O)CC(C)C
7.67205,O=C(O)C(NC)C
1.058317,c1ccc(cc1)NC
1.221233,O=C(O)c1ccccc1NC
2.52595,O=C(O)CC(NC)C(=O)O
8.31985,O=C(O)CCC(NC)C(=O)O
9.232767,O=C(O)C(NC)Cc1cnc[nH]1
6.441333,O=C(O)C(NC)C(C)CC
6.3301,O=C(O)C(NC)CC(C)C
9.169633,O=C(O)C(N)CCCCNC
2.199933,Fc1ccc(cc1)C2CCN(C)CC2COc3ccc4OCOc4c3
6.2185,O=C(O)C(NC)Cc1ccccc1
7.112566,O=C(O)C1N(C)CCC1
8.026816,O=C(O)C(NC)CO
7.6803,O=C(O)C(NC)C(O)C
7.076783,O=C(O)C(NC)Cc1ccc(O)cc1
6.9942,O=C(O)C(NC)C(C)C
5.997283,OC(=NCCc1cnc[nH]1)C
5.51445,Oc1nc(nc2c1ncn2C3OC(CO)C(O)C3O)N(C)C
6.401233,OC1=NC(=NC)Nc2c1ncn2C3OC(CO)C(O)C3O
1.476433,OCC1OC(n2cnc3c(ncnc32)NCC=C(C)C)C(O)C1O
8.8679,OC(=NCCCCNCCCN)C
2.046917,N#Cc1cc(C(O)=NCC2N(CCCC)CCC2)c(OC)c3ccccc13
1.993833,OC(COc1cccc2ccccc12)CN3CCN(c4ccccc4OC)CC3
5.245,Oc1ccc2c3c1OC4C(O)CCC5(O)C(N(CCC345)CC6CCC6)C2
4.4528,Oc1ccc2c3c1OC4c5[nH]c6ccccc6c5CC7(O)C(N(CCC347)CC8CC8)C2
1.055417,O=C1C=C2CCC3C(CCC4(C)C(O)CCC34)C2CC1
5.61205,O=C1c2c(O)cc(OC3OC(CO)C(O)C(O)C3OC4OC(C)C(O)C(O)C4O)cc2OC(c5ccc(O)cc5)C1
1.30095,O=C(O)C(N=C(O)C1CCC(CC1)C(C)C)Cc2ccccc2
1.883017,O=C1N(N=C(N1CCOc2ccccc2)CC)CCCN3CCN(c4cccc(Cl)c4)CC3
1.554067,OC(=NC(CSc1ccccc1)C(O)CN2CC3CCCCC3CC2C(O)=NC(C)(C)C)c4cccc(O)c4C
0.9925666,O=C(OCC=C(C)CCC=C(C)C)C
1.689783,O=C(NNCCC(O)=NCc1ccccc1)c2ccncc2
1.113117,O=N(=O)OCCN=C(O)c1cnccc1
1.75615,N=C(O)c1cnccc1
5.338833,n1cccc(c1)C2N(C)CCC2
4.007216,O=C(O)c1cnccc1
7.080867,O=C(O)CN=C(O)c1cnccc1
1.0249,O=C(OC)C1=C(NC(=C(C(=O)OC)C1c2ccccc2N(=O)=O)C)C
3.209533,O=C1C=C(NCCN(CCO)CCCc2ccc(cc2)N(=O)=O)N(C(=O)N1C)C
0.98495,O=C1N(c2ccc(cc2C(=NC1)c3ccccc3)N(=O)=O)C
0.9435833,O=C(OCCOC)C1=C(NC(=C(C(=O)OC(C)C)C1c2cccc(c2)N(=O)=O)C)C
1.0033,O=C(Oc1ccccc1C(O)=Nc2ncc(s2)N(=O)=O)C
1.196967,O=N(=O)c1ccc2N=C(O)CN=C(c3ccccc3)c2c1
4.645884,O=N(=O)C=C(NC)NCCSCc1nc(sc1)CN(C)C
1.00395,O=C1C=C(Oc2c(OC)c(OC)c(OC)c(OC)c12)c3ccc(OC)c(OC)c3
6.990033,O=C(O)C(N)CCCC
5.984066,n1cccc(c1)C2NCCC2
4.885833,O=C(O)C(N)CCC
1.314617,O=C1OC(c2ccc(OC)c(OC)c12)C3c4c(OC)c5OCOc5cc4CCN3C
7.669384,O=C(O)C(N)COC(=O)C
9.23015,O=P(O)(O)OCCN
9.852417,O=C(O)C(N)COP(=O)(O)O
9.743,O=C(O)C(N)C(OP(=O)(O)O)C
8.059733,O=C(O)CCC(=O)OCCC(N)C(=O)O
1.23765,O=C(O)CCCCCCCCCCCCCCCCC(=O)O
10.27655,O=C(O)C(NC(C(=O)O)CCCNC(=N)N)C
4.555683,N1=c2sc(cc2=C(Nc3ccccc13)N4CCN(C)CC4)C
4.757867,O=C(O)c1c(nc(n1Cc2ccc(cc2)-c3ccccc3-c4nn[nH]n4)CCC)C(O)(C)C
4.410867,O=C(O)Cc1ccc2OCc3ccccc3C(=CCCN(C)C)c2c1
2.828517,O=C1c2c3ccccc3n(c2CCC1Cn4ccnc4C)C
0.8926666,O=C(OC(CCCCCCCCCCC)CC1OC(=O)C1CCCCCC)C(N=CO)CC(C)C
4.187817,N=C1NC=C(C(=N)N1)Cc2cc(OC)c(OC)cc2C
1.07635,O=N(=O)c1cnc(n1CC(O)CCl)C
9.597834,O=C(O)C(N)CCCN
2.5244,O=S(=O)(O)c1ccccc1N
2.940283,O=C(N1c2ncccc2N=C(O)c3ccccc31)CN4CCCCC4CN(CC)CC
1.1132,O=C(O)CCc1nc(-c2ccccc2)c(o1)-c3ccccc3
1.367483,Clc1ccc2N=C(O)C(O)N=C(c3ccccc3)c2c1
1.076117,Clc1ccc(c(Cl)c1)C(=NOCc2ccc(Cl)cc2Cl)Cn3cncc3
4.580867,O=C1CCC2(O)C3N(C)CCC42c5c(OC14)c(OC)ccc5C3
5.504167,O=C1CCC2(O)C3N(C)CCC42c5c(OC14)c(O)ccc5C3
2.005433,O=C(OCC[N+](C)(CC)CC)C(O)(c1ccccc1)C2CCCCC2
6.164516,O=C1C(C(=N)O)=C(O)C2(O)C(=O)C3=C(O)c4c(O)cccc4C(O)(C)C3C(O)C2C1N(C)C
2.993367,O=C(O)C=Cc1ccc(cc1)Cn2cncc2
1.02415,N(=Nc1ccc(cc1)N(C)C)c2ccccc2
1.29935,O=C(O)c1ccc(OC)cc1
4.0518,O=C1c2cccc3c2C(CN1C4CN5CCC4CC5)CCC3
1.210517,O=S(c1nc2ccc(OC(F)F)cc2[nH]1)Cc3nccc(OC)c3OC
3.501633,O=C(O)CCN=C(O)C(O)C(C)(C)CO
1.541833,n1ccc2cc(OC)c(OC)cc2c1Cc3ccc(OC)c(OC)c3
1.021317,O=N(=O)c1ccc(OP(=O)(OCC)OCC)cc1
0.98275,O=S(=O)(N=C(O)CC)c1ccc(cc1)-c2c(noc2C)-c3ccccc3
3.0846,Fc1ccc(cc1)C2CCNCC2COc3ccc4OCOc4c3
2.489133,O=C(O)C1=CN2c3c(OCC2C)c(c(F)cc3C1=O)C4(N)CC4
0.9409333,O=C(c1cccc(c1)C(F)(F)F)c2c(sc(c2C)C)N
3.648267,O=C(O)C1=CN(c2cc(c(F)cc2C1=O)N3CCN(C)CC3)CC
1.389683,N=C1N=C(O)C(O1)c2ccccc2
6.714483,N=C1N=C(O)c2ncn(c2N1)CCC(CO)CO
1.09295,O=C1c2c(ncn2C)N(C(=O)N1CCCCC(=O)C)C
2.4101,S(C)CC1CN(CCC)C2Cc3c[nH]c4cccc(c43)C2C1
2.138833,O=C1N(C(=O)C2CCCCC12)CCCCN3CCN(c4nsc5ccccc54)CC3
2.5162,O1CCN(C)C(C)C1c2ccccc2
4.446517,NNCCc1ccccc1
1.021767,O=C(OCCc1ccccc1)C
4.868883,NCCc1ccccc1
5.395233,O=CCc1ccccc1
5.981383,O=C(O)C(N=C(O)Cc1ccccc1)CCC(=N)O
2.879133,O=C(O)CN=C(O)Cc1ccccc1
6.864067,O=C(O)C(N)Cc1ccccc1
5.506067,OC(c1ccccc1)CN
7.051167,O=P(O)(O)Oc1ccccc1
5.294683,OC(c1ccccc1)C(N)C
1.504883,O=C(c1c(O)cc(O)cc1O)CCc2ccc(O)cc2
1.344817,O=C(c1ccccc1)c2c(O)cc(O)cc2O
1.147783,Oc1cc(O)cc(O)c1
9.190617,O=P(O)(O)OCC[N+](C)(C)C
9.05005,O=C(O)C(OP(=O)(O)O)=C
9.72955,O=C(O)CP(=O)(O)O
9.721867,O=C(O)C(N)Cc1ccc(OP(=O)(O)O)cc1
1.153717,O=C(O)c1ccccc1C(=O)O
3.1704,OC(=NC)Oc1ccc2c(c1)C3(C)CCN(C)C3N2C
5.178367,OCC(N)C(O)C(O)CCCCCCCCCCCCCC
1.214517,O=C1OC2C3OC(=O)C45OC5CC(O)(C1C2C(O)(C)C)C34C
7.30295,O=C(O)C1N(C(=O)C2N=C(O)CC2)CSC1
2.2283,O=C1OCC(Cc2cncn2C)C1CC
1.487183,N#CN=C(N=C1C=CNC=C1)NC(C)C(C)(C)C
1.113417,O=C1N=C(O)C(S1)Cc2ccc(OCCc3ncc(cc3)CC)cc2
7.669567,O=C(O)C1NCCCC1
1.095333,O=C(C=CC=Cc1ccc2OCOc2c1)N3CCCCC3
3.501117,O=C1C(=C(N=C2C=CC=CN12)C)CCN3CCC(C(=O)c4ccc(F)cc4)CC3
1.01845,O=S1(=O)c2ccccc2C(O)=C(C(O)=Nc3ncccc3)N1C
1.360333,O=C(O)CC(O)CC(O)C=Cc1c(nc2ccccc2c1-c3ccc(F)cc3)C4CC4
2.334633,s1ccc2c1CCc3ccccc3C2=C4CCN(C)CC4
5.698483,N=C1SC2=C(N1)CCC(NCCC)C2
1.0742,O=C1N(c2ccc(Cl)cc2C(=NC1)c3ccccc3)CC4CC4
3.745483,O=C(c1occc1)N2CCN(C3=Nc4cc(OC)c(OC)cc4C(=N)N3)CC2
2.557667,Clc1ccc2Sc3ccccc3N(c2c1)CCCN4CCN(C)CC4
0.96805,O=C1C=C2CCC3C(CCC4(C)C(C(=O)C)CCC34)C2(C)CC1
8.528116,O=C(O)C1N(C(=O)C2NCCC2)CC(O)C1
7.67205,O=C(O)C1NCCC1
1.079283,Clc1ccc(N=C(O)CC)cc1Cl
6.556133,O=C([O-])CC(OC(=O)CC)C[N+](C)(C)C
2.006683,O=C(OC(c1ccccc1)(Cc2ccccc2)C(C)CN(C)C)CC
0.9815,Oc1ccc(cc1)C=Cc2cc(OC)cc(OC)c2
2.444633,n1cnc2[nH]cnc2c1
9.204683,NCCCCN
1.019867,O=C(OCC)COc1cc(c(F)cc1Cl)-c2nn(c(OC(F)F)c2Cl)C
6.634367,n1ccccc1
7.7044,O=Cc1c(O)c(ncc1COP(=O)(O)O)C
7.988317,Oc1c(ncc(c1CN)CO)C
3.7783,Oc1c(ncc(c1CO)CO)C
8.7083,O=C(O)C1N=C(O)CC1
2.535583,OCCOCCN1CCN(C2=Nc3ccccc3Sc4ccccc42)CC1
2.156667,O=C(O)c1ncccc1C(=O)O
2.441183,O=S(c1nc2ccccc2[nH]1)Cc3nccc(OCCCOC)c3C
0.9464333,O=C(OCc1ccccc1)CN=C(O)C(CSC(=O)C)Cc2ccccc2
2.108867,Clc1cc(Cl)c(OC)c(C(O)=NCC2N(CC)CCC2)c1O
7.351783,O=C(O)CCC(NC(=O)c1sc(cc1)N(C)Cc2ccc3nc(nc(O)c3c2)C)C(=O)O
1.401933,O=C(O)C1N(C(=O)C(NC(C(=O)OCC)CCc2ccccc2)C)C3CCCC3C1
5.181,O=N(=O)C=C(NC)NCCSCc1oc(cc1)CN(C)C
2.7898,OC(=Nc1c(cccc1C)C)CN2CCN(CC2)CC(O)COc3ccccc3OC
4.410767,OC(=NC(c1ccccc1)(C)Cc2ccccc2)CN
1.008483,O=C(O)c1ccc(cc1OCC)CC(O)=NC(c2ccccc2N3CCCCC3)CC(C)C
1.414983,Oc1ccc(cc1)C=Cc2cc(O)cc(O)c2
1.11095,O=C(O)C=C(C=CC=C(C=CC1=C(C)CCCC1(C)C)C)C
5.995117,O=C1N=C(O)C2=Nc3cc(c(cc3N(C2=N1)CC(O)C(O)C(O)CO)C)C
1.030467,FC(F)(F)Oc1ccc2NC(=N)Sc2c1
2.87315,c1ccc2c(c1)c3ccccc3n2CCCN4CC(NC(C)C4)C
3.5227,O=C1C(=C(N=C2N1CCCC2)C)CCN3CCC(c4noc5cc(F)ccc54)CC3
1.154467,OC(=NC(Cc1ccccc1)C(O)CC(N=C(O)C(N=C(O)N(C)Cc2nc(sc2)C(C)C)C(C)C)Cc3ccccc3)OCc4scnc4
5.111017,n1cnn(c1)Cc2ccc3[nH]cc(c3c2)CCN(C)C
1.11655,OC1=NCC(c2ccc(OC)c(OC3CCCC3)c2)C1
2.417117,OC(=Nc1c(cccc1C)C)C2N(CCC)CCCC2
1.236767,O=C1N=C(O)C(S1)Cc2ccc(OCCN(c3ncccc3)C)cc2
3.006217,O=C(OCC(O)=NCCCOc1cccc(c1)CN2CCCCC2)C
4.61065,O(c1ccc2[nH]cc(c2c1)C3=CCNCC3)C
4.653934,O=C(O)C1=CN2c3c(SCC2)c(c(F)cc3C1=O)N4CCN(C)CC4
6.60405,O=C1C(OC2OC(COC3OC(C)C(O)C(O)C3O)C(O)C(O)C2O)=C(Oc4cc(O)cc(O)c14)c5ccc(O)c(O)c5
8.703083,O=C(O)C(N)CCSCC1OC(n2cnc3c(ncnc32)N)C(O)C1O
9.699083,O=C([O-])C(N)CC[S+](C)CC1OC(n2cnc3c(ncnc32)N)C(O)C1O
4.74815,Oc1ccc(cc1CO)C(O)CNCCCCCCOCCCCc2ccccc2
2.851017,O=C(NC(C(O)=NC(Cc1ccccc1)C(O)CN2CC3CCCCC3CC2C(O)=NC(C)(C)C)CC(=N)O)c4nc5ccccc5cc4
7.822667,O=C(O)CNC
5.113383,Oc1cccc(c1)C23Cc4nc5ccccc5cc4CC3CN(C)CC2
3.74825,O=C(OC1CC2N(C)C(C1)C3OC32)C(c4ccccc4)CO
1.160367,O=C1Oc2cc(O)c(OC)cc2C=C1
1.1193,O=N(=O)c1cnc(n1CC(O)C)C
1.478767,C#CCN(C)C(C)Cc1ccccc1
8.64635,O=C(O)C(N)CO
2.671083,Clc1ccc(cc1Cl)C2c3ccccc3C(NC)CC2
1.8571,Clc1ccc(cc1)C2(CCC2)C(N(C)C)CC(C)C
1.407217,O=C(O)C=Cc1cc(OC)c(O)c(OC)c1
2.914967,Brc1cc2c(cc1O)C(c3ccccc3)CN(C)CC2
9.748966,O=P(O)(O)OCC(O)C(O)C(O)C(O)CO
4.87385,O=S(=O)(Nc1ccc(cc1)C(O)CNC(C)C)C
7.243866,NCCCNCCCCNCCCN
4.847784,Clc1nc(ccc1)N2CCC(N)CC2
1.194733,OC1(C)CCC2C3CCC4Cc5n[nH]cc5CC4(C)C3CCC21C
1.615067,O=C1N=C(O)C(=CN1C2OC(C=C2)CO)C
8.74415,C=Cc1ccccc1
4.307233,O=S(=O)(NC)Cc1ccc2[nH]cc(c2c1)CCN(C)C
5.672067,Oc1ccc(cc1)C(O)CNC
3.86265,N=C1c2ccccc2NC3=C1CCCC3
1.1903,O=C1N2C(c3ccc4OCOc4c3)c5[nH]c6ccccc6c5CC2C(=O)N(C)C1
9.118834,O=C(O)C(N)CCCNC(=N)NC
7.673584,O=S(=O)(O)CCN
6.1221,O=S(=O)(O)CCN=C(O)CCC(C)C1CCC2C3C(O)CC4CC(O)CCC4(C)C3CC(O)C12C
2.837233,N=C(NNC=C1C=Nc2ccc(OC)cc21)NCCCCC
1.250633,O=C(O)c1ccccc1-c2ccc(cc2)Cn3c4cc(cc(c4nc3CCC)C)-c5nc6ccccc6n5C
1.153517,O=C1N(c2ccc(Cl)cc2C(=NC1O)c3ccccc3)C
1.334433,O=C(N)c1ncn2C(=O)N(N=Nc12)C
4.660984,O=C(N1CCN(C2=Nc3cc(OC)c(OC)cc3C(=N)N2)CC1)C4OCCC4
1.330033,C(#CC(C)(C)C)C=CCN(C)Cc1cccc2ccccc21
7.70355,O=S(=O)(O)CCNC(CO)(CO)CO
1.05385,O=C1C=C2CCC3C(CCC4(C)C(O)CCC34)C2(C)CC1
7.663233,O=C(O)C(N)CCC(O)=NCC
6.917634,O=C(O)C1NCSC1
5.234733,N=1c2ccc(N)cc2SC3=CC(=[NH2+])C=CC13
1.561933,OCC(O)C(O)CO
8.211717,O=C(O)C(N)C(O)C
2.570717,O=C1N=C(O)C(=CN1C2OC(CO)C(O)C2)C
8.28435,O=C1N=C(O)C(=CN1C2OC(COP(=O)(O)O)C(O)C2)C
1.526067,Oc1cc(ccc1C(C)C)C
3.938983,O=C(O)C1CN(CCC=C(c2sccc2C)c3sccc3C)CCC1
1.123717,Clc1ccccc1CN2Cc3ccsc3CC2
1.042317,O=N(=O)c1cnc(n1CCS(=O)(=O)CC)C
4.965133,OC(=Nc1c(cccc1C)C)C(N)C
2.132383,Oc1ccc(cc1C(c2ccccc2)CCN(C(C)C)C(C)C)C
1.03525,O=C(c1ccc(OCCCCc2nn[nH]n2)c(c1O)CCC)C
1.099267,O=S(=O)(OCC12OCC3OC(OC3C2OC(O1)(C)C)(C)C)N
5.71595,O=C1OCC=2C(=O)N3C(=CC2C1(O)CC)c4nc5ccc(O)c(c5cc4C3)CN(C)C
1.287867,O=C(O)C1c2ccc(C(=O)c3ccccc3)n2CC1
1.44705,O=S(=O)(NC(O)=NC(C)C)C1=CNC=CC1=Nc2cccc(c2)C
1.88555,ClCCC(c1ccccc1)=C(c2ccccc2)c3ccc(OCCN(C)C)cc3
4.871083,O=C(O)C1=CN(c2nc(c(F)cc2C1=O)N3CCC(N)C3)c4ccc(F)cc4F
2.521433,OC1(c2cccc(OC)c2)CCCCC1CN(C)C
1.257667,O=C(O)c1ccccc1N=C(O)C=Cc2ccc(OC)c(OC)c2
2.38115,O=C1N2C=CC=CC2=NN1CCCN3CCN(c4cccc(Cl)c4)CC3
1.296567,Clc1ccc-2c(c1)C(=NCc3nnc(n32)C)c4ccccc4Cl
1.0076,Clc1cccc(Oc2cc3nc(SC)[nH]c3cc2Cl)c1Cl
2.14635,FC(F)(F)c1ccc2Sc3ccccc3N(c2c1)CCCN4CCN(C)CC4
1.127117,O=C1c2ccccc2N(C(=N)O)c3ccccc3C1
1.4656,O=C(OCC(c1ccccc1)(N(C)C)CC)c2cc(OC)c(OC)c(OC)c2
5.612534,O=N(C)(C)C
2.2511,c1ccc2c(c1)N(c3ccccc3CC2)CC(C)CN(C)C
1.977167,n1ccccc1N(Cc2ccccc2)CCN(C)C
3.809567,O=C(OC1CC2N(C)C(CC2)C1)c3c[nH]c4ccccc43
5.035167,OC(=NC1CNCCC1)c2cc(OC)c(OC)c(OC)c2
5.003383,NCCc1c[nH]c2ccccc21
4.898983,c1ccc2c(c1)[nH]c3c2CCNC3
6.819133,O=C(O)C(N)Cc1c[nH]c2ccccc21
5.909517,N=C(O)C(N)Cc1c[nH]c2ccccc21
7.086383,O=C(O)C(N=C(O)C(N=C(O)C(N)Cc1ccc(O)cc1)Cc2ccc(O)cc2)Cc3ccc(O)cc3
7.376266,O=C(O)C(N=C(O)C(N)Cc1ccc(O)cc1)Cc2ccc(O)cc2
5.58305,Oc1ccc(cc1)CCN
7.609583,O=C(O)C(N)Cc1ccc(O)cc1
2.88705,Clc1cc2c(cc1O)C(c3ccccc3)CN(C)CC2
2.398367,Oc1nccc(O)n1
4.580867,O=C1C=C(NCCCN2CCN(c3ccccc3OC)CC2)N(C(=O)N1C)C
2.77085,N=C(O)N
7.798017,O=C(O)CCC(NC(=N)O)C(=O)O
8.974684,O=C1N=C(O)C=CN1C2OC(COP(=O)(O)O)C(O)C2O
9.8283,O=C1N=C(O)C=CN1C2OC(COP(=O)(O)OP(=O)(O)OC3OC(CO)C(O)C(O)C3N=C(O)C)C(O)C2O
4.715816,O=C1N=C(O)C=CN1C2OC(CO)C(O)C2O
3.68925,O=C(O)C=Cc1cnc[nH]1
6.825917,O=C(OCCOCn1cnc2C(O)=NC(=N)Nc21)C(N)C(C)C
1.014017,O=S(=O)(N)c1ccc(cc1)-c2c(noc2C)-c3ccccc3
7.139534,O=C(O)C(N)C(C)C
1.685817,O=C(O)C(N(C(=O)CCCC)Cc1ccc(cc1)-c2ccccc2-c3nn[nH]n3)C(C)C
1.14815,O=Cc1ccc(O)c(OC)c1
1.699767,O=C1N=C(Nn2c(nc(c12)C)CCC)c3cc(ccc3OCC)S(=O)(=O)N4CCN(CC)CC4
2.4436,OC1(CCCCC1)C(c2ccc(OC)cc2)CN(C)C
1.8761,N#CC(c1ccc(OC)c(OC)c1)(CCCN(C)CCc2ccc(OC)c(OC)c2)C(C)C
5.525833,O=C(OC1CC2CCC3C(CCC4(C)C(OC(=O)C)C(CC34)[N+]5(C)CCCCC5)C2(C)CC1N6CCCCC6)C
2.646833,OC1CCCCC1N2CCC(c3ccccc3)CC2
1.33695,N=C(O)OC=C
1.155617,OC1=Nc2c(nccc2C)N(c3ncccc13)C4CC4
5.332716,O=C1C=C(Oc2c1c(O)cc(O)c2C3OC(CO)C(O)C(O)C3O)c4ccc(O)cc4
1.02425,Fc1ccc(c(F)c1)C(O)(Cn2ncnc2)C(c3ncncc3F)C
0.9938334,O=C1Oc2ccccc2C(O)=C1C(c3ccccc3)CC(=O)C
8.7217,O=C(O)C(N)CN1C=CC(O)=NC1=O
6.013233,O=C1c2c(ncn2CC(O)CN(C)CCO)N(C(=O)N1C)C
7.3014,Oc1nc(O)c2ncn(c2n1)C3OC(CO)C(O)C3O
1.0449,O=C1Oc2c(OC)c3occc3cc2C=C1
4.660634,Clc1cc(C(O)=NC2CN3CCC2CC3)c(OC)cc1N
1.003217,O=S(=O)(N=C(O)c1ccc(c(OC)c1)Cc2cn(c3ccc(N=C(O)OC4CCCC4)cc32)C)c5ccccc5C
1.017033,N#Cc1cnn2c1nccc2-c3cccc(c3)N(C(=O)C)CC
1.190967,FC(F)Oc1ccc(cc1OC)-c2nnc(O)cc2
1.108,O=C1OC(C)CCCC(O)CCCCCc2cc(O)cc(O)c12
1.232783,N=C(O)N(O)C(c1sc2ccccc2c1)C
4.796,OC1=NC(CO1)Cc2ccc3[nH]cc(c3c2)CCN(C)C
1.616,O=C(N(C)C)Cc1c(nc2ccc(cn21)C)-c3ccc(cc3)C
2.269383,OC1C=Cc2ccccc2C1O
4.71755,O=C(OCC(OC(=O)CCCCCCCCCCCCCCC)COP(=O)(O)O)CCCCCCCCCCCCCCC
1.6774,OCC#CCO
1.0129,OC(CS)C(O)CS
6.914283,OCC1OCC(O)C(O)C1O
1.08385,O=C1c2c(ncn2C)N=C(O)N1C
8.004216,O=C(O)C1(N)CC1
1.372417,O=C(O)c1ccc2ccccc2c1O
1.301383,O=C(O)CCCCCCCCCO
2.477133,O=C(O)c1cccc(O)c1O
1.1403,Oc1cccc(-c2ccccc2)c1O
1.09935,Brc1ccc(O)c(Br)c1
1.173917,O=Cc1cc(O)ccc1O
3.73585,O=CCC(O)C(O)CO
2.8202,O=C(O)c1occc1
1.671983,O=C(O)C(O)C(C)C
1.82355,O=C(O)C(O)CC(C)C
1.172083,O=Cc1ccccc1O
1.478383,O=C(O)C=Cc1ccccc1O
2.5182,O=C(O)C(O)(C)C
7.28085,O=C(O)c1cccnc1O
1.4504,O=C(O)Cc1ccccc1O
8.54545,O=C(O)C(=O)C(O)C(O)C(O)CO
2.303,O=C(O)CCC(C(=O)O)C
2.676333,OCC1OC(n2cnc3c(nc(nc32)C)N)C(O)C1O
2.221867,O=C(O)c1ccc(O)c(O)c1
2.289767,O=C(O)Cc1ccc(O)c(O)c1
2.458583,Oc1ccc(cc1O)C(O)CO
1.43095,O=C(O)CCc1cccc(O)c1
2.289767,Oc1cccc(c1)CO
6.72295,O=C(O)CC(O)(C)CC(=O)O
10.63252,O=C(O)C(O)C(N)C(=O)O
1.9257,O=C(O)CC(O)C
7.7298,O=C(O)CC(O)CC(=O)O
2.394283,O=C(O)CCO
2.061633,O=C(O)CC(O)CC
2.046417,O=C1OCc2ccccc2C1
2.6269,O=C(O)C(=O)C(C)CC
1.9166,O=C(O)CCC(C)CC(=O)O
1.1716,Oc1cccc(c1O)C
2.364233,O=C(O)CC(C)CC(=O)O
1.95605,O=C1C=CN(C(=O)N1C)C2OC(CO)C(O)C2O
2.0448,O=C(O)C(O)Cc1ccccc1
3.602933,O=C(O)CC[Si](C)(C)C
3.4199,Oc1ccc(N)cc1
4.62795,O=C(O)C(O)c1ccc(O)c(OC)c1
1.508283,O=C(O)c1ccc(O)cc1
1.11935,N#CCc1ccc(O)cc1
5.36875,O=C(O)C(O)c1ccc(O)cc1
1.448967,O=C(O)Cc1ccc(O)cc1
7.753633,O=C(O)C(N)c1ccc(O)cc1
3.976467,O=C(O)C(O)Cc1ccc(O)cc1
1.216783,O=C(O)c1ccc(cc1)C(C)C
2.545883,O=C(O)C(=O)CC(C)C
1.211633,Oc1ccc(cc1O)C
1.311283,O=N(=O)c1ccc(O)c(O)c1
1.135983,O=N(=O)c1ccc(O)cc1
7.467167,Oc1ccc(C=C)cc1
6.35405,O=C1N=C(O)C(=CN1C2OC(CO)C(O)C2O)CO
4.238467,O=C1N=C(O)C=NN1C2OC(CO)C(O)C2O
1.433867,O=C(O)c1cnc(O)cc1
7.739483,O=C1c2ccccc2-c3ccccc13
1.093133,Oc1cc2ccccc2c3ccccc13
7.69055,O=C(O)C#CC(=O)O
1.3223,O=C1C(=O)N(C(=O)C)c2ccccc12
7.7298,O=C(O)C=C(C(=O)O)CC(=O)O
2.381867,O=C(O)CCCCC(=O)O
1.155483,O=C1c2ccccc2C(=O)c3c(O)c(O)ccc13
5.579267,N=C(O)NC1N=C(O)N=C1O
7.782516,S=C=NCC=C
6.43325,O=C(O)C(O)N=C(O)c1ccccc1
3.172367,O=C(O)C(=O)CCSC
1.253883,O=C1N=C(O)C(C(O)=N1)(CC=C)C(C)C
6.32375,O=CC(O)C(O)C(O)CO
6.936717,OCC(O)C(O)C(O)CO
4.744367,Oc1ccc(OC2OC(CO)C(O)C(O)C2O)cc1
1.105467,O=C(O)CCC(=O)OC1OC2OC3(OOC24C(CC3)C(C)CCC4C1C)C
6.250983,O=C1OC(C(O)=C1O)C(O)CO
0.9954,O=C(c1cc(Br)c(O)c(Br)c1)c2c3ccccc3oc2CC
1.405533,Oc1ccc(O)c(O)c1
1.913867,O=C(O)CC(C(=O)O)Cc1ccccc1
7.759067,N#CCC(N)C(=O)O
1.669067,O=C(O)CC(O)(C)C
1.241383,O=C(O)CC(O)CCCCCCCCCCC
0.9887,N#Cc1ccc(N=C(O)C(O)(C)CS(=O)(=O)c2ccc(F)cc2)cc1C(F)(F)F
1.249483,O=C1N=C(O)C(C(O)=N1)(CC)C(C)CC
3.927883,O=C(O)CN=C(O)CCC
1.456567,O=C(O)C(c1ccc(cc1)CC(C(=O)O)C)C
1.227883,Oc1ccccc1O
7.1117,O=C(O)C1(O)CC(O)C(O)C(OC(=O)C=Cc2ccc(O)c(O)c2)C1
2.405517,O=C(O)CCC(C)C1CCC2C3C(O)CC4CC(O)CCC4(C)C3CC(O)C12C
1.273483,O=C(O)C=Cc1ccccc1
1.678117,O=C(O)C=C(C(=O)O)C
9.403867,O=C(O)CC(O)(C(=O)O)C
9.252334,O=C(O)CC(O)(C(=O)O)CC(=O)O
1.459067,O=C(O)c1c(oc(c1C)CCC)CCC(=O)O
4.349467,O=C1OC(C(=O)C1=O)C(O)CO
1.35185,O=C1CCC2C3CC=C4CC(OS(=O)(=O)O)CCC4(C)C3CCC12C
7.669633,OCC1OC(n2cnc3c(ncnc32)N)CC1O
8.5509,O=C1N=C(O)C=CN1C2OC(COP(=O)(O)O)C(O)C2
2.525983,O=C(O)C(Cl)Cl
2.575483,O=C(OCC)C(=O)CCC(=O)OCC
1.486367,O=C1OCC(C1=O)(C)C
1.402917,O=C1Oc2ccccc2CC1
7.73955,O=C(O)C1N=C(O)N=C(O)C1
8.624683,O=C(CO)COP(=O)(O)O
0.9533333,O=C(O)CCC=CCC=CCC=CCC=CCC=CCC=CCC
1.0534,O=C(O)CCCCCC=CCC=CCC=CCC=CCCCCC
0.9718,FC(F)(F)C1(C#CC2CC2)OC(O)=Nc3ccc(Cl)cc31
1.062267,O=C(O)CCCCCCCCCC=CCCCCCCCC
9.183634,O=C1Oc2c(O)c(O)cc3C(=O)Oc4c(O)c(O)cc1c4-c23
4.859983,O=C(OC1Cc2c(O)cc(O)cc2OC1c3ccc(O)c(O)c3)c4cc(O)c(O)c(O)c4
2.8415,Oc1cc(O)c2c(OC(c3ccc(O)c(O)c3)C(O)C2)c1
4.14405,O=C1OCC(O)C1O
1.0227,O=C1CCC2C3CCc4cc(O)ccc4C3CCC12C
7.660284,O=C(O)C1OC(OCC)C(O)C(O)C1O
2.391917,O=C(O)C(C(=O)O)CC
1.060367,O=C(O)C(c1ccc(c(F)c1)-c2ccccc2)C
8.61345,O=P(O)(O)OCC1OC(O)(COP(=O)(O)O)C(O)C1O
9.512867,O=C(COP(=O)(O)O)C(O)C(O)C(O)CO
1.718817,O=C(O)C=CC(=O)O
7.8282,OCC1OC(O)C(O)C(O)C1O
4.637267,O=C(O)c1cc(O)c(O)c(O)c1
4.46875,O=C(OC)C1=COC(OC2OC(CO)C(O)C(O)C2O)C3C(=CCC13)CO
3.14295,O=C(O)c1cc(O)ccc1O
1.951817,O=C(O)C1C2C3(OC(=O)C2(C)C(O)C=C3)C4CCC5(O)C(=C)CC14C5
7.670833,O=S(C)CCCCC(=NOS(=O)(=O)O)SC1OC(CO)C(O)C(O)C1O
7.665133,O=CC(O)C(O)C(O)C(O)CO
9.0615,O=C(O)C1OC(O)C(O)C(O)C1O
8.666133,[H]C(N)(C(=O)O)CCC(=O)O
2.957533,O=C(O)CCCC(=O)O
7.740967,O=CC(O)CO
7.979617,O=C(O)C(O)CO
0.9793833,OCC(O)CO
7.436234,O=C(O)CO
9.523067,O=P(O)(O)OCC1OC(n2cnc3C(O)=NC(=N)Nc32)C(O)C1O
1.05475,O=C(O)CCCCCCCCCCCCCCCCCCCC
2.787633,O=C(O)Cc1cc(O)ccc1O
1.448483,O=C(O)Cc1ccc(O)c(OC)c1
0.9946833,Oc1ccc(cc1-c2ccc(O)c(c2)CC=C)CC=C
1.3657,O=S(=O)(O)Oc1c[nH]c2ccccc12
7.89035,OC1C(O)C(O)C(O)C(O)C1O
8.975966,OCC1OC(OCC2OC(O)C(O)C(O)C2O)C(O)C(O)C1O
4.58575,O=C1C(OC2OC(CO)C(O)C(O)C2O)=C(Oc3cc(O)cc(O)c13)c4ccc(O)c(OC)c4
1.32255,O=C1C(O)=C(Oc2cc(O)cc(O)c12)c3ccc(O)c(OC)c3
3.171067,O=C(O)C(=O)C(C)C
8.359933,OCC1OC(OC2C(O)C(O)(OC2CO)CO)C(O)C(O)C1O
1.480983,O=C1C(O)=C(Oc2cc(O)cc(O)c12)c3cc(O)c(O)c(OC)c3
1.064,O=C(O)CCCCCCCC=CCC=CCCCCC
1.19935,O=C(O)CCCCC1SSCC1
3.296367,O=C(O)C=CC(=N)O
9.398334,O=C(O)CC(O)C(=O)O
9.544167,O=C(O)CC(ON=C(O)C(N)C(C)C)C(=O)O
4.420367,O=C(O)CC(=O)O
9.552,OCC1OC(OC2C(O)C(O)C(OC2CO)OC3C(O)C(O)C(O)OC3CO)C(O)C(O)C1O
2.568933,O=C(O)C(O)c1ccccc1
7.7211,OCC(O)C(O)C(O)C(O)CO
9.294567,OCC1OC(OC2C(O)C(OC2(OC3OC(CO)C(O)C(O)C3O)CO)CO)C(O)C(O)C1O
1.076033,C#CC1(O)CCC2C3CCc4cc(OC)ccc4C3CCC21C
0.9764667,O=C(OC)C(O)(C)C
1.108667,O=C(OC)c1ccc(O)c(OC)c1
5.2771,OCC1OC(OC)C(O)C(O)C1O
4.123417,O=C(OC)C
1.469733,O=C(OC)c1cc(O)c(O)c(O)c1
3.272267,O=C(O)C(C(=O)O)C
2.808967,O=C(O)CC(C(=O)O)C
10.16122,O=C(O)C(O)C(O)C(O)C(O)C(=O)O
7.599,O=C(O)CN(C)C
7.724717,O=C(O)CC(N=C(O)C)C(=O)O
7.389417,O=C(O)CN=C(O)C
1.035517,O=C(O)CCCCCCCCCCCCCC=CCCCCCCCC
0.9485167,O=C(OC)C1=C(NC(=C(C(=O)OCC)C1c2cccc(c2)N(=O)=O)C)C
7.754817,Oc1ccc(cc1O)C(O)CN
1.386683,O=C(O)c1ccccc1OC(=O)C
1.061217,O=C(O)CCCCCCCC=CCCCCCCCC
7.396917,O=C(O)c1nc(O)nc(O)c1
7.763767,O=C(O)C(=O)CC(=O)O
1.449367,O=C(O)C=Cc1ccc(O)cc1
1.47595,O=S(=O)(O)c1ccc(cc1)C
8.507083,OCC1OC(OCC2OC(O)(CO)C(O)C2O)C(O)C(O)C1O
1.06925,O=C(O)CCCCCCCCCCCCCCC
1.523333,O=C1N=C(O)C(=O)N1
2.679433,OCC1OC(Oc2ccccc2)C(O)C(O)C1O
1.47635,O=C(O)C(=O)Cc1ccccc1
7.938667,O=P(O)(O)C1OC1C
9.9804,O=P(O)(O)O
1.46245,Oc1cc(O)cc(C=Cc2ccc(O)c(O)c2)c1
4.945817,Oc1ccc(cc1)C=Cc2cc(O)cc(OC3OC(CO)C(O)C(O)C3O)c2
1.8556,O=C(O)CCCCCC(=O)O
7.7326,O=C(O)Cc1c(c[nH]c1CN)CCC(=O)O
1.8155,O=C(O)CC(O)CC(O)CCC1C(C=CC2=CC(O)CC(OC(=O)C(C)CC)C21)C
6.481667,O=C(O)C1N=C(O)SC1
1.456567,O=C(O)CC
1.34705,O=C(O)CCCCCCC1C(=O)CC(O)C1C=CC(O)CCCCC
6.919083,Oc1ncc(c(O)n1)C2OC(CO)C(O)C2O
5.823333,O=C(CO)C(O)C(O)C(O)CO
1.610133,O=C(O)c1ccc[nH]1
5.258917,O=C(O)C(=O)C
4.900017,O=C(OCC1OC(OC=2C(=O)c3c(O)cc(O)cc3OC2c4ccc(O)c(O)c4)C(O)C(O)C1O)C
9.546066,O=C(O)C1(O)CC(O)C(O)C(O)C1
9.481417,OCC1OC(OCC2OC(OC3(OC(CO)C(O)C3O)CO)C(O)C(O)C2O)C(O)C(O)C1O
4.50255,OC1OCC(O)C(O)C1O
9.26135,O=P(O)(O)OCC1OC(O)C(O)C1O
0.9684,O=C1OCC(c2ccc(cc2)S(=O)(=O)C)=C1c3ccccc3
4.400383,OCc1ccccc1OC2OC(CO)C(O)C(O)C2O
1.44685,O=C(O)c1ccccc1O
2.787633,Oc1ccccc1CO
1.203133,O=C1N=C(O)C(C(O)=N1)(CC=C)C(C)CCC
1.288783,Oc1ccc(cc1OC)CC(CO)C(CO)Cc2ccc(O)c(OC)c2
7.720083,O=C(O)C1=CC(O)C(O)C(O)C1
4.119467,O=C(O)CCC(=O)O
8.363,OCC1OC(OC2(OC(CO)C(O)C2O)CO)C(O)C(O)C1O
1.8687,O=C(O)C1=CC(=NNc2ccc(cc2)S(=O)(=O)Nc3ncccc3)C=CC1=O
1.4335,O=C(O)c1cc(OC)c(O)c(OC)c1
9.979167,O=C(O)C(O)C(O)C(=O)O
1.689067,O=C1c2c(O)cc(O)cc2OC(c3ccc(O)c(O)c3)C1O
4.941534,O=C(O)CC(C)(C)C
1.482017,O=C1c2nc[nH]c2N(C(=O)N1C)C
9.53605,O=C(O)C(O)C(O)CO
10.05025,O=P(O)(O)OCC1OC(OC2OC(CO)C(O)C(O)C2O)C(O)C(O)C1O
8.882216,OCC1OC(OC2OC(CO)C(O)C(O)C2O)C(O)C(O)C1O
1.47155,O=C(OC1C(Oc2ccccc2COC(=O)C3(O)C=CCCC3=O)OC(CO)C(O)C1O)c4ccccc4
1.432967,O=C(O)C(Cl)(Cl)Cl
10.02978,O=C1N=C(O)C=CN1C2OC(COP(=O)(O)OP(=O)(O)OC3OC(CO)C(O)C(O)C3O)C(O)C2O
10.24477,O=C(O)C1OC(OP(=O)(O)OP(=O)(O)OCC2OC(N3C=CC(O)=NC3=O)C(O)C2O)C(O)C(O)C1O
1.062267,O=C(O)CCCCCCCCCC=CCCCCCC
1.44035,O=C(O)c1ccc(O)c(OC)c1
2.176317,O=C1c2nc(O)[nH]c2N=C(O)N1C
0.9882166,O=C(OCC(O)CO)CCCCCCCCCCCCCCCCC
0.9143834,O=C(O)CCC(O)C(=O)O
1.0119,O=C(OC(CO)CO)CCCCCCCCCCCCC
0.9874,O=C(OC(CO)CO)CCCCCCCCCCCCCCC
2.941317,O1c2ccc(cc2OC1)CC(NCC)C
7.399333,O=C(O)C(C)CN
8.47185,OC(CC)CCCCC
1.62735,Oc1ccc(c(O)c1)CCCCCC
1.571367,OC=1N=C(O)C(C)CN1
3.361567,OC1C=C2CC(O)CCC2(C)C3CCC4(C)C(CCC4C13)C(C)CCCC(C)C
2.602383,O=C1N=C(O)C(=CN1C2OC(CO)CC2O)C
1.032717,O=N(=O)c1cccc2c[nH]nc21
8.676084,O=C(O)C(N)(C)Cc1cnc[nH]1
2.94775,O=C1c2ccccc2C(=NN1C3CCN(C)CCC3)Cc4ccc(Cl)cc4
3.626933,O=C(OC1CC2N(C)C(CC2)C1C(=O)O)c3ccccc3
2.35005,O=C(O)CCC=1C(N=C(C=C2N=C(O)C(C=C)=C2C)C1C)=Cc3[nH]c(C=C4N=C(O)C(=C4C=C)C)c(c3CCC(=O)O)C
1.052533,n1ccsc1-c2c[nH]c3ccccc32
2.2047,O=C(OC1CC2N(C)C(CC2)C1C(=O)OC)c3ccccc3
2.167083,O=CCCCCCCCCC
1.033733,O=C1CCC2C3CC=C4CC(O)CCC4(C)C3CCC12C
6.614467,O=S(C)CCCCC(=NO)SC1OC(CO)C(O)C(O)C1O
2.643667,O(c1ccc2c(c1)C34CCN(C)C(C2)C4CCCC3)C
4.47355,OCC(N)C(O)CCCCCCCCCCCCCCC
2.146667,O(CCN(C)C)C(c1ccccc1)c2ccccc2
4.178534,O=C(OC)C1C(O)CC2N(C)C1CC2
1.43485,OC1CC2=CC=C3C(CCC4(C)C3CCC4C(C=CC(C)C(C)C)C)C2(C)CC1
0.9890333,C#CC1(O)CCC2C3CCc4cc(O)ccc4C3CCC21C
3.013533,O=C(O)CCCCCCCCCCCCCCCC
3.799083,O=C1CCC2C3N(C)CCC42c5c(OC14)c(OC)ccc5C3
0.92045,C=C(C)C1CC=C(C)CC1
4.242917,NC12CC3CC(C)(C1)CC(C)(C3)C2
3.33495,c1ccc(cc1)CC(NC)C
4.23335,O=C(OC)C(N)Cc1ccc(O)cc1
1.1877,O=C(OCC(O)CO)CCCCCCCC=CCCCCCCCC
9.020583,O=C(O)C(N)Cc1ncn(c1)C
1.971517,O=C(N(C)[Si](C)(C)C(C)(C)C)C(F)(F)F
1.0834,O=C(O)C(c1ccc2cc(OC)ccc2c1)C
6.98075,O=CCCCCCCC
8.474067,OCCCCCCCC
5.949183,O=C1c2c(O)cccc2C(O)(C)C3C1=C(O)C4(O)C(=O)C(C(=N)O)=C(O)C(N(C)C)C4C3O
3.228183,O=C([O-])CC(OC(=O)CCCCCCCCCCCCCCC)C[N+](C)(C)C
1.901583,OC(=NCCCO)C(O)C(C)(C)CO
2.653017,Oc1ccc2c(c1)C3(C)CCN(CC=C(C)C)C(C2)C3C
4.474367,Oc1cc(O)c2cc(OC3OC(CO)C(O)C(O)C3O)c([o+]c2c1)-c4cc(O)c(O)c(OC)c4
4.0369,O1CCNC(C)C1c2ccccc2
1.00775,N=C(O)OCCCc1ccccc1
6.230417,NC(C)(C)Cc1ccccc1
8.9691,O=P([O-])(O)OCC[N+](C)(C)C
4.606067,O=C(NC(C)C)c1ccc(cc1)CNNC
4.702,O=C1C(OC2OC(C)C(O)C(O)C2O)=C(Oc3cc(O)cc(O)c13)c4ccc(O)c(O)c4
8.487667,O=C(O)C(N)CCCNC(=NC)NC
1.439383,Oc1ccc2[nH]cc(c2c1)CCN
1.141683,O=S(C)CCCCN=C=S
4.323367,O=C1C(OC2OC(CO)C(O)C(O)C2O)=C(Oc3cc(O)cc(O)c13)c4cc(OC)c(O)c(OC)c4
1.218683,O=C1N=C(O)C(F)=CN1C2OCCC2
0.9952833,O=C1CC2=C(CC1)C3CCC4(C)C(CCC4(O)C#C)C3C(C)C2
1.02105,O=C1OCC2=C1CCC3(C)C2CC4OC45C(O)C6(OC6C7OC753)C(C)C
8.193033,O=P(O)(O)OC1C(O)C(OC1n2cnc3c(ncnc32)N)CO
1.372467,O=C(O)COc1ccc(Cl)cc1Cl
4.3411,O=C(O)c1cnc(O)nc1O
2.929533,O=Cc1ccccc1C(=O)O
3.983367,O=C(O)CC(O)(C(=O)O)C(C)C
1.313817,O=C(O)CCc1ccccc1O
6.367567,O=S(=O)(O)ON=C(SC1OC(CO)C(O)C(O)C1O)Cc2c[nH]c3cccc(O)c32
5.578,O=S(=O)(O)ON=C(SC1OC(CO)C(O)C(O)C1O)Cc2c[nH]c3cccc(OC)c32
8.053866,O=C(O)C(O)C(O)C(O)C(=O)CO
0.9595333,O=C(O)CCCCCCCCCCCCCCCCCCC
1.1241,O=C1N=C(O)C(C(O)=N1)(CC=C)CC(C)C
1.137667,O=C(O)C(=O)c1ccccc1
5.259067,Oc1cc(O)c2cc(OC3OC(CO)C(O)C(O)C3O)c([o+]c2c1)-c4cc(O)c(O)c(O)c4
5.16365,O=C(OC1Cc2c(O)cc(O)cc2OC1c3cc(O)c(O)c(O)c3)c4cc(O)c(O)c(O)c4
0.9656667,O=C(OCC)CCCCCCCCCCCCC
0.9891667,O=C(OCC)CCCCCCCCCCC
5.591116,O=S(=O)(O)ON=C(SC1OC(CO)C(O)C(O)C1O)Cc2c[nH]c3ccccc32
5.319183,O=S(=O)(O)ON=C(SC1OC(CO)C(O)C(O)C1O)CCCCSC
7.376667,O=S(C)CCCC(=NOS(=O)(=O)O)SC1OC(CO)C(O)C(O)C1O
5.605834,O=S(=O)(O)ON=C(SC1OC(CO)C(O)C(O)C1O)CCC=C
9.081284,O=C(O)C(O)C(O)C(O)C(O)CO
8.752383,O=CC(O)C(O)C(O)C(O)C(=O)O
1.104617,O=C(O)CC1CCC(=O)C1CC=CCC
0.9957167,O=C(O)CCCCCCCCCCC
1.37915,O=C(O)C=Cc1cccc(O)c1
0.9663,O=C(OC)CCCCCCCCCCCCCCCC
1.476583,O=C1C=C(O)C1=O
4.669683,O=S(=O)(O)ON=C(SC1OC(CO)C(O)C(O)C1O)Cc2cn(OC)c3ccccc32
2.299667,Oc1cc(O)cc(c1)C
1.008233,O=C1C(=CO)CC2(C)C(C1)CCC3C2CCC4(C)C3CCC4(O)C
0.9735667,O=C(O)CCCCCCCC=CCCCCCC
1.418533,Oc1cccc(O)c1O
2.3783,O=C1C(O)=C(Oc2cc(O)cc(O)c12)c3ccc(O)c(O)c3
6.358233,O=S(=O)(O)ON=C(SC1OC(CO)C(O)C(O)C1O)Cc2ccc(O)cc2
0.9797333,Oc1c(OC)cc(C=CCO)cc1OC
0.9690667,O=C(O)CCCCCCCCCCCCCCCCC
1.551133,O=C(O)C(c1ccccc1)CO
