rt,unlist(riken_smiles)
3.986933,O=C1N(OC)c2ccccc2C13CC4N=C(CC)C5CC3OCC45
4.424,O=C(OC)C1=COC(C)C2CN3CCC4(C(O)=Nc5ccccc54)C3CC12
4.5546,O=C(OC)C1=C2Nc3ccccc3C24CCN5CCC1C(C(OC)C)C54
4.611467,O=C(OC)C12c3[nH]c4ccc(OC)cc4c3CCN5CC(CC(C(O)C)C51)C2
5.229967,N1=c2ccccc2=C3C=CN4C=C5C(=CC4=C13)CCCC5
3.575733,OCC1C2C(=CC)CN3C(c4[nH]c5ccccc5c4CC31)C2
3.6144,O=C(OC)C1(O)CC23CCCN4CCC5(c6ccc7OCOc7c6NC15CC2)C43
4.177267,O=C(OC)C1CC23CCCN4(=O)CCC5(c6ccccc6NC15CC2)C34
5.19835,O=C(OC)C1=C2Nc3ccccc3C24CCN5CC=CC(C1)(CC)C54
3.584467,N=1c2ccccc2C34C1C5OCC6C(N(C)CC3(C=C)C6C5)C4
3.602583,OCC=C1CN2C3c4[nH]c5cc(OC)ccc5c4C6OCC(C1C3)C26
3.822467,N1=C2OCC3C4C(=CCOC)CN5C3CC2(c6c1c(OC)cc(OC)c6OC)C5C4
4.632933,O=C1N(OC)c2ccccc2C13CC4N(C)CC(=CC)C5CC3OCC54
5.850083,O=C(OC)C(=COC)C1CC2c3[nH]c4ccccc4c3CCN2CC1CC
3.717917,O=C(O)C1=COC(OC2OC(CO)C(O)C(O)C2O)C(C=C)C1Cc3nccc4c5ccccc5[nH]c34
3.923133,O=C(OC)C1CC23CCCN4CCC5(c6ccccc6NC15CC2)C43
4.419867,O(c1ccc2c(c1)[nH]c3c2C4OCC5C6C(=CC)CN(C3C6)C45)C
4.901633,O=C(OC)C(=COC)C1CC2N(CCC32C(O)=Nc4ccccc43)CC1CC
5.6757,O=C(OC)C(=COC)C1CC2c3[nH]c4ccccc4c3CCN2CC1C=C
2.574817,c1ccc2c(c1)NC3N(C)CCC24C5Nc6ccccc6C34CCN5C
3.21075,OC1=Nc2ccccc2C13C4OCC5C6N(C)CC(C=C)(C5C4)C63
4.13255,O=C(O)C1NC(c2[nH]c3ccccc3c2C1)CC4C(=COC(OC5OC(CO)C(O)C(O)C5O)C4C=C)C(=O)OC
4.255667,O=C(OC)C1(O)n2c3ccccc3c4c2C5N(CC=CC5(CC)C1)CC4
4.920516,O=C(OC)C1=C2Nc3ccccc3C24CCN5CCC1C(CC)C54
3.679583,OCC1C2C(=CC)CN3C(c4[nH]c5cc(OC)ccc5c4CC31)C2
4.014633,O=C(OC)C12C3=Nc4ccc(OC)cc4C3(O)CCN5CC(CC(CC)C51)C2
4.0535,O=C1N(OC)c2ccccc2C13C4OCC5C6N(C)CC(C=C)(C5C4)C63
2.0571,O=C1N2CCCC2C(O)=NC1
3.0528,O=C(OCC1CCN2CCCC21)C(O)(C(O)C)C(C)C
3.674817,OCC12CN(CC)C3C4(O)C(OC)C1C3(C(OC)CC2)C5CC6C(OC)CC4(O)C5C6OC
5.956833,O=C(O)c1cc2OCOc2c3c4cc(O)ccc4cc(c13)N(=O)=O
3.033383,O=C1C(OC)=CC2C3N(C)CCC2(c4c(O)c(OC)ccc4C3)C1
3.412183,O(c1cc2c(cc1OC)C(NCC2)CC3CC4c5cc(OC)c(OC)cc5CCN4CC3CC)C
3.589617,O=C(OC1CC2N(C)C(CC2)C1)C(c3ccccc3)CO
2.05225,Oc1ccc(cc1)CCN(C)C
2.693717,O=C1C=C2C(=CC1=NNC(=N)O)CC(N2C)S(=O)(=O)O
2.906267,OC1CCC2(COC)CN(CC)C3C4CC2C13C5CC6C(O)C5C4(O)CC6OC
3.456917,O=C1N2c3ccccc3C45CCN6CC7=CCOC(C1)C(C7CC64)C25
4.951167,O=C(OC12CN(CC)C3C4CC1C3(C(OC)CC2)C5CC6C(OC)CC4(O)C5(O)C6OC)c7ccccc7N
3.0593,O=C1C=Cc2c(=C1)[nH]c3=C(NCCc23)C
3.107783,O=C(OCC1CCN2(=O)CCCC12)C(O)(C(O)C)C(C)C
4.47865,O=C(OC)C1=COC(C)C2CN3CCC4(C(O)=Nc5c(OC)c(OC)ccc54)C3CC12
4.886017,O(c1cc2c3c(c1OC)-c4cc5OCOc5cc4CC3N(C)CC2)C
5.970783,O=C(OC1C2C3CC1(O)C(OC)C(O)C2(OC(=O)C)C4C(OC)C5C6(COC)CN(C)C4C35C(OC)CC6)c7ccccc7
2.398533,O=C1OCC(Cc2cncn2C)C1CC
4.955133,O(c1ccc2cc3-c4cc(OC)c(OC)cc4CC[n+]3cc2c1OC)C
5.611533,O=C(OC1C2C3CC1(O)C(OC)C(O)C2(OC(=O)C)C4C(OC)C5C6(COC)CN(C)C4C35C(OC)CC6O)c7ccccc7
7.362,O=C(N1CC(C)CCC21OC3CC4C5CC=C6CC(O)CCC6(C)C5CCC4(C)C3C2C)C
7.771133,O=C1c2ccccc2N(C)C3c4[nH]c5ccccc5c4CCN13
2.435367,O=C(O)CC1C(NCC1C(=C)C)C(=O)O
3.319517,N#CC(OC1OC(COC2OC(CO)C(O)C(O)C2O)C(O)C(O)C1O)c3ccccc3
3.37885,O=CC1=C2Nc3c(O)cccc3C24CCN5CC(=CC)C1CC54
4.254667,N1=C2c3cc(Oc4c(OC)c(OC)c(OC)c5c4C(N(C)CC5)Cc6ccc(OC)c(Oc7ccc(cc7)C2)c6)c(OC)cc3CC1
5.26575,O(c1cc2cc[n+]3c(cc4cc(OC)c(OC)cc4c3C)c2cc1OC)C
2.244817,N1CCCCC1C23CN4CCCCC4C(CC5CCCNC52)C3
2.977767,Oc1cc2c(cc1OC)C(NCC2)CC3CC4c5cc(OC)c(OC)cc5CCN4CC3CC
5.194383,O(c1ccc2c(c[n+]3c(-c4cc(OC)c(OC)cc4CC3)c2C)c1OC)C
5.589417,O=C1c2ccoc2N(c3c(OC)cccc13)C
5.965333,O=C(OC1C2C3CC1(O)C(OC)C(O)C2(OC(=O)C)C4C(OC)C5C6(COC)CN(CC)C4C35C(OC)CC6O)c7ccccc7
2.93205,O=C1C=CNc2ccccc12
3.916,Oc1c(OC)ccc2c1-c3c(OC)c(OC)cc4c3C(N(C)CC4)C2
4.02605,O=C1N2CCCC2C(O)=NC1CC(C)C
4.893517,O1c2cc3c4c(c2OC1)-c5ccccc5CC4N(C)CC3
8.160717,O=C(OC1CC2=CCC3C(CCC4(C)C3CC5OC6(NCC(C)CC6)C(C)C54)C2(C)CC1)C
3.2257,O=C1OC2CCN3CC=C(COC(=O)C(O)(CO)C(C)CC1=CC)C32
4.10535,n1ccc2c3ccc(OC)cc3[nH]c2c1C
5.032233,O=C1C=C2C(=CC=C1OC)c3c(OC)c(OC)c(OC)cc3CCC2N(C)Cc4ccccc4O
3.091267,OC(c1ccnc2ccccc21)C3N4CCC(C3)C(C=C)C4
4.0511,O=C(O)C1N(C(=O)C(C)CS)CCC1
4.533533,OC1Cc2cc3OCOc3cc2C4N(C)Cc5c6OCOc6ccc5C14
5.499933,O=C(OCC12CN(CC)C3C4(O)C(OC)C1C3(C(OC)CC2)C5CC6C(OC)CC4(O)C5C6OC)c7ccccc7N
2.7496,O=C(OCC1=CCN2CCC(O)C12)C(O)(C(O)C)C(C)C
2.796783,N=1c2ccccc2CN3C1CCC3
3.328483,O(c1c2OCOc2cc3c1CN(C)CC3)C
4.009517,O=C1C2=C(C)C3(OC4CC(C)CNC4C3C)CCC2C5CC=C6CC(OC7OC(CO)C(O)C(O)C7O)CCC6(C)C15
4.353017,O=C(OC)C1C(O)CCC2CN3CCc4c5ccccc5[nH]c4C3CC12
3.061083,c1ccc2c(c1)[nH]cc2CN(C)C
4.2568,O(c1ccc(cc1OC)CC2c3cc(OC)c(OC)cc3CCN2C)C
6.11695,O=C(OC1CC2CN3CCc4c5ccc(OC)cc5[nH]c4C3CC2C(C(=O)OC)C1OC)c6cc(OC)c(OC)c(OC)c6
7.55165,O=C(O)c1cc2OCOc2c3c4ccccc4cc(c13)N(=O)=O
2.3281,N12CCCCC1C3CN4CCCCC4C(C2)C3
3.05155,OC1C(=C)C2CC13C4CC5C6(C)CN(CC)C4C5(C(O)CC6)C3CC2O
3.698767,n1ccc2c3ccccc3[nH]c2c1C
3.95775,Oc1c(OC)c(OC)c2Oc3cc4C(=NCCc4cc3OC)Cc5ccc(Oc6cc(ccc6OC)CC7c2c1CCN7C)cc5
4.126867,OC1N2C3CC(C1CC)C4C(O)C5(c6ccccc6N(C)C35)CC24
2.923533,Oc1nc2c(cc1)C3(N)C(=CC)C(C=C(C)C3)C2
3.353133,Oc1cc2c(cc1OC)-c3c(OC)c(O)cc4c3C(N(C)CC4)C2
4.8644,O(c1ccc2c(c1OC)CN3CCc4cc(OC)c(OC)cc4C3C2C)C
5.526134,OC1=NCCc2c3ccccc3[nH]c12
2.889217,OC1CCC2(C)CN(CC)C3C4CC2C13C5CC6C(O)C5C4(O)CC6OC
3.0671,OC1CC2(C)CN3C4CC56CC(=C)C7C(O)C6C3C(C1)(C5C7O)C42
3.9447,O=C1c2ccccc2N=C3N1CCC3
4.412416,O1c2ccc(cc2)CC3c4cc(Oc5c(OC)c(OC)c(OC)c6c5C(N(C)CC6)Cc7ccc(OC)c1c7)c(OC)cc4CCN3C
2.547517,OC1C2=Nc3ccccc3CN2CC1
3.448167,O=C1OC2CCN3CC=C(COC(=O)C(O)(C(=C)CC1=CC)C)C32
4.211233,O=C1OC(c2ccc(OC)c(OC)c12)C3c4cc5OCOc5cc4CCN3C
6.173483,O=C(OC1C2C3CC1(O)C(OC)C(O)C2(OC(=O)C)C4C(OC)C5C6(COC)CN(CC)C4C35C(OC)CC6OC(=O)C)c7ccccc7
3.030383,O=C(OC1CC2(C)CN3C4CC56CC(=C)C7C(O)C6C(C1)(C3C5(O)C7O)C42)C
3.796233,O=C1OC2CCN3CC=C(COC(=O)C(O)(C)C(C)CC1=CC)C32
4.933183,n1ccc2c(c1)c(c3c4ccccc4[nH]c3c2C)C
2.17865,O=C1C=CC=C2N1CC3CN(CC(=N)O)CC2C3
5.038217,O=C(OC)C12c3[nH]c4ccccc4c3CCN5CC(C=C(CC)C51)C2
5.86515,O=C1OCC=2C(=O)N3C(=CC2C1(O)CC)c4nc5cccc(c5cc4C3)N(=O)=O
2.256967,O=C1N2CC3CCCN4CCCC(C2CCC1)C43
4.007,n1ccc2c3ccccc3[nH]c2c1CC
5.539417,O=C(OC)C(=COC)C1CC2c3[nH]c4cccc(OC)c4c3CCN2CC1CC
2.37115,n1cccc(c1)-c2ncc(cc2)C3N(C)CCCC3
3.423867,O=C1c2ccccc2N=C3N1CCC3O
4.2376,O=C(OC)C1CC23CCCN4CCC5(c6ccccc6NC15C2C)C43
2.931217,N1=C(c2cc(OC)c(OC)cc2CC1)C
3.3119,OC(=NC)Oc1ccc2c(c1)C3(C)CCN(C)C3N2C
4.491683,n1ccc2cc(OC)c(OC)cc2c1Cc3ccc(OC)c(OC)c3
4.94645,O=C1CC2C3CCC(C(C4=NCC(C)CC4)C)C3(C)CCC2C5(C)CCC(O)CC15
3.269383,O=C(OC1CC2NC(CC2)C1)c3ccc(O)c(OC)c3
3.466517,n1c(ccc2ccc3ccc(nc3c12)C)C
3.8201,O=C(O)C1C(O)CCC2CN3CCc4c5ccccc5[nH]c4C3CC12
4.260783,O=C(OC)C(=COC)C1CC2C3=Nc4cccc(OC)c4C3(O)CCN2CC1CC
2.779433,N1CCCCC1CCC
4.186433,O1c2ccc(cc2)CC3c4cc(Oc5c(OC)c(OC)cc6c5C(N(C)CC6)Cc7ccc(OC)c1c7)c(OC)cc4CCN3C
4.648283,O=C1n2c3ccccc3c4c2C5N(CC4)CCCC5(C1)CC
3.947533,O=C(OC1CC2N(C)C(CC2)C1)c3ccc(OC)c(OC)c3
4.50125,O=C(OC)C1(O)n2c3ccccc3c4c2C5N(CC4)CCCC5(CC)C1
6.720183,O=C(Oc1c(OC)cc(cc1OC)C(=O)OC2CC3CN4CCc5c6ccc(OC)cc6[nH]c5C4CC3C(C(=O)OC)C2OC)OCC
3.1771,Oc1ccc2c(c1)[nH]c3c2ccnc3C
3.3516,C1=C2CC(N(C)C)CCC2(C)C3CCC45CN(C)C(C)C5CCC4C3C1
6.826983,O=C(C=Cc1cc(OC)c(OC)c(OC)c1)N2C(=O)C=CCC2
2.763233,O=C1C(N)=C(N(N1c2ccccc2)C)C
3.314,OC(c1ccnc2ccc(OC)cc21)C3N4CCC(C3)C(C=C)C4
4.8517,O1c2ccc3c4ccc5cc6OCOc6cc5c4[n+](cc3c2OC1)C
4.648417,O1c2ccc3c(c2OC1)C(OC)OC4c5cc6OCOc6cc5CCN(C)C34
2.752083,O=C(OCCN(CC)CC)c1ccc(N)cc1
5.150367,O1c2ccc3c(c2OC1)C(OCC)OC4c5cc6OCOc6cc5CCN(C)C34
5.30245,O(c1ccc2c3ccc4cc5OCOc5cc4c3[n+](cc2c1OC)C)C
3.1538,O=C(OC1CC2N(C)C(CC2)C1)C(O)c3ccccc3
3.889867,O=C(O)C1C(OC)C(O)CC2CN3CCc4c5ccc(OC)cc5[nH]c4C3CC12
4.873116,O=C(OC)C1=COC(C)C2CN3CCc4c5ccccc5[nH]c4C3CC12
3.764483,Oc1ccc2cc1Oc3ccc(cc3)CC4c5c(Oc6cc7c(cc6OC)CCN(C)C7C2)c(OC)c(OC)cc5CCN4C
7.8383,O=C(C=CC=Cc1ccc2OCOc2c1)N3CCCCC3
3.406667,[O-]c1c(OC)cc2c3c1Oc4ccc(cc4)CC5c6cc(Oc7cc(ccc7O)CC3[N+](C)(C)CC2)c(OC)cc6CCN5C
3.483517,n1ccc2c(c1)[nH]c3ccccc32
4.362817,O=C1c2cc3OCOc3cc2CCN(C)Cc4c5OCOc5ccc4C1
4.1933,O=C1C(OC2OC(COC3OC(C)C(O)C(O)C3O)C(O)C(O)C2O)=C(Oc4cc(O)cc(O)c14)c5ccc(O)c(OC)c5
4.317833,O=C1C(OC2OC(CO)C(O)C(O)C2O)=C(Oc3cc(O)cc(O)c13)c4ccc(O)cc4
4.33185,O=C1C(O)=C(Oc2cc(OC3OC(CO)C(O)C(O)C3OC4OC(C)C(O)C(O)C4O)cc(O)c12)c5ccc(O)cc5
4.63935,O=C1C(O)=C(Oc2c(OC3OC(CO)C(O)C(O)C3O)c(O)cc(O)c12)c4ccc(O)c(O)c4
5.923517,O=C1C(=COc2cc(O)cc(O)c12)c3ccc(O)cc3
6.135867,O=C1C(O)=C(Oc2cc(O)cc(O)c12)c3ccc(O)c(OC)c3
3.591883,O=C1C=C(Oc2cc(O)c(c(O)c12)C3OC(CO)C(O)C(O)C3O)c4ccc(O)c(O)c4
4.00765,O=C(O)C=Cc1ccc(O)cc1
3.699467,O=C1C(OC2OC(CO)C(O)C(O)C2O)=C(Oc3cc(OC4OC(C)C(O)C(O)C4O)cc(O)c13)c5ccc(O)cc5
4.089,O=C1C=C(Oc2cc(OC3OC(CO)C(O)C(O)C3O)cc(O)c12)c4ccc(O)c(O)c4
4.415067,O=C(O)C=Cc1cccc(O)c1
4.672667,O=C1C(O)=C(Oc2cc(O)cc(O)c12)c3cc(O)c(O)c(O)c3
5.946617,O=C1c2c(O)cc(O)cc2OC(c3ccc(O)cc3)C1
4.366183,O=C1C(OC2OC(C)C(O)C(O)C2O)=C(Oc3cc(O)cc(O)c13)c4ccc(O)c(O)c4
4.419233,O=C(OCC1OC(OC=2C(=O)c3c(O)cc(O)cc3OC2c4ccc(O)c(O)c4)C(O)C(O)C1O)C
5.415333,O=C(C=Cc1ccc(OC)cc1)c2c(O)cc(OC3OC(CO)C(O)C(O)C3OC4OC(C)C(O)C(O)C4O)cc2O
7.6348,O=C1C(=COc2cc(O)cc(O)c12)c3ccc(OC)cc3
4.454216,O=C1C=C(Oc2cc(O)cc(O)c12)c3ccc(OC4OC(CO)C(O)C(O)C4O)c(O)c3
5.41535,O=C1c2c(O)cc(OC3OC(CO)C(O)C(O)C3OC4OC(C)C(O)C(O)C4O)cc2OC(c5ccc(OC)cc5)C1
7.376033,O=C1C=C(Oc2cc(O)cc(O)c12)c3ccc(OC)cc3
3.274983,O=C1C(=COc2c1ccc(O)c2C3OC(CO)C(O)C(O)C3O)c4ccc(O)cc4
3.715683,O=C1C=C(Oc2c1c(O)cc(O)c2C3OC(CO)C(O)C(O)C3O)c4ccc(O)c(O)c4
4.356517,O=C1C(OC2OC(CO)C(O)C(O)C2O)=C(Oc3cc(O)cc(O)c13)c4cc(OC)c(O)c(OC)c4
5.327617,O=C1c2c(O)cc(OC3OC(COC4OC(C)C(O)C(O)C4O)C(O)C(O)C3O)cc2OC(c5ccc(OC)cc5)C1
6.01355,O=C1C(O)=C(Oc2cc(O)cc(O)c12)c3ccc(O)cc3
2.705367,Oc1ccc(cc1)-c2[o+]c3cc(O)cc(OC4OC(CO)C(O)C(O)C4O)c3cc2OC5OC(CO)C(O)C(O)C5O
2.852133,Oc1cc(O)c2cc(OC3OC(CO)C(O)C(O)C3O)c([o+]c2c1)-c4ccc(O)c(O)c4
4.341317,O=C1C=C(Oc2cc(OC3OC(CO)C(O)C(O)C3OC4OC(C)C(O)C(O)C4O)cc(O)c12)c5ccc(O)cc5
5.335383,O=C1C=C(Oc2cc(O)cc(O)c12)c3ccc(O)c(O)c3
6.027566,O=C(O)C=Cc1cccc(OC)c1
2.922933,Oc1cc(O)c2cc(OC3OC(COC4OC(C)C(O)C(O)C4O)C(O)C(O)C3O)c([o+]c2c1)-c5ccc(O)c(O)c5
3.23915,Oc1cc(O)c2c(OC(c3ccc(O)c(O)c3)C(O)C2c4c(O)cc(O)c5c4OC(c6ccc(O)c(O)c6)C(O)C5)c1
4.734217,O=CC=Cc1cc(OC)c(O)c(OC)c1
5.035634,O=C1C(=COc2cc(OC3OC(CO)C(O)C(O)C3O)ccc12)c4ccc(OC)cc4
7.44105,O=C1c2c(O)cc(O)cc2OC(c3ccc(OC)cc3)C1
3.473967,O=C1c2ccc(OC3OC(CO)C(O)C(O)C3O)c(O)c2OC(c4ccc(O)c(O)c4)C1
3.699367,O=C1C(OC2OC(COC3OCC(O)C(O)C3O)C(O)C(O)C2O)=C(Oc4cc(O)cc(O)c14)c5ccc(O)c(O)c5
4.453283,O=C1C=C(Oc2cc(OC3OC(CO)C(O)C(O)C3O)cc(O)c12)c4ccc(O)cc4
5.178967,O=C(O)C=Cc1ccc(OC)c(OC)c1
7.420833,O=C1c2c(O)cc(OC)cc2OC(c3ccc(O)cc3)C1
3.943583,O=C1C(OC2OC(C)C(O)C(O)C2O)=C(Oc3cc(O)cc(O)c13)c4ccc(O)cc4
3.943583,O=C1C(OC2OC(C)C(O)C(O)C2O)=C(Oc3cc(OC4OC(C)C(O)C(O)C4O)cc(O)c13)c5ccc(O)cc5
4.043083,O=C1c2c(O)cc(OC3OC(CO)C(O)C(O)C3OC4OC(C)C(O)C(O)C4O)cc2OC(c5ccc(O)c(O)c5)C1
4.101267,O=C(C=Cc1ccc(O)c(O)c1)c2ccc(OC3OC(CO)C(O)C(O)C3O)c(O)c2O
6.022717,Oc1cc(O)c2cc(O)c([o+]c2c1)-c3ccc(O)c(O)c3
6.255483,O=C(O)C=Cc1cc(OC)cc(OC)c1
3.8372,O=C1C=C(Oc2c1c(O)cc(O)c2C3OC(CO)C(O)C(O)C3OC4OC(C)C(O)C(O)C4O)c5ccc(O)cc5
3.916283,O=C1c2c(O)cc(OC3OC(COC4OC(C)C(O)C(O)C4O)C(O)C(O)C3O)cc2OC(c5ccc(O)c(O)c5)C1
4.092834,O=C1c2c(O)cc(OC3OC(CO)C(O)C(O)C3O)cc2OC(c4ccc(O)c(O)c4)C1
5.282817,O=C1C(O)=C(Oc2cc(OC3OC(C)C(O)C(O)C3O)cc(O)c12)c4ccc(O)cc4
5.349916,O=C1c2c(O)cc(O)cc2OC(c3ccc(O)c(O)c3)C1
8.504216,O=C1c2ccccc2OC(c3ccccc3)C1
3.12875,Oc1cc(O)c2c(OC(c3ccc(O)c(O)c3)C(O)C2)c1
3.464,O=C(OC1Cc2c(O)cc(O)cc2OC1c3cc(O)c(O)c(O)c3)c4cc(O)c(O)c(O)c4
3.96405,O=C1C=C(Oc2c1c(O)cc(O)c2C3OC(CO)C(O)C(O)C3O)c4ccc(O)cc4
4.2816,O=C1c2c(O)cc(OC3OC(COC4OC(C)C(O)C(O)C4O)C(O)C(O)C3O)cc2OC(c5ccc(O)cc5)C1
4.39275,O=C1C=C(Oc2cc(OC3OC(COC4OC(C)C(O)C(O)C4O)C(O)C(O)C3O)cc(O)c12)c5ccc(OC)c(O)c5
5.004367,Oc1ccc(cc1)C=Cc2cc(O)cc(O)c2
3.119067,Oc1ccc(cc1)-c2[o+]c3cc(O)cc(O)c3cc2OC4OC(CO)C(O)C(O)C4O
3.18585,Oc1cc(O)c2cc(OC3OC(CO)C(O)C(O)C3O)c([o+]c2c1)-c4ccc(O)c(OC)c4
4.47315,O=C1C=C(Oc2cc(OC3OC(CO)C(O)C(O)C3OC4OC(C)C(O)C(O)C4O)cc(O)c12)c5ccc(OC)c(O)c5
5.152583,O=C1C(=COc2cc(O)ccc12)c3ccc(O)cc3
5.192966,O=C1C=C(Oc2cc(OC3OC(COC4OC(C)C(O)C(O)C4O)C(O)C(O)C3O)cc(O)c12)c5ccc(OC)cc5
3.864533,O=C1C(OC2OC(COC3OC(C)C(O)C(O)C3O)C(O)C(O)C2O)=C(Oc4cc(O)cc(O)c14)c5ccc(O)c(O)c5
4.520517,O=C1c2c(O)cc(OC3OC(CO)C(O)C(O)C3O)cc2OC(c4ccc(O)cc4)C1
5.257767,O=C1C=C(Oc2cc(OC3OC(CO)C(O)C(O)C3OC4OC(C)C(O)C(O)C4O)cc(O)c12)c5ccc(OC)cc5
6.4339,O=C(C=Cc1ccc(O)cc1)c2ccc(O)cc2O
4.09625,O=C1C(OC2OC(COC3OC(C)C(O)C(O)C3O)C(O)C(O)C2O)=C(Oc4cc(O)cc(O)c14)c5ccccc5O
4.589867,O=C1c2c(O)cc(OC3OC(CO)C(O)C(O)C3OC4OC(C)C(O)C(O)C4O)cc2OC(c5ccc(OC)c(O)c5)C1
3.99655,O=C1C(OC2OC(CO)C(O)C(O)C2O)=C(Oc3cc(O)cc(O)c13)c4ccc(O)c(O)c4
7.544483,O=C1C(O)=C(Oc2cc(O)cc(O)c12)c3ccc(OC)cc3
3.524367,O=C1C=C(Oc2cc(OC3OC(CO)C(O)C(O)C3O)c(c(O)c12)C4OC(CO)C(O)C(O)C4O)c5ccc(O)cc5
4.507534,O=C1c2c(O)cc(OC3OC(COC4OC(C)C(O)C(O)C4O)C(O)C(O)C3O)cc2OC(c5ccc(OC)c(O)c5)C1
5.3665,O=C1C(O)=C(Oc2cc(O)cc(O)c12)c3ccc(O)c(O)c3
6.685184,O=C1C(=COc2cc(O)ccc21)c3ccc(OC)cc3
2.500267,Oc1cc(OC2OC(CO)C(O)C(O)C2O)c3cc(OC4OC(CO)C(O)C(O)C4O)c([o+]c3c1)-c5ccc(O)c(O)c5
4.507534,O=C1C(O)=C(Oc2cc(O)cc(O)c12)c3ccc(OC4OC(CO)C(O)C(O)C4O)c(O)c3
5.209317,O=C(OCC1OC(OC=2C(=O)c3c(O)cc(O)cc3OC2c4ccc(O)cc4)C(O)C(O)C1O)C=Cc5ccc(O)cc5
5.73275,O=C1C(=COc2cc(OC3OC(CO)C(O)C(O)C3O)cc(O)c12)c4ccc(OC)cc4
5.8779,O=C1c2cccc(O)c2C(=O)c3c(O)cc(cc13)CO
6.156734,O=C1c2c(O)cc(O)cc2OC(c3ccc(OC)c(O)c3)C1
3.98575,O=C1C(Oc2c(O)c(OC3OC(CO)C(O)C(O)C3O)ccc12)=Cc4ccc(O)c(O)c4
4.137733,O=C1C(OC2OC(COC3OC(C)C(O)C(O)C3O)C(O)C(O)C2O)=C(Oc4cc(O)cc(O)c14)c5ccc(O)cc5
4.393083,O=C1C(OC2OC(CO)C(O)C(O)C2O)=C(Oc3cc(O)cc(O)c13)c4ccc(O)c(OC)c4
5.073534,O=C(c1c(O)cc(OC2OC(CO)C(O)C(O)C2OC3OC(C)C(O)C(O)C3O)cc1O)CCc4ccc(OC)c(O)c4
5.891117,O=C1C=C(Oc2cc(O)cc(O)c12)c3ccc(O)cc3
3.296733,[O-]c1cc(O)cc2[o+]c(c(OC3OCC(O)C(O)C3O)cc12)-c4ccc(O)c(OC)c4
3.53515,O=C1C(OC2OC(CO)C(O)C(O)C2O)=C(Oc3cc(O)cc(O)c13)c4ccc(OC5OC(CO)C(O)C(O)C5O)c(O)c4
4.151183,O=C1C(OC2OC(CO)C(O)C(OC3OC(C)C(O)C(O)C3O)C2O)=C(Oc4cc(O)cc(O)c14)c5ccc(O)cc5
5.42465,O=C(O)C=Cc1ccccc1
2.65285,Oc1cc(O)c2cc(OC3OC(CO)C(O)C(O)C3OC4OCC(O)C(O)C4O)c([o+]c2c1)-c5cc(O)c(O)c(O)c5
3.212583,Oc1cc(O)c2cc(OC3OC(CO)C(O)C(O)C3O)c([o+]c2c1)-c4cc(O)c(O)c(OC)c4
3.647717,O=C1Oc2c(O)c(O)ccc2C=C1
4.171566,O=C1C(OC2OCC(O)C(O)C2O)=C(Oc3cc(O)cc(O)c13)c4ccc(O)c(O)c4
5.374817,Oc1cc(O)c2cc(O)c([o+]c2c1)-c3cc(O)c(O)c(O)c3
2.8714,O=C1Oc2cc(O)c(O)cc2C=C1
2.77125,Oc1cc(O)c2cc(OC3OC(CO)C(O)C(O)C3OC4OC(CO)C(O)C(O)C4O)c([o+]c2c1)-c5ccc(O)c(O)c5
3.8971,O=C1C(OC2OCC(O)C(O)C2O)=C(Oc3cc(O)cc(O)c13)c4cc(O)c(O)c(O)c4
4.239666,O=C1Oc2cc(O)c(OC)cc2C=C1
2.872917,Oc1cc(O)c2cc(OC3OC(CO)C(O)C(O)C3OC4OCC(O)C(O)C4O)c([o+]c2c1)-c5ccc(O)c(O)c5
4.343433,O=C(O)C1OC(OC=2C(=O)c3c(O)cc(O)cc3OC2c4ccc(O)cc4)C(O)C(O)C1O
7.751167,O=C1C=C(Oc2ccccc12)c3ccccc3
3.01375,Oc1cc(O)c2cc(OC3OCC(O)C(O)C3O)c([o+]c2c1)-c4ccc(O)c(O)c4
3.121167,[O-]c1cc(O)cc2[o+]c(c(OC3OC(CO)C(O)C(O)C3O)cc12)-c4ccc(O)c(OC)c4
7.4505,O=C1c2ccccc2OC(c3ccccc3O)C1
2.793933,Oc1cc(OC2OC(CO)C(O)C(O)C2O)c3cc(OC4OC(CO)C(O)C(O)C4O)c([o+]c3c1)-c5ccc(O)c(OC)c5
3.2063,Oc1cc(O)c2cc(OC3OC(C)C(O)C(O)C3O)c([o+]c2c1)-c4ccc(O)c(O)c4
7.174033,O=C1c2cc(O)ccc2OC(c3ccccc3)C1
3.6386,O=C1C=C(Oc2c1c(O)c(c(O)c2C3OC(CO)C(O)C(O)C3O)C4OC(CO)C(O)C4O)c5ccc(O)cc5
9.019167,O=C(C=Cc1ccccc1)c2ccccc2
3.55055,O=C1C=C(Oc2c1c(O)c(c(O)c2C3OC(CO)C(O)C3O)C4OC(CO)C(O)C(O)C4O)c5ccc(O)cc5
3.302967,O=C1C=C(Oc2c1c(O)c(c(O)c2C3OC(CO)C(O)C(O)C3O)C4OC(CO)C(O)C(O)C4O)c5ccc(O)cc5
4.206284,O=C(O)C=Cc1cc(OC)c(O)c(OC)c1
4.763333,O=CC=Cc1ccc(O)c(OC)c1
3.100167,O=C1C=C(Oc2c1c(O)c(c(O)c2C3OC(CO)C(O)C(O)C3O)C4OC(CO)C(O)C(O)C4O)c5ccc(O)c(O)c5
3.436733,O=C(O)C=Cc1ccc(O)c(O)c1
7.369067,O=C1C=C(Oc2cc(O)cc(O)c12)c3ccccc3
3.799717,O=C1C(OC2OC(CO)C(O)C(O)C2OC3OC(CO)C(O)C(O)C3O)=C(Oc4cc(O)cc(O)c14)c5ccc(O)cc5
3.9478,O=C1C=C(Oc2cc(O)c(c(O)c12)C3OC(CO)C(O)C(O)C3O)c4ccc(O)cc4
4.239517,O=C(O)C=Cc1ccc(O)c(OC)c1
3.768467,O=S(C=CCCN=C=S)C
3.691833,O=S(C)CCCCN=C=S
9.19045,S=C=NCCCCCCCSC
7.912717,O=C1OC2(O)C(=C1C)CC3C(=C)CCCC3(C)C2
8.74705,O=C1Oc2c(C=C1)ccc(OC)c2CC=C(C)C
3.420583,O=C(OC)C1=COC(OC2OC(CO)C(O)C(O)C2O)C3C(=CCC13)CO
3.44245,O=C1OCC=C2C1=COC(OC3OC(CO)C(O)C(O)C3O)C2C=C
6.573467,O=C(c1ccc(OC)cc1O)C
2.8591,O=C1OC2C(O)C(O)C(OC2c3c(O)c(OC)c(O)cc13)CO
9.205833,Oc1ccc(cc1-c2cc(ccc2O)CC=C)CC=C
4.2761,O=C1Oc2c(OC)c(O)c(OC)cc2C=C1
7.2724,O=C1C=C(Oc2c(OC)c(O)cc(O)c12)c3ccccc3
7.508033,O=C1OC=C(C=C1)C2C(OC(=O)C)C3OC34C5CCC6CC(O)CCC6(C)C5CCC24C
5.000916,O=C1Oc2cc(OC)c(OC)cc2C=C1
6.399233,O=C1C=C(Oc2cc(O)c(O)c(O)c12)c3ccccc3
6.99085,O=C1OC=C(C=C1)C2CCC3(O)C4CCC5CC(O)CCC5(C)C4CCC23C
8.6288,Oc1ccc(cc1-c2ccc(O)c(c2)CC=C)CC=C
4.083034,O=C1c2ccc(O)cc2OC(c3ccc(OC4OC(CO)C(O)C(O)C4O)cc3)C1
7.5633,O=C1OC=C(C=C1)C2CC3OC34C5CCC6CC(O)CCC6(C)C5CCC24C
4.1478,O=C1C(OC2OC(C)C(O)C(O)C2OC3OC(CO)C(O)C(O)C3O)=C(Oc4cc(O)cc(O)c14)c5ccc(O)c(O)c5
4.0737,O=C1C=C(Oc2cc(OC3OC(CO)C(O)C(O)C3O)c(O)c(O)c12)c4ccc(O)cc4
5.986467,O=C1C(=COc2cc(O)c(OC)c(O)c12)c3ccc(O)cc3
2.6148,Oc1cc(O)c2cc(OC3OC(CO)C(O)C(O)C3O)c([o+]c2c1)-c4cc(O)c(O)c(O)c4
4.377234,O=C1c2c(O)cc(OC3OC(CO)C(O)C(O)C3OC4OC(C)C(O)C(O)C4O)cc2OC(c5ccc(O)cc5)C1
3.1978,O=C1OCCC2(O)C1=COC(OC3OC(CO)C(O)C(O)C3O)C2C=C
5.426533,O=C1C(OC2OC(C)C(O)C(O)C2O)=C(Oc3c1c(O)cc(OC4OC(CO)C(O)C(O)C4O)c3CC=C(C)C)c5ccc(OC)cc5
6.823534,O=C1OC(CC(=C1C)C)C(C)C2(O)CCC3C4C5OC5C6(O)CC=CC(=O)C6(C)C4CCC32C
9.894167,O=C(O)C12CCC(C)C(C)C2C3=CCC4C5(C)CC(O)C(O)C(C)(C)C5CCC4(C)C3(C)CC1
5.359533,O=C1OC2OC34C(=O)OC5CC(C(C)(C)C)C2(C1O)C54C(O)C6OC(=O)C(C)C63O
9.771733,O=C(O)C12CCC(C)(C)CC2C3=CCC4C5(C)CC(O)C(O)C(C)(C)C5CCC4(C)C3(C)CC1
7.59405,OC1(C)Cc2cc(OC)c(OC)c(OC)c2-c3c(OC)c(OC)c(OC)cc3CC1C
4.33045,O=C1OC2OC34C(=O)OC5C(O)C(C(C)(C)C)C2(C1O)C54C(O)C6OC(=O)C(C)C63O
4.95995,O=C1c2c(O)cc(O)cc2OC(c3cc(O)c4OC(c5ccc(O)c(OC)c5)C(c4c3)CO)C1O
6.626317,O=C1OCC(Cc2ccc(OC)c(OC)c2)C1Cc3ccc(O)c(OC)c3
5.401,O=C1OCC2C(OC3OC4COC(OC4C(O)C3O)C)c5cc6OCOc6cc5C(c7cc(OC)c(O)c(OC)c7)C12
5.26195,Oc1cccc(c1)CC(CO)C(CO)Cc2cccc(O)c2
8.822333,O=C1OC(OCC)c2c1cc3ccc4OCOc4c3c2-c5ccc6OCOc6c5
8.934183,O=C1OCc2c1cc3c(OC)c4OCOc4cc3c2-c5ccc6OCOc6c5
3.670633,Oc1ccc(cc1OC)CC(COC2OC(CO)C(O)C(O)C2O)C(COC3OC(CO)C(O)C(O)C3O)Cc4ccc(O)c(OC)c4
6.26135,O=C1OCC2C(O)c3cc4OCOc4cc3C(c5cc(OC)c(OC)c(OC)c5)C12
5.957433,O=C1OCC(Cc2ccc(O)c(OC)c2)C1Cc3ccc(O)c(OC)c3
4.76425,Oc1ccc(cc1OC)CC(CO)C(CO)Cc2ccc(O)c(OC)c2
6.179266,O=C1OCC(Cc2cccc(O)c2)C1Cc3cccc(O)c3
3.598017,[O-]c1cc(ccc1O)-c2[o+]c3cc(O)cc(O)c3cc2
4.530533,O=CC=Cc1ccc(O)cc1
5.6079,O=C(O)C(N=C(O)Cc1c[nH]c2ccccc21)C(C)C
4.80495,O=C1c2c(O)cc(O)cc2OC(c3ccc(O)cc3)C1O
2.0399,O=C(O)c1cc(O)c(O)c(O)c1
6.14075,O=C(O)C(N=C(O)Cc1c[nH]c2ccccc21)C(C)CC
5.589267,O=Cc1ccc(OC(=O)C)c(OC)c1
6.195467,O=C(O)C(N=C(O)Cc1c[nH]c2ccccc21)CC(C)C
4.116467,O=C(O)CCC(N=C(O)Cc1c[nH]c2ccccc21)C(=O)O
4.313133,O=C(c1cc(OC)c(O)c(OC)c1)C
6.3398,O=C(O)C(N=C(O)Cc1c[nH]c2ccccc21)Cc3ccccc3
5.145717,Oc1ccc(cc1)CCc2cc(O)cc(O)c2
8.4558,O=C(Oc1ccc(cc1)C=Cc2cc(OC(=O)C)cc(OC(=O)C)c2)C
4.545784,O=C(O)C(N=C(O)Cc1c[nH]c2ccccc21)C
6.191566,O=C(O)C(N=C(O)Cc1c[nH]c2ccccc21)Cc3c[nH]c4ccccc43
3.865433,[O-]c1cc(O)cc2[o+]c(ccc12)-c3ccc(O)cc3
4.04955,Oc1ccc(cc1)C=Cc2cc(O)cc(OC3OC(CO)C(O)C(O)C3O)c2
5.807217,Oc1ccc(cc1)C=Cc2cc(O)cc3OC(c4ccc(O)cc4)C(c5cc(O)cc(O)c5)c32
8.020467,Oc1ccc(cc1)C=Cc2cc(OC)cc(OC)c2
9.597816,O(c1ccc(cc1)C=Cc2cc(OC)cc(OC)c2)C
6.58855,OCC1OC(OC(C)(CCC=C(C)C)C2CCC3(C)C2C(O)CC4C5(C)CCC(O)C(C)(C)C5C(O)CC43C)C(O)C(O)C1O
8.944983,OCC1(C)C(O)CCC2(C)C1CCC3(C)C2CC=C4C5CC(C)(C)C(O)C(O)C5(C)CCC43C
7.631933,OCC1OC(OC2CCC3(C)C(CCC4(C)C3CC(O)C5C(C(=CCC=C(C)C)C)CCC54C)C2(C)C)C(O)C(O)C1O
9.509533,OCC1OC(OC(C)(CCC=C(C)C)C2CCC3(C)C2C(O)CC4C5(C)CCC(O)C(C)(C)C5CCC43C)C(O)C(O)C1O
