retention_time,smiles
9.062286,OC(=NC(CO)C(O)C(O)CCCCCCCCCCCCCC)C(O)CCCCCCCCCCCCCC
9.853487,OC(=NC(CO)C(O)C(O)CCCCCCCCCCCCCC)C(O)CCCCCCCCCCCCCCCC
10.93989,OC(=NC(CO)C(O)C(O)CCCCCCCCCCCCCC)C(O)CCCCCCCCCCCCCCCCCC
12.38849,OC(=NC(CO)C(O)C(O)CCCCCCCCCCCCCC)C(O)CCCCCCCCCCCCCCCCCCCC
12.93959,OC(=NC(CO)C(O)C(O)CCCCCCCCCCCCCC)C(O)CCCCCCCCCCCCCCCCCCCCC
13.1006,OC(=NC(CO)C(O)C(O)CCCCCCCCCCCCCC)C(O)CCCCCCCCCCCCCCCCCCCCCC
12.4224,OC(=NC(CO)C(O)C(O)CCCCCCCCCCCCCC)C(O)CCCCCCCCC=CCCCCCCCCCCCC
9.41669,OC(=NC(CO)C(O)C=CCCCCCCCCCCCCC)C(O)CCCCCCCCCCCCCC
11.49298,OC(=NC(CO)C(O)C=CCCCCCCCCCCCCC)C(O)CCCCCCCCCCCCCCCCCC
12.89273,OC(=NC(CO)C(O)C=CCCCCCCCCCCCCC)C(O)CCCCCCCCCCCCCCCCCCCC
13.08026,OC(=NC(CO)C(O)C=CCCCCCCCCCCCCC)C(O)CCCCCCCCCCCCCCCCCCCCC
13.1941,OC(=NC(CO)C(O)C=CCCCCCCCCCCCCC)C(O)CCCCCCCCCCCCCCCCCCCCCC
12.9035,OC(=NC(CO)C(O)C=CCCCCCCCCCCCCC)C(O)CCCCCCCCC=CCCCCCCCCCCCC
10.33018,OC(=NC(CO)C(O)C=CCCCCCCCCCCCCCCC)C(O)CCCCCCCCCCCCCC
9.29612,OC(=NC(CO)C(O)C(O)CCCCCCCCCCCCCC)CCCCCCCCCCCCCCC
10.25346,OC(=NC(CO)C(O)C(O)CCCCCCCCCCCCCC)CCCCCCCCCCCCCCCCC
11.36355,OC(=NC(CO)C(O)C(O)CCCCCCCCCCCCCC)CCCCCCCCCCCCCCCCCCC
12.84217,OC(=NC(CO)C(O)C(O)CCCCCCCCCCCCCC)CCCCCCCCCCCCCCCCCCCCC
13.05444,OC(=NC(CO)C(O)C(O)CCCCCCCCCCCCCC)CCCCCCCCCCCCCCCCCCCCCC
13.17503,OC(=NC(CO)C(O)C(O)CCCCCCCCCCCCCC)CCCCCCCCCCCCCCCCCCCCCCC
12.85404,OC(=NC(CO)C(O)C(O)CCCCCCCCCCCCCC)CCCCCCCCCC=CCCCCCCCCCCCC
13.38844,OC(=NC(CO)C(O)C(O)CCCCCCCCCCCCCCCC)CCCCCCCCCCCCCCCCCCCCCCC
9.01182,OC(=NC(CO)C(O)C=CCCCCCCCCCCC)CCCCCCCCCCCCCCC
9.005289,OC(=NC(CO)C(O)C=CCCCCCCCCCCC)CCCCCCCCCCCCCCC
9.363428,OC(=NC(CO)C(O)C=CCCCCCCCCCCCC)CCCCCCCCCCCCCCC
9.369188,OC(=NC(CO)C(O)C=CCCCCCCCCCCCC)CCCCCCCCCCCCCCC
8.445436,OC(=NC(CO)C(O)C=CCCCCCCCCCCCCC)CCCCCCCCCCC
9.011998,OC(=NC(CO)C(O)C=CCCCCCCCCCCCCC)CCCCCCCCCCCCC
9.784235,OC(=NC(CO)C(O)C=CCCCCCCCCCCCCC)CCCCCCCCCCCCCCC
10.28055,OC(=NC(CO)C(O)C=CCCCCCCCCCCCCC)CCCCCCCCCCCCCCCC
10.21148,OC(=NC(CO)C(O)C=CCCCCCCCCCCCCC)CCCCCCCCCCCCCCCC
10.76745,OC(=NC(CO)C(O)C=CCCCCCCCCCCCCC)CCCCCCCCCCCCCCCCC
10.8503,OC(=NC(CO)C(O)C=CCCCCCCCCCCCCC)CCCCCCCCCCCCCCCCC
11.51428,OC(=NC(CO)C(O)C=CCCCCCCCCCCCCC)CCCCCCCCCCCCCCCCCC
11.49755,OC(=NC(CO)C(O)C=CCCCCCCCCCCCCC)CCCCCCCCCCCCCCCCCC
11.42172,OC(=NC(CO)C(O)C=CCCCCCCCCCCCCC)CCCCCCCCCCCCCCCCCC
12.21341,OC(=NC(CO)C(O)C=CCCCCCCCCCCCCC)CCCCCCCCCCCCCCCCCCC
12.27958,OC(=NC(CO)C(O)C=CCCCCCCCCCCCCC)CCCCCCCCCCCCCCCCCCC
12.27682,OC(=NC(CO)C(O)C=CCCCCCCCCCCCCC)CCCCCCCCCCCCCCCCCCC
12.90969,OC(=NC(CO)C(O)C=CCCCCCCCCCCCCC)CCCCCCCCCCCCCCCCCCCC
12.90041,OC(=NC(CO)C(O)C=CCCCCCCCCCCCCC)CCCCCCCCCCCCCCCCCCCC
13.08264,OC(=NC(CO)C(O)C=CCCCCCCCCCCCCC)CCCCCCCCCCCCCCCCCCCCC
13.07334,OC(=NC(CO)C(O)C=CCCCCCCCCCCCCC)CCCCCCCCCCCCCCCCCCCCC
12.25477,OC(=NC(CO)C(O)C=CCCCCCCCCCCCCC)CCCCCCCCCC=CCCCCCCCCCC
13.20255,OC(=NC(CO)C(O)C=CCCCCCCCCCCCCC)CCCCCCCCCCCCCCCCCCCCCC
13.20415,OC(=NC(CO)C(O)C=CCCCCCCCCCCCCC)CCCCCCCCCCCCCCCCCCCCCC
13.31004,OC(=NC(CO)C(O)C=CCCCCCCCCCCCCC)CCCCCCCCCCCCCCCCCCCCCCC
13.07228,OC(=NC(CO)C(O)C=CCCCCCCCCCCCCC)CCCCCCCCCC=CCCCCCCCCCCCC
13.07602,OC(=NC(CO)C(O)C=CCCCCCCCCCCCCC)CCCCCCCCCC=CCCCCCCCCCCCC
12.64276,OC(=NC(CO)C(O)C=CCCCCCCCCCCCCC)CCCCCCCCCCCCCCCCC=CCC=CCC
12.6844,OC(=NC(CO)C(O)C=CCCCCCCCCCCCCC)CCCCCCCCCCCCCCCCC=CCC=CCC
13.41847,OC(=NC(CO)C(O)C=CCCCCCCCCCCCCC)CCCCCCCCCCCCCCCCCCCCCCCC
13.18672,OC(=NC(CO)C(O)C=CCCCCCCCCCCCCC)CCCCCCCCCC=CCCCCCCCCCCCCC
9.130492,OC(=NC(CO)C(O)C=CCCC=CCCCCCCCCC)CCCCCCCCCCCCCCC
9.906059,OC(=NC(CO)C(O)C=CCCC=CCCCCCCCCC)CCCCCCCCCCCCCCCCC
11.05863,OC(=NC(CO)C(O)C=CCCC=CCCCCCCCCC)CCCCCCCCCCCCCCCCCCC
12.56107,OC(=NC(CO)C(O)C=CCCC=CCCCCCCCCC)CCCCCCCCCCCCCCCCCCCCC
12.98283,OC(=NC(CO)C(O)C=CCCC=CCCCCCCCCC)CCCCCCCCCCCCCCCCCCCCCC
13.12529,OC(=NC(CO)C(O)C=CCCC=CCCCCCCCCC)CCCCCCCCCCCCCCCCCCCCCCC
12.5883,OC(=NC(CO)C(O)C=CCCC=CCCCCCCCCC)CCCCCCCCCC=CCCCCCCCCCCCC
11.40854,OC(=NC(CO)C(O)C=CCCC=CCCCCCCCCC)CCCCCCCCCCCCCCCCC=CCC=CCC
13.23607,OC(=NC(CO)C(O)C=CCCC=CCCCCCCCCC)CCCCCCCCCCCCCCCCCCCCCCCC
12.98212,OC(=NC(CO)C(O)C=CCCC=CCCCCCCCCC)CCCCCCCCCC=CCCCCCCCCCCCCC
13.34272,OC(=NC(CO)C(O)C=CCCC=CCCCCCCCCC)CCCCCCCCCCCCCCCCCCCCCCCCC
13.12883,OC(=NC(CO)C(O)C=CCCC=CCCCCCCCCC)CCCCCCCCCC=CCCCCCCCCCCCCCC
12.1937,OC(=NC(CO)C(O)C=CCCCCCCCCCCCCCCC)CCCCCCCCCCCCCCCCC
13.53073,OC(=NC(CO)C(O)C=CCCCCCCCCCCCCCCC)CCCCCCCCCCCCCCCCCCCCCCC
13.31557,OC(=NC(CO)C(O)C=CCCCCCCCCCCCCCCC)CCCCCCCCCC=CCCCCCCCCCCCC
13.65635,OC(=NC(CO)C(O)C=CCCCCCCCCCCCCCCC)CCCCCCCCCCCCCCCCCCCCCCCC
13.77286,OC(=NC(CO)C(O)C=CCCCCCCCCCCCCCCC)CCCCCCCCCCCCCCCCCCCCCCCCC
13.53129,OC(=NC(CO)C(O)C=CCCCCCCCCCCCCCCC)CCCCCCCCCC=CCCCCCCCCCCCCCC
13.77116,OC(=NC(CO)C(O)C=CCCCCCCCCCCCCCCC)CCCCCCCCCCCC=CCCCCCCCCCCCCCC
8.466309,O=C(OCC(OC(=O)CCCCCCCCCCCCC)COP(=O)([O-])OCC[N+](C)(C)C)CCCCCCCCCCCCC
9.031368,O=C(OCC(OC(=O)CCCCCCCCCCCCCCC)COP(=O)([O-])OCC[N+](C)(C)C)CCCCCCCCCCCCC
8.556919,O=C(OCC(OC(=O)CCCCCCCC=CCCCCCC)COP(=O)([O-])OCC[N+](C)(C)C)CCCCCCCCCCCCC
8.588853,O=C(OCC(OC(=O)CCCCCCCC=CCCCCCC)COP(=O)([O-])OCC[N+](C)(C)C)CCCCCCCCCCCCC
8.706791,O=C(OCC(OC(=O)CCCCCCCC=CCC=CCCCCC)COP(=O)([O-])OCC[N+](C)(C)C)CCCCCCCCCCCCC
8.67962,O=C(OCC(OC(=O)CCCCCCCC=CCC=CCCCCC)COP(=O)([O-])OCC[N+](C)(C)C)CCCCCCCCCCCCC
8.382978,O=C(OCC(OC(=O)CCCCCCCC=CCC=CCC=CCC)COP(=O)([O-])OCC[N+](C)(C)C)CCCCCCCCCCCCC
8.676142,O=C(OCC(OC(=O)CCCCCCC=CCC=CCC=CCC=CCC)COP(=O)([O-])OCC[N+](C)(C)C)CCCCCCCCCCCCC
8.366549,O=C(OCC(OC(=O)CCCC=CCC=CCC=CCC=CCC=CCC)COP(=O)([O-])OCC[N+](C)(C)C)CCCCCCCCCCCCC
8.602148,O=C(OCC(OC(=O)CCC=CCC=CCC=CCC=CCC=CCC=CCC)COP(=O)([O-])OCC[N+](C)(C)C)CCCCCCCCCCCCC
9.385274,O=C(OCC(OC(=O)CCCCCCCCCCCCCCC)COP(=O)([O-])OCC[N+](C)(C)C)CCCCCCCCCCCCCC
9.496885,O=C(OCC(OC(=O)CCCCCCCC=CCCCCCCCC)COP(=O)([O-])OCC[N+](C)(C)C)CCCCCCCCCCCCCC
9.005995,O=C(OCC(OC(=O)CCCCCCCC=CCC=CCCCCC)COP(=O)([O-])OCC[N+](C)(C)C)CCCCCCCCCCCCCC
8.968454,O=C(OCC(OC(=O)CCCCCCC=CCC=CCC=CCC=CCC)COP(=O)([O-])OCC[N+](C)(C)C)CCCCCCCCCCCCCC
8.634011,O=C(OCC(OC(=O)CCCC=CCC=CCC=CCC=CCC=CCC)COP(=O)([O-])OCC[N+](C)(C)C)CCCCCCCCCCCCCC
8.886827,O=C(OCC(OC(=O)CCC=CCC=CCC=CCC=CCC=CCC=CCC)COP(=O)([O-])OCC[N+](C)(C)C)CCCCCCCCCCCCCC
9.791304,O=C(OCC(OC(=O)CCCCCCCCCCCCCCC)COP(=O)([O-])OCC[N+](C)(C)C)CCCCCCCCCCCCCCC
9.167537,O=C(OCC(OC(=O)CCCCCCCC=CCCCCCC)COP(=O)([O-])OCC[N+](C)(C)C)CCCCCCCCCCCCCCC
10.22326,O=C(OCC(OC(=O)CCCCCCCCCCCCCCCC)COP(=O)([O-])OCC[N+](C)(C)C)CCCCCCCCCCCCCCC
9.503921,O=C(OCC(OC(=O)CCCCCCCC=CCCCCCCC)COP(=O)([O-])OCC[N+](C)(C)C)CCCCCCCCCCCCCCC
9.471271,O=C(OCC(OC(=O)CCCCCCCC=CCCCCCCC)COP(=O)([O-])OCC[N+](C)(C)C)CCCCCCCCCCCCCCC
10.74245,O=C(OCC(OC(=O)CCCCCCCCCCCCCCCCC)COP(=O)([O-])OCC[N+](C)(C)C)CCCCCCCCCCCCCCC
9.861574,O=C(OCC(OC(=O)CCCCCCCC=CCCCCCCCC)COP(=O)([O-])OCC[N+](C)(C)C)CCCCCCCCCCCCCCC
9.353429,O=C(OCC(OC(=O)CCCCCCCC=CCC=CCCCCC)COP(=O)([O-])OCC[N+](C)(C)C)CCCCCCCCCCCCCCC
9.29863,O=C(OCC(OC(=O)CCCCCCCC=CCC=CCCCCC)COP(=O)([O-])OCC[N+](C)(C)C)CCCCCCCCCCCCCCC
8.912923,O=C(OCC(OC(=O)CCCCCCCC=CCC=CCC=CCC)COP(=O)([O-])OCC[N+](C)(C)C)CCCCCCCCCCCCCCC
9.597166,O=C(OCC(OC(=O)CCCCCCCCCC=CCC=CCC=CCC)COP(=O)([O-])OCC[N+](C)(C)C)CCCCCCCCCCCCCCC
9.304044,O=C(OCC(OC(=O)CCCCCCC=CCC=CCC=CCC=CCC)COP(=O)([O-])OCC[N+](C)(C)C)CCCCCCCCCCCCCCC
8.91649,O=C(OCC(OC(=O)CCCC=CCC=CCC=CCC=CCC=CCC)COP(=O)([O-])OCC[N+](C)(C)C)CCCCCCCCCCCCCCC
9.922771,O=C(OCC(OC(=O)CCCCCCCCC=CCC=CCC=CCC=CCC)COP(=O)([O-])OCC[N+](C)(C)C)CCCCCCCCCCCCCCC
9.926497,O=C(OCC(OC(=O)CCCCCCCCC=CCC=CCC=CCC=CCC)COP(=O)([O-])OCC[N+](C)(C)C)CCCCCCCCCCCCCCC
9.418758,O=C(OCC(OC(=O)CCCCCC=CCC=CCC=CCC=CCC=CCC)COP(=O)([O-])OCC[N+](C)(C)C)CCCCCCCCCCCCCCC
9.639522,O=C(OCC(OC(=O)CCCCCC=CCC=CCC=CCC=CCC=CCC)COP(=O)([O-])OCC[N+](C)(C)C)CCCCCCCCCCCCCCC
9.405846,O=C(OCC(OC(=O)CCCCCC=CCC=CCC=CCC=CCC=CCC)COP(=O)([O-])OCC[N+](C)(C)C)CCCCCCCCCCCCCCC
9.202155,O=C(OCC(OC(=O)CCC=CCC=CCC=CCC=CCC=CCC=CCC)COP(=O)([O-])OCC[N+](C)(C)C)CCCCCCCCCCCCCCC
13.26266,O=C(OCC(OC(=O)CCCCCCCCCCCCCCCCCCCCCCC)COP(=O)([O-])OCC[N+](C)(C)C)CCCCCCCCCCCCCCC
13.07663,O=C(OCC(OC(=O)CCCCCCCCCCCC=CCCCCCCCCCC)COP(=O)([O-])OCC[N+](C)(C)C)CCCCCCCCCCCCCCC
8.707123,O=C(OCC(OC(=O)CCCCCCCC=CCCCCCC)COP(=O)([O-])OCC[N+](C)(C)C)CCCCCCCC=CCCCCCC
8.806489,O=C(OCC(OC(=O)CCCCCCCC=CCC=CCCCCC)COP(=O)([O-])OCC[N+](C)(C)C)CCCCCCCC=CCCCCCC
8.864018,O=C(OCC(OC(=O)CCCCCCCC=CCC=CCCCCC)COP(=O)([O-])OCC[N+](C)(C)C)CCCCCCCC=CCCCCCC
8.764194,O=C(OCC(OC(=O)CCCCCCC=CCC=CCC=CCC=CCC)COP(=O)([O-])OCC[N+](C)(C)C)CCCCCCCC=CCCCCCC
8.462694,O=C(OCC(OC(=O)CCCC=CCC=CCC=CCC=CCC=CCC)COP(=O)([O-])OCC[N+](C)(C)C)CCCCCCCC=CCCCCCC
8.69875,O=C(OCC(OC(=O)CCC=CCC=CCC=CCC=CCC=CCC=CCC)COP(=O)([O-])OCC[N+](C)(C)C)CCCCCCCC=CCCCCCC
8.393863,O=C(OCC(OC(=O)CCC=CCC=CCC=CCC=CCC=CCC=CCC)COP(=O)([O-])OCC[N+](C)(C)C)CCCCCCCC=CCC=CCCC
10.41512,O=C(OCC(OC(=O)CCCCCCCC=CCCCCCCCC)COP(=O)([O-])OCC[N+](C)(C)C)CCCCCCCCCCCCCCCC
9.752016,O=C(OCC(OC(=O)CCCCCCCC=CCC=CCCCCC)COP(=O)([O-])OCC[N+](C)(C)C)CCCCCCCCCCCCCCCC
9.706861,O=C(OCC(OC(=O)CCCCCCC=CCC=CCC=CCC=CCC)COP(=O)([O-])OCC[N+](C)(C)C)CCCCCCCCCCCCCCCC
9.578217,O=C(OCC(OC(=O)CCC=CCC=CCC=CCC=CCC=CCC=CCC)COP(=O)([O-])OCC[N+](C)(C)C)CCCCCCCCCCCCCCCC
9.103286,O=C(OCC(OC(=O)CCCCCCCC=CCC=CCCCCC)COP(=O)([O-])OCC[N+](C)(C)C)CCCCCCCC=CCCCCCCC
10.91542,O=C(OCC(OC(=O)CCCCCCCC=CCCCCCCCC)COP(=O)([O-])OCC[N+](C)(C)C)CCCCCCCCCCCCCCCCC
10.2237,O=C(OCC(OC(=O)CCCCCCCC=CCC=CCCCCC)COP(=O)([O-])OCC[N+](C)(C)C)CCCCCCCCCCCCCCCCC
12.29984,O=C(OCC(OC(=O)CCCCCCCCCC=CCCCCCCCC)COP(=O)([O-])OCC[N+](C)(C)C)CCCCCCCCCCCCCCCCC
12.27922,O=C(OCC(OC(=O)CCCCCCCCCC=CCCCCCCCC)COP(=O)([O-])OCC[N+](C)(C)C)CCCCCCCCCCCCCCCCC
11.26525,O=C(OCC(OC(=O)CCCCCCCCCC=CCC=CCCCCC)COP(=O)([O-])OCC[N+](C)(C)C)CCCCCCCCCCCCCCCCC
11.30411,O=C(OCC(OC(=O)CCCCCCCCCC=CCC=CCCCCC)COP(=O)([O-])OCC[N+](C)(C)C)CCCCCCCCCCCCCCCCC
10.56657,O=C(OCC(OC(=O)CCCCCCCCCC=CCC=CCC=CCC)COP(=O)([O-])OCC[N+](C)(C)C)CCCCCCCCCCCCCCCCC
10.16551,O=C(OCC(OC(=O)CCCCCCC=CCC=CCC=CCC=CCC)COP(=O)([O-])OCC[N+](C)(C)C)CCCCCCCCCCCCCCCCC
9.636188,O=C(OCC(OC(=O)CCCC=CCC=CCC=CCC=CCC=CCC)COP(=O)([O-])OCC[N+](C)(C)C)CCCCCCCCCCCCCCCCC
10.98032,O=C(OCC(OC(=O)CCCCCCCCC=CCC=CCC=CCC=CCC)COP(=O)([O-])OCC[N+](C)(C)C)CCCCCCCCCCCCCCCCC
10.28862,O=C(OCC(OC(=O)CCCCCC=CCC=CCC=CCC=CCC=CCC)COP(=O)([O-])OCC[N+](C)(C)C)CCCCCCCCCCCCCCCCC
10.22377,O=C(OCC(OC(=O)CCCCCC=CCC=CCC=CCC=CCC=CCC)COP(=O)([O-])OCC[N+](C)(C)C)CCCCCCCCCCCCCCCCC
10.02012,O=C(OCC(OC(=O)CCC=CCC=CCC=CCC=CCC=CCC=CCC)COP(=O)([O-])OCC[N+](C)(C)C)CCCCCCCCCCCCCCCCC
9.988627,O=C(OCC(OC(=O)CCCCCCCC=CCCCCCCCC)COP(=O)([O-])OCC[N+](C)(C)C)CCCCCCCC=CCCCCCCCC
9.448872,O=C(OCC(OC(=O)CCCCCCCC=CCC=CCCCCC)COP(=O)([O-])OCC[N+](C)(C)C)CCCCCCCC=CCCCCCCCC
10.98681,O=C(OCC(OC(=O)CCCCCCCCCC=CCCCCCCCC)COP(=O)([O-])OCC[N+](C)(C)C)CCCCCCCC=CCCCCCCCC
9.698568,O=C(OCC(OC(=O)CCCCCCCCCC=CCC=CCC=CCC)COP(=O)([O-])OCC[N+](C)(C)C)CCCCCCCC=CCCCCCCCC
9.39641,O=C(OCC(OC(=O)CCCCCCC=CCC=CCC=CCC=CCC)COP(=O)([O-])OCC[N+](C)(C)C)CCCCCCCC=CCCCCCCCC
9.500834,O=C(OCC(OC(=O)CCCCCC=CCC=CCC=CCC=CCC=CCC)COP(=O)([O-])OCC[N+](C)(C)C)CCCCCCCC=CCCCCCCCC
9.476224,O=C(OCC(OC(=O)CCCCCC=CCC=CCC=CCC=CCC=CCC)COP(=O)([O-])OCC[N+](C)(C)C)CCCCCCCC=CCCCCCCCC
9.505391,O=C(OCC(OC(=O)CCCCCC=CCC=CCC=CCC=CCC=CCC)COP(=O)([O-])OCC[N+](C)(C)C)CCCCCCCC=CCCCCCCCC
9.276338,O=C(OCC(OC(=O)CCC=CCC=CCC=CCC=CCC=CCC=CCC)COP(=O)([O-])OCC[N+](C)(C)C)CCCCCCCC=CCCCCCCCC
13.08623,O=C(OCC(OC(=O)CCCCCCCCCCCC=CCCCCCCCCCC)COP(=O)([O-])OCC[N+](C)(C)C)CCCCCCCC=CCCCCCCCC
8.960792,O=C(OCC(OC(=O)CCCCCCCC=CCC=CCCCCC)COP(=O)([O-])OCC[N+](C)(C)C)CCCCCCCC=CCC=CCCCCC
8.60985,O=C(OCC(OC(=O)CCCCCCCC=CCC=CCC=CCC)COP(=O)([O-])OCC[N+](C)(C)C)CCCCCCCC=CCC=CCCCCC
8.922783,O=C(OCC(OC(=O)CCCCCCC=CCC=CCC=CCC=CCC)COP(=O)([O-])OCC[N+](C)(C)C)CCCCCCCC=CCC=CCCCCC
8.93198,O=C(OCC(OC(=O)CCCCCCC=CCC=CCC=CCC=CCC)COP(=O)([O-])OCC[N+](C)(C)C)CCCCCCCC=CCC=CCCCCC
8.591041,O=C(OCC(OC(=O)CCCC=CCC=CCC=CCC=CCC=CCC)COP(=O)([O-])OCC[N+](C)(C)C)CCCCCCCC=CCC=CCCCCC
9.007365,O=C(OCC(OC(=O)CCCCCC=CCC=CCC=CCC=CCC=CCC)COP(=O)([O-])OCC[N+](C)(C)C)CCCCCCCC=CCC=CCCCCC
8.8443,O=C(OCC(OC(=O)CCC=CCC=CCC=CCC=CCC=CCC=CCC)COP(=O)([O-])OCC[N+](C)(C)C)CCCCCCCC=CCC=CCCCCC
8.854891,O=C(OCC(OC(=O)CCC=CCC=CCC=CCC=CCC=CCC=CCC)COP(=O)([O-])OCC[N+](C)(C)C)CCCCCCCC=CCC=CCCCCC
8.51622,O=C(OCC(OC(=O)CCC=CCC=CCC=CCC=CCC=CCC=CCC)COP(=O)([O-])OCC[N+](C)(C)C)CCCCCCCC=CCC=CCC=CCC
10.7053,O=C(OCC(OC(=O)CCCCCCC=CCC=CCC=CCC=CCC)COP(=O)([O-])OCC[N+](C)(C)C)CCCCCCCCCCCCCCCCCC
11.31964,O=C(OCC(OC(=O)CCCCCCC=CCC=CCC=CCC=CCC)COP(=O)([O-])OCC[N+](C)(C)C)CCCCCCCCCCCCCCCCCCC
10.06976,O=C(OCC(OC(=O)CCC=CCC=CCC=CCC=CCC=CCC=CCC)COP(=O)([O-])OCC[N+](C)(C)C)CCCCCCCCCC=CCCCCCCCC
8.772704,O=C(OCC(OC(=O)CCC=CCC=CCC=CCC=CCC=CCC=CCC)COP(=O)([O-])OCC[N+](C)(C)C)CCCCCCC=CCC=CCC=CCC=CCC
10.03659,O=C(OCC(OC(=O)CCCCCCCCCCC=CCC=CCC=CCC=CCC)COP(=O)([O-])OCC[N+](C)(C)C)CCCCCCC=CCC=CCC=CCC=CCC
8.467885,O=C(OCC(OC(=O)CCC=CCC=CCC=CCC=CCC=CCC=CCC)COP(=O)([O-])OCC[N+](C)(C)C)CCCC=CCC=CCC=CCC=CCC=CCC
8.68426,O=C(OCC(OC(=O)CCC=CCC=CCC=CCC=CCC=CCC=CCC)COP(=O)([O-])OCC[N+](C)(C)C)CCC=CCC=CCC=CCC=CCC=CCC=CCC
8.782741,O=C(OCC(OC(=O)CCCCCCC=CCC=CCC=CCC=CCC)COP(=O)(O)OCCN)CCCCCCCCCCCCC
8.987217,O=C(OCC(OC(=O)CCC=CCC=CCC=CCC=CCC=CCC=CCC)COP(=O)(O)OCCN)CCCCCCCCCCCCCC
9.916547,O=C(OCC(OC(=O)CCCCCCCCCCCCCCC)COP(=O)(O)OCCN)CCCCCCCCCCCCCCC
9.26572,O=C(OCC(OC(=O)CCCCCCCC=CCCCCCC)COP(=O)(O)OCCN)CCCCCCCCCCCCCCC
10.94608,O=C(OCC(OC(=O)CCCCCCCCCCCCCCCCC)COP(=O)(O)OCCN)CCCCCCCCCCCCCCC
10.02496,O=C(OCC(OC(=O)CCCCCCCC=CCCCCCCCC)COP(=O)(O)OCCN)CCCCCCCCCCCCCCC
9.478446,O=C(OCC(OC(=O)CCCCCCCC=CCC=CCCCCC)COP(=O)(O)OCCN)CCCCCCCCCCCCCCC
9.043955,O=C(OCC(OC(=O)CCCCCCCC=CCC=CCC=CCC)COP(=O)(O)OCCN)CCCCCCCCCCCCCCC
9.435002,O=C(OCC(OC(=O)CCCCCCC=CCC=CCC=CCC=CCC)COP(=O)(O)OCCN)CCCCCCCCCCCCCCC
9.01695,O=C(OCC(OC(=O)CCCC=CCC=CCC=CCC=CCC=CCC)COP(=O)(O)OCCN)CCCCCCCCCCCCCCC
10.04527,O=C(OCC(OC(=O)CCCCCCCCC=CCC=CCC=CCC=CCC)COP(=O)(O)OCCN)CCCCCCCCCCCCCCC
10.07965,O=C(OCC(OC(=O)CCCCCCCCC=CCC=CCC=CCC=CCC)COP(=O)(O)OCCN)CCCCCCCCCCCCCCC
9.796544,O=C(OCC(OC(=O)CCCCCC=CCC=CCC=CCC=CCC=CCC)COP(=O)(O)OCCN)CCCCCCCCCCCCCCC
9.534964,O=C(OCC(OC(=O)CCCCCC=CCC=CCC=CCC=CCC=CCC)COP(=O)(O)OCCN)CCCCCCCCCCCCCCC
9.323308,O=C(OCC(OC(=O)CCC=CCC=CCC=CCC=CCC=CCC=CCC)COP(=O)(O)OCCN)CCCCCCCCCCCCCCC
9.325183,O=C(OCC(OC(=O)CCCCCCCC=CCCCCCCCC)COP(=O)(O)OCCN)CCCCCCCC=CCCCCCC
8.900139,O=C(OCC(OC(=O)CCCCCCCC=CCC=CCCCCC)COP(=O)(O)OCCN)CCCCCCCC=CCCCCCC
8.820026,O=C(OCC(OC(=O)CCCCCCC=CCC=CCC=CCC=CCC)COP(=O)(O)OCCN)CCCCCCCC=CCCCCCC
8.536031,O=C(OCC(OC(=O)CCCC=CCC=CCC=CCC=CCC=CCC)COP(=O)(O)OCCN)CCCCCCCC=CCCCCCC
8.781098,O=C(OCC(OC(=O)CCC=CCC=CCC=CCC=CCC=CCC=CCC)COP(=O)(O)OCCN)CCCCCCCC=CCCCCCC
9.902286,O=C(OCC(OC(=O)CCCCCCCC=CCC=CCCCCC)COP(=O)(O)OCCN)CCCCCCCCCCCCCCCC
9.851647,O=C(OCC(OC(=O)CCCCCCC=CCC=CCC=CCC=CCC)COP(=O)(O)OCCN)CCCCCCCCCCCCCCCC
9.362026,O=C(OCC(OC(=O)CCCC=CCC=CCC=CCC=CCC=CCC)COP(=O)(O)OCCN)CCCCCCCCCCCCCCCC
9.718303,O=C(OCC(OC(=O)CCC=CCC=CCC=CCC=CCC=CCC=CCC)COP(=O)(O)OCCN)CCCCCCCCCCCCCCCC
9.078252,O=C(OCC(OC(=O)CCC=CCC=CCC=CCC=CCC=CCC=CCC)COP(=O)(O)OCCN)CCCCCCCC=CCCCCCCC
11.1291,O=C(OCC(OC(=O)CCCCCCCC=CCCCCCCCC)COP(=O)(O)OCCN)CCCCCCCCCCCCCCCCC
10.40782,O=C(OCC(OC(=O)CCCCCCCC=CCC=CCCCCC)COP(=O)(O)OCCN)CCCCCCCCCCCCCCCCC
12.51665,O=C(OCC(OC(=O)CCCCCCCCCC=CCCCCCCCC)COP(=O)(O)OCCN)CCCCCCCCCCCCCCCCC
11.44088,O=C(OCC(OC(=O)CCCCCCCCCC=CCC=CCCCCC)COP(=O)(O)OCCN)CCCCCCCCCCCCCCCCC
10.76308,O=C(OCC(OC(=O)CCCCCCCCCC=CCC=CCC=CCC)COP(=O)(O)OCCN)CCCCCCCCCCCCCCCCC
10.33506,O=C(OCC(OC(=O)CCCCCCC=CCC=CCC=CCC=CCC)COP(=O)(O)OCCN)CCCCCCCCCCCCCCCCC
9.764768,O=C(OCC(OC(=O)CCCC=CCC=CCC=CCC=CCC=CCC)COP(=O)(O)OCCN)CCCCCCCCCCCCCCCCC
9.777547,O=C(OCC(OC(=O)CCCC=CCC=CCC=CCC=CCC=CCC)COP(=O)(O)OCCN)CCCCCCCCCCCCCCCCC
11.15535,O=C(OCC(OC(=O)CCCCCCCCC=CCC=CCC=CCC=CCC)COP(=O)(O)OCCN)CCCCCCCCCCCCCCCCC
10.43208,O=C(OCC(OC(=O)CCCCCC=CCC=CCC=CCC=CCC=CCC)COP(=O)(O)OCCN)CCCCCCCCCCCCCCCCC
10.46396,O=C(OCC(OC(=O)CCCCCC=CCC=CCC=CCC=CCC=CCC)COP(=O)(O)OCCN)CCCCCCCCCCCCCCCCC
10.13184,O=C(OCC(OC(=O)CCC=CCC=CCC=CCC=CCC=CCC=CCC)COP(=O)(O)OCCN)CCCCCCCCCCCCCCCCC
12.32646,O=C(OCC(OC(=O)CCCCCCCCCCC=CCC=CCC=CCC=CCC)COP(=O)(O)OCCN)CCCCCCCCCCCCCCCCC
10.1563,O=C(OCC(OC(=O)CCCCCCCC=CCCCCCCCC)COP(=O)(O)OCCN)CCCCCCCC=CCCCCCCCC
9.574076,O=C(OCC(OC(=O)CCCCCCCC=CCC=CCCCCC)COP(=O)(O)OCCN)CCCCCCCC=CCCCCCCCC
11.18996,O=C(OCC(OC(=O)CCCCCCCCCC=CCCCCCCCC)COP(=O)(O)OCCN)CCCCCCCC=CCCCCCCCC
9.799648,O=C(OCC(OC(=O)CCCCCCCCCC=CCC=CCC=CCC)COP(=O)(O)OCCN)CCCCCCCC=CCCCCCCCC
9.531202,O=C(OCC(OC(=O)CCCCCCC=CCC=CCC=CCC=CCC)COP(=O)(O)OCCN)CCCCCCCC=CCCCCCCCC
9.507897,O=C(OCC(OC(=O)CCCCCCC=CCC=CCC=CCC=CCC)COP(=O)(O)OCCN)CCCCCCCC=CCCCCCCCC
9.096052,O=C(OCC(OC(=O)CCCC=CCC=CCC=CCC=CCC=CCC)COP(=O)(O)OCCN)CCCCCCCC=CCCCCCCCC
9.715544,O=C(OCC(OC(=O)CCCCCC=CCC=CCC=CCC=CCC=CCC)COP(=O)(O)OCCN)CCCCCCCC=CCCCCCCCC
9.607102,O=C(OCC(OC(=O)CCCCCC=CCC=CCC=CCC=CCC=CCC)COP(=O)(O)OCCN)CCCCCCCC=CCCCCCCCC
9.413862,O=C(OCC(OC(=O)CCC=CCC=CCC=CCC=CCC=CCC=CCC)COP(=O)(O)OCCN)CCCCCCCC=CCCCCCCCC
13.16316,O=C(OCC(OC(=O)CCCCCCCCCCCC=CCCCCCCCCCC)COP(=O)(O)OCCN)CCCCCCCC=CCCCCCCCC
8.872219,O=C(OCC(OC(=O)CCCCCCCC=CCC=CCCCCC)COP(=O)(O)OCCN)CCCCCCCC=CCC=CCCCCC
9.793209,O=C(OCC(OC(=O)CCCCCCCCCC=CCC=CCCCCC)COP(=O)(O)OCCN)CCCCCCCC=CCC=CCCCCC
9.106498,O=C(OCC(OC(=O)CCCCCC=CCC=CCC=CCC=CCC=CCC)COP(=O)(O)OCCN)CCCCCCCC=CCC=CCCCCC
8.936766,O=C(OCC(OC(=O)CCC=CCC=CCC=CCC=CCC=CCC=CCC)COP(=O)(O)OCCN)CCCCCCCC=CCC=CCCCCC
8.939324,O=C(OCC(OC(=O)CCC=CCC=CCC=CCC=CCC=CCC=CCC)COP(=O)(O)OCCN)CCCCCCCC=CCC=CCCCCC
8.596491,O=C(OCC(OC(=O)CCC=CCC=CCC=CCC=CCC=CCC=CCC)COP(=O)(O)OCCN)CCCCCCCC=CCC=CCC=CCC
10.89746,O=C(OCC(OC(=O)CCCCCCC=CCC=CCC=CCC=CCC)COP(=O)(O)OCCN)CCCCCCCCCCCCCCCCCC
10.72561,O=C(OCC(OC(=O)CCC=CCC=CCC=CCC=CCC=CCC=CCC)COP(=O)(O)OCCN)CCCCCCCCCCCCCCCCCC
11.56566,O=C(OCC(OC(=O)CCCCCCC=CCC=CCC=CCC=CCC)COP(=O)(O)OCCN)CCCCCCCCCCCCCCCCCCC
10.25158,O=C(OCC(OC(=O)CCC=CCC=CCC=CCC=CCC=CCC=CCC)COP(=O)(O)OCCN)CCCCCCCCCC=CCCCCCCCC
9.124788,O=C(OCC(OC(=O)CCC=CCC=CCC=CCC=CCC=CCC=CCC)COP(=O)(O)OCCN)CCCCCCCCCC=CCC=CCC=CCC
8.866551,O=C(OCC(OC(=O)CCC=CCC=CCC=CCC=CCC=CCC=CCC)COP(=O)(O)OCCN)CCCCCCC=CCC=CCC=CCC=CCC
8.547914,O=C(OCC(OC(=O)CCC=CCC=CCC=CCC=CCC=CCC=CCC)COP(=O)(O)OCCN)CCCC=CCC=CCC=CCC=CCC=CCC
9.960825,O=C(OCC(OC(=O)CCC=CCC=CCC=CCC=CCC=CCC=CCC)COP(=O)(O)OCCN)CCCCCCCCC=CCC=CCC=CCCCCC
9.373588,O=C(OCC(OC(=O)CCC=CCC=CCC=CCC=CCC=CCC=CCC)COP(=O)(O)OCCN)CCCCCCCCC=CCC=CCC=CCC=CCC
8.961686,O=C(OCC(OC(=O)CCC=CCC=CCC=CCC=CCC=CCC=CCC)COP(=O)(O)OCCN)CCCCCC=CCC=CCC=CCC=CCC=CCC
7.450601,O=C(OCC(OC(=O)CCCCCCCCCCCCCCCCC)COP(=O)(O)OCCN)CCC
8.180974,O=C(OCC(OC(=O)CCCCCCCCCCCCCCC)COP(=O)(O)OCC(O)CO)CCCCCCCCCCCCC
8.578336,O=C(OCC(OC(=O)CCCCCCCCCCCCCCC)COP(=O)(O)OCC(O)CO)CCCCCCCCCCCCCCC
8.257052,O=C(OCC(OC(=O)CCCCCCCC=CCCCCCC)COP(=O)(O)OCC(O)CO)CCCCCCCCCCCCCCC
8.253181,O=C(OCC(OC(=O)CCCCCCCC=CCCCCCC)COP(=O)(O)OCC(O)CO)CCCCCCCCCCCCCCC
9.110722,O=C(OCC(OC(=O)CCCCCCCCCCCCCCCCC)COP(=O)(O)OCC(O)CO)CCCCCCCCCCCCCCC
8.64695,O=C(OCC(OC(=O)CCCCCCCC=CCCCCCCCC)COP(=O)(O)OCC(O)CO)CCCCCCCCCCCCCCC
8.358883,O=C(OCC(OC(=O)CCCCCCCC=CCC=CCCCCC)COP(=O)(O)OCC(O)CO)CCCCCCCCCCCCCCC
8.10702,O=C(OCC(OC(=O)CCCCCCCC=CCC=CCCCCC)COP(=O)(O)OCC(O)CO)CCCCCCCCCCCCCCC
8.788082,O=C(OCC(OC(=O)CCCCCCCCCC=CCC=CCCCCC)COP(=O)(O)OCC(O)CO)CCCCCCCCCCCCCCC
8.780381,O=C(OCC(OC(=O)CCCCCCCCCC=CCC=CCCCCC)COP(=O)(O)OCC(O)CO)CCCCCCCCCCCCCCC
8.782153,O=C(OCC(OC(=O)CCCCCCCCCC=CCC=CCCCCC)COP(=O)(O)OCC(O)CO)CCCCCCCCCCCCCCC
8.485966,O=C(OCC(OC(=O)CCCCCCCCCC=CCC=CCC=CCC)COP(=O)(O)OCC(O)CO)CCCCCCCCCCCCCCC
8.341711,O=C(OCC(OC(=O)CCCCCCC=CCC=CCC=CCC=CCC)COP(=O)(O)OCC(O)CO)CCCCCCCCCCCCCCC
8.144836,O=C(OCC(OC(=O)CCCCCCC=CCC=CCC=CCC=CCC)COP(=O)(O)OCC(O)CO)CCCCCCCCCCCCCCC
8.135416,O=C(OCC(OC(=O)CCCC=CCC=CCC=CCC=CCC=CCC)COP(=O)(O)OCC(O)CO)CCCCCCCCCCCCCCC
8.398577,O=C(OCC(OC(=O)CCCCCC=CCC=CCC=CCC=CCC=CCC)COP(=O)(O)OCC(O)CO)CCCCCCCCCCCCCCC
8.297842,O=C(OCC(OC(=O)CCC=CCC=CCC=CCC=CCC=CCC=CCC)COP(=O)(O)OCC(O)CO)CCCCCCCCCCCCCCC
8.000359,O=C(OCC(OC(=O)CCCCCCCC=CCCCCCC)COP(=O)(O)OCC(O)CO)CCCCCCCC=CCCCCCC
7.859131,O=C(OCC(OC(=O)CCCCCCCC=CCC=CCCCCC)COP(=O)(O)OCC(O)CO)CCCCCCCC=CCCCCCC
8.143406,O=C(OCC(OC(=O)CCCCCCCC=CCC=CCCCCC)COP(=O)(O)OCC(O)CO)CCCCCCCC=CCCCCCC
9.180191,O=C(OCC(OC(=O)CCCCCCCC=CCCCCCCCC)COP(=O)(O)OCC(O)CO)CCCCCCCCCCCCCCCCC
8.796352,O=C(OCC(OC(=O)CCCCCCCC=CCC=CCCCCC)COP(=O)(O)OCC(O)CO)CCCCCCCCCCCCCCCCC
8.798505,O=C(OCC(OC(=O)CCCCCCCC=CCC=CCCCCC)COP(=O)(O)OCC(O)CO)CCCCCCCCCCCCCCCCC
8.798367,O=C(OCC(OC(=O)CCCCCCC=CCC=CCC=CCC=CCC)COP(=O)(O)OCC(O)CO)CCCCCCCCCCCCCCCCC
8.78411,O=C(OCC(OC(=O)CCC=CCC=CCC=CCC=CCC=CCC=CCC)COP(=O)(O)OCC(O)CO)CCCCCCCCCCCCCCCCC
8.413065,O=C(OCC(OC(=O)CCCCCCCC=CCCCCCCCC)COP(=O)(O)OCC(O)CO)CCCCCCCC=CCCCCCCCC
8.792283,O=C(OCC(OC(=O)CCCCCCCC=CCCCCCCCC)COP(=O)(O)OCC(O)CO)CCCCCCCC=CCCCCCCCC
8.174149,O=C(OCC(OC(=O)CCCCCCCC=CCC=CCCCCC)COP(=O)(O)OCC(O)CO)CCCCCCCC=CCCCCCCCC
8.293467,O=C(OCC(OC(=O)CCCCCCCCCC=CCC=CCC=CCC)COP(=O)(O)OCC(O)CO)CCCCCCCC=CCCCCCCCC
8.154675,O=C(OCC(OC(=O)CCCCCCC=CCC=CCC=CCC=CCC)COP(=O)(O)OCC(O)CO)CCCCCCCC=CCCCCCCCC
8.140212,O=C(OCC(OC(=O)CCCCCCC=CCC=CCC=CCC=CCC)COP(=O)(O)OCC(O)CO)CCCCCCCC=CCCCCCCCC
8.419072,O=C(OCC(OC(=O)CCCCCCCCC=CCC=CCC=CCC=CCC)COP(=O)(O)OCC(O)CO)CCCCCCCC=CCCCCCCCC
8.180153,O=C(OCC(OC(=O)CCCCCC=CCC=CCC=CCC=CCC=CCC)COP(=O)(O)OCC(O)CO)CCCCCCCC=CCCCCCCCC
8.196999,O=C(OCC(OC(=O)CCCCCC=CCC=CCC=CCC=CCC=CCC)COP(=O)(O)OCC(O)CO)CCCCCCCC=CCCCCCCCC
8.119515,O=C(OCC(OC(=O)CCC=CCC=CCC=CCC=CCC=CCC=CCC)COP(=O)(O)OCC(O)CO)CCCCCCCC=CCCCCCCCC
7.939426,O=C(OCC(OC(=O)CCCCCCCC=CCC=CCCCCC)COP(=O)(O)OCC(O)CO)CCCCCCCC=CCC=CCCCCC
7.931372,O=C(OCC(OC(=O)CCCCCCC=CCC=CCC=CCC=CCC)COP(=O)(O)OCC(O)CO)CCCCCCCC=CCC=CCCCCC
7.95359,O=C(OCC(OC(=O)CCCCCCC=CCC=CCC=CCC=CCC)COP(=O)(O)OCC(O)CO)CCCCCCCC=CCC=CCCCCC
7.740366,O=C(OCC(OC(=O)CCCC=CCC=CCC=CCC=CCC=CCC)COP(=O)(O)OCC(O)CO)CCCCCCCC=CCC=CCCCCC
7.886111,O=C(OCC(OC(=O)CCC=CCC=CCC=CCC=CCC=CCC=CCC)COP(=O)(O)OCC(O)CO)CCCCCCCC=CCC=CCCCCC
8.049838,O=C(OCC(OC(=O)CCC=CCC=CCC=CCC=CCC=CCC=CCC)COP(=O)(O)OCC(O)CO)CCCCCCCCCC=CCC=CCC=CCC
7.903591,O=C(OCC(OC(=O)CCCCCCC=CCC=CCC=CCC=CCC)COP(=O)(O)OCC(O)CO)CCCCCCC=CCC=CCC=CCC=CCC
7.911889,O=C(OCC(OC(=O)CCCCCCC=CCC=CCC=CCC=CCC)COP(=O)(O)OCC(O)CO)CCCCCCC=CCC=CCC=CCC=CCC
8.176772,O=C(OCC(OC(=O)CCCCCCCCC=CCC=CCC=CCC=CCC)COP(=O)(O)OCC(O)CO)CCCCCCC=CCC=CCC=CCC=CCC
8.027235,O=C(OCC(OC(=O)CCCCCC=CCC=CCC=CCC=CCC=CCC)COP(=O)(O)OCC(O)CO)CCCCCCC=CCC=CCC=CCC=CCC
8.075613,O=C(OCC(OC(=O)CCCCCC=CCC=CCC=CCC=CCC=CCC)COP(=O)(O)OCC(O)CO)CCCCCCC=CCC=CCC=CCC=CCC
7.864452,O=C(OCC(OC(=O)CCC=CCC=CCC=CCC=CCC=CCC=CCC)COP(=O)(O)OCC(O)CO)CCCCCCC=CCC=CCC=CCC=CCC
7.664656,O=C(OCC(OC(=O)CCC=CCC=CCC=CCC=CCC=CCC=CCC)COP(=O)(O)OCC(O)CO)CCCC=CCC=CCC=CCC=CCC=CCC
8.431176,O=C(OCC(OC(=O)CCCCCCCCC=CCC=CCC=CCC=CCC)COP(=O)(O)OCC(O)CO)CCCCCCCCC=CCC=CCC=CCC=CCC
8.009889,O=C(OCC(OC(=O)CCCCCC=CCC=CCC=CCC=CCC=CCC)COP(=O)(O)OCC(O)CO)CCCCCC=CCC=CCC=CCC=CCC=CCC
7.938156,O=C(OCC(OC(=O)CCC=CCC=CCC=CCC=CCC=CCC=CCC)COP(=O)(O)OCC(O)CO)CCCCCC=CCC=CCC=CCC=CCC=CCC
7.82821,O=C(OCC(OC(=O)CCC=CCC=CCC=CCC=CCC=CCC=CCC)COP(=O)(O)OCC(O)CO)CCC=CCC=CCC=CCC=CCC=CCC=CCC
8.505555,O=C(OCC(OC(=O)CCCCCCCCCCCCCCC)COP(=O)(O)OC1C(O)C(O)C(O)C(O)C1O)CCCCCCCCCCCCCCC
8.517325,O=C(OCC(OC(=O)CCCCCCCCCCCCCCC)COP(=O)(O)OC1C(O)C(O)C(O)C(O)C1O)CCCCCCCCCCCCCCC
8.198328,O=C(OCC(OC(=O)CCCCCCCC=CCCCCCC)COP(=O)(O)OC1C(O)C(O)C(O)C(O)C1O)CCCCCCCCCCCCCCC
9.02943,O=C(OCC(OC(=O)CCCCCCCCCCCCCCCCC)COP(=O)(O)OC1C(O)C(O)C(O)C(O)C1O)CCCCCCCCCCCCCCC
8.577491,O=C(OCC(OC(=O)CCCCCCCC=CCCCCCCCC)COP(=O)(O)OC1C(O)C(O)C(O)C(O)C1O)CCCCCCCCCCCCCCC
8.299026,O=C(OCC(OC(=O)CCCCCCCC=CCC=CCCCCC)COP(=O)(O)OC1C(O)C(O)C(O)C(O)C1O)CCCCCCCCCCCCCCC
8.304277,O=C(OCC(OC(=O)CCCCCCCC=CCC=CCCCCC)COP(=O)(O)OC1C(O)C(O)C(O)C(O)C1O)CCCCCCCCCCCCCCC
8.510467,O=C(OCC(OC(=O)CCCCCCCCCC=CCC=CCC=CCC)COP(=O)(O)OC1C(O)C(O)C(O)C(O)C1O)CCCCCCCCCCCCCCC
8.410888,O=C(OCC(OC(=O)CCCCCCCCCC=CCC=CCC=CCC)COP(=O)(O)OC1C(O)C(O)C(O)C(O)C1O)CCCCCCCCCCCCCCC
8.301669,O=C(OCC(OC(=O)CCCCCCC=CCC=CCC=CCC=CCC)COP(=O)(O)OC1C(O)C(O)C(O)C(O)C1O)CCCCCCCCCCCCCCC
8.082557,O=C(OCC(OC(=O)CCCC=CCC=CCC=CCC=CCC=CCC)COP(=O)(O)OC1C(O)C(O)C(O)C(O)C1O)CCCCCCCCCCCCCCC
8.086141,O=C(OCC(OC(=O)CCCC=CCC=CCC=CCC=CCC=CCC)COP(=O)(O)OC1C(O)C(O)C(O)C(O)C1O)CCCCCCCCCCCCCCC
8.246706,O=C(OCC(OC(=O)CCC=CCC=CCC=CCC=CCC=CCC=CCC)COP(=O)(O)OC1C(O)C(O)C(O)C(O)C1O)CCCCCCCCCCCCCCC
8.489993,O=C(OCC(OC(=O)CCCCCCCC=CCC=CCCCCC)COP(=O)(O)OC1C(O)C(O)C(O)C(O)C1O)CCCCCCCCCCCCCCCC
8.491574,O=C(OCC(OC(=O)CCCCCCC=CCC=CCC=CCC=CCC)COP(=O)(O)OC1C(O)C(O)C(O)C(O)C1O)CCCCCCCCCCCCCCCC
8.496168,O=C(OCC(OC(=O)CCCCCCC=CCC=CCC=CCC=CCC)COP(=O)(O)OC1C(O)C(O)C(O)C(O)C1O)CCCCCCCCCCCCCCCC
8.259072,O=C(OCC(OC(=O)CCCC=CCC=CCC=CCC=CCC=CCC)COP(=O)(O)OC1C(O)C(O)C(O)C(O)C1O)CCCCCCCCCCCCCCCC
9.13166,O=C(OCC(OC(=O)CCCCCCCC=CCCCCCCCC)COP(=O)(O)OC1C(O)C(O)C(O)C(O)C1O)CCCCCCCCCCCCCCCCC
8.773114,O=C(OCC(OC(=O)CCCCCCCC=CCC=CCCCCC)COP(=O)(O)OC1C(O)C(O)C(O)C(O)C1O)CCCCCCCCCCCCCCCCC
8.913146,O=C(OCC(OC(=O)CCCCCCCCCC=CCC=CCC=CCC)COP(=O)(O)OC1C(O)C(O)C(O)C(O)C1O)CCCCCCCCCCCCCCCCC
8.754183,O=C(OCC(OC(=O)CCCCCCC=CCC=CCC=CCC=CCC)COP(=O)(O)OC1C(O)C(O)C(O)C(O)C1O)CCCCCCCCCCCCCCCCC
8.47335,O=C(OCC(OC(=O)CCCC=CCC=CCC=CCC=CCC=CCC)COP(=O)(O)OC1C(O)C(O)C(O)C(O)C1O)CCCCCCCCCCCCCCCCC
8.462485,O=C(OCC(OC(=O)CCCC=CCC=CCC=CCC=CCC=CCC)COP(=O)(O)OC1C(O)C(O)C(O)C(O)C1O)CCCCCCCCCCCCCCCCC
