retention_time,smiles
15.88,O=C1c2c(O)cc(O)c(c2OC(c3ccc(O)cc3)C1)CC=C(C)C
13.65,Oc1cccc2cc3cccc(O)c3c(O)c12
13.92,O=C1C=C(Oc2cc(O)cc(O)c12)c3ccccc3
2.05,Oc1cc(O)c2c(OC(c3ccc(O)c(O)c3)C(O)C2)c1
12.4988666666667,O=C1C=C(Oc2ccc(O)cc12)c3ccccc3
11.2462666666667,O=C1C=C(Oc2cc(O)ccc12)c3ccccc3
16.54,O=C1C(O)=C(Oc2ccccc21)c3ccccc3
9.25,O=C1c2c(O)cc(O)cc2OC(c3ccc(O)cc3)C1
10.87,O=C1C=C(Oc2ccccc12)c3ccc(O)cc3
7.17875,O=C1C=C(Oc2cc(O)ccc12)c3ccc(O)cc3
14.7144166666667,O=C1C(=COc2cc(O)cc(O)c12)c3ccc(OC)cc3
7.49,O=C1C(=COc2cc(O)ccc12)c3ccc(O)cc3
4.48543333333333,O=C1c2c(O)cc(O)cc2OC(c3ccc(O)c(O)c3)C1O
9.68061666666667,O=C1C=C(Oc2cc(O)cc(O)c12)c3ccc(O)cc3
11.41,O=C1c2ccc(O)cc2OC=C1c3ccc4OCOc4c3
14.52,O=C1C(=COc2cc(OC)cc(O)c12)c3ccc(O)cc3
9.39,O=C1C(=COc2cc(O)cc(O)c12)c3ccc(O)cc3
5.4,O=C1C(=COc2cc(OC3OC(CO)C(O)C(O)C3O)cc(O)c12)c4ccc(O)cc4
6.44,Oc1ccc(cc1)C=Cc2cc(O)cc(O)c2
4.79,O=C(c1cc(OC)c(O)c(OC)c1)C
3.39,O=C(O)c1ccccc1N
4.92,O=C1C(OC2OC(COC3OC(C)C(O)C(O)C3O)C(O)C(O)C2O)=C(Oc4cc(O)cc(O)c14)c5ccc(O)c(O)c5
24.01,O=C1c2c(O)c(c(O)c(c2OC(c3ccc(O)cc3)C1)CC=C(C)C)CC=C(C)C
18.68,O=C1c2c(O)c(c(O)cc2OC(c3ccc(O)cc3)C1)CC=C(C)C
24.92,O=C(C1=C(O)C(=C(O)C(O)(C1=O)CC=C(C)C)CC=C(C)C)C(C)C
26.26,O=C(C1=C(O)C(=C(O)C(O)(C1=O)CC=C(C)C)CC=C(C)C)CC(C)C
8.18,O=C1C=C(Oc2cc(O)cc(O)c12)c3ccc(O)c(O)c3
18.1763333333333,O=C1C=C(Oc2cccc(O)c12)c3ccccc3
4.98,O=C(c1ccc(O)cc1O)C
1.79,O=C(O)c1cc(O)ccc1O
6.21,O=C(c1c(O)cccc1O)C
12.68,O=C1C=C(Oc2ccccc12)c3ccccc3O
5.76,O=C1Oc2cc(O)ccc2C(=C1)C
5.36,O=C(O)c1cc(OC)ccc1O
18.77,O=C(C=Cc1ccc(O)cc1)c2c(O)cc(O)c(c2O)CC=C(C)C
20.51,O=C(C=Cc1ccc(O)cc1)c2c(OC)cc(O)c(c2O)CC=C(C)C
2.58,O=C(O)c1ccc(O)c(OC)c1
4.95,O=C(O)c1ccccc1O
31.3,O=C(C1=C(O)C(=C(O)C(C1=O)(CC=C(C)C)CC=C(C)C)CC=C(C)C)CC(C)C
7.84,O=C(O)CCc1ccccc1
32.44,O=C(O)C1(C)C(O)CCC2(C)C3CC=C4C5CC(C)(C)CCC5(C)CCC4(C)C3(C)CCC12
19.05,O=C(O)C12CCC(C)C(C)C2C3=CCC4C5(C)CC(O)C(O)C(C)(CO)C5CCC4(C)C3(C)CC1
17.74,O=C(O)C12CCC(C)C(C)C2C3=CCC4C(C)(CCC5C(C)(CO)C(O)C(O)C(O)C45C)C3(C)CC1
28.23,O=C(O)C12CCC(C)C(C)C2C3=CCC4C5(C)CCC(O)C(C)(C)C5CCC4(C)C3(C)CC1
24.15,O=C(O)C1(C)CCC2(C)CCC3(C(=CC(=O)C4C5(C)CCC(O)C(C)(C)C5CCC43C)C2C1)C
10.57,O=C1C=C(Oc2cc(O)cc(O)c12)c3ccc(OC)c(O)c3
23.45,O=C(O)C12CCC(C)C(C)C2C3=CCC4C5(C)CC(O)C(O)C(C)(C)C5CCC4(C)C3(C)CC1
6.11,O=C1C(OC2OC(C)C(O)C(O)C2O)=C(Oc3cc(O)cc(O)c13)c4ccc(O)c(O)c4
6.64,O=C(C=1C(=O)C(CC=C(C)C)C(O)(C(=O)CC=C(C)C)C1O)CC(C)C
13.73,O=C1c2c(OC)cc(O)c(c2OC(c3ccc(O)cc3)C1)CC=C(C)C
24.92,O=C1c2c(O)c(c(O)cc2OC(c3ccc(O)cc3)C1)CC=C(C)CCC=C(C)C
14.71,O=C1C(O)=C(Oc2cc(O)cc(O)c12)c3ccc(OC)cc3
6.41,O=C1C=C(Oc2cc(OC3OC(COC4OC(C)C(O)C(O)C4O)C(O)C(O)C3O)cc(O)c12)c5ccc(O)cc5
9.1,O=C(OCC1OC(OC=2C(=O)c3c(O)cc(O)cc3OC2c4ccc(O)cc4)C(O)C(O)C1O)C=Cc5ccc(O)cc5
4.8,O=C1C=C(Oc2cc(OC3OC(CO)C(O)C(O)C3O)cc(O)c12)c4ccc(O)c(OC5OC(CO)C(O)C(O)C5O)c4
22.39,O=C(O)C12CCC(C)(C)CC2C3=CCC4C5(C)CCC(O)C(C)(CO)C5CCC4(C)C3(C)CC1
11.57,O=C1C=C(Oc2cc(O)ccc12)c3ccc(OC)cc3
11.43,O=C1C=C(Oc2cc(O)c(O)c(O)c12)c3ccccc3
9.67,O=C1Oc2cc(O)ccc2-c3oc4cc(O)ccc4c13
7.13,O=C1C=C(Oc2cc(OC3OC(COC4OC(C)C(O)C(O)C4O)C(O)C(O)C3O)cc(O)c12)c5ccc(OC)c(O)c5
11.17,O=C(C=Cc1ccc(O)cc1)c2ccc(O)cc2O
6.26,O=C1C=C(Oc2cc(O)cc(O)c12)c3ccc(OC4OC(CO)C(O)C(O)C4O)c(O)c3
1.09,O=Cc1ccc(O)c(O)c1
6.73,O=C1C=C(Oc2cc(OC3OC(CO)C(O)C(O)C3OC4OC(C)C(O)C(O)C4O)cc(O)c12)c5ccc(O)cc5
4.39,O=C1Oc2cc(O)c(OC)cc2C=C1
6.5,O=C1C=C(Oc2cc(O)cc(O)c12)c3cc(O)c(O)c(O)c3
5.86,O=C1C(OC2OC(COC3OC(C)C(O)C(O)C3O)C(O)C(O)C2O)=C(Oc4cc(O)cc(O)c14)c5ccc(O)cc5
6.54,O=C1C(=COc2cc(O)c(O)cc12)c3ccc(O)cc3
11.15,O=C1Oc2c(cc(cc2C)C)C(O)=C1
8.8,O=C1C=C(Oc2cc(O)c(OC)c(O)c12)c3ccc(O)c(O)c3
4.6,O=C1C=C(Oc2cc(O)ccc12)c3cc(O)c(O)c(O)c3
17.25,O=C1C(O)=C(Oc2cc(OC)ccc21)c3ccc(OC)cc3
4.95,O=C1C=C(Oc2c1c(O)cc(O)c2C3OC(CO)C(O)C(O)C3O)c4ccc(O)cc4
6.25,O=C1C(O)=C(Oc2cc(O)cc(O)c12)c3ccc(OC4OC(CO)C(O)C(O)C4O)c(O)c3
10.23,O=C1C(=COc2cc(OC3OC(CO)C(O)C(O)C3O)cc(O)c12)c4ccc(OC)cc4
3.14,O=C1C(=COc2c1ccc(O)c2C3OC(CO)C(O)C(O)C3O)c4ccc(O)cc4
6.9,O=C1C(O)=C(Oc2cc(O)cc(O)c12)c3ccc(O)cc3O
10.41,O=C1C=C(Oc2cc(O)cc(O)c12)c3ccc(O)c(OC)c3
8.23,Oc1ccc2c(OCC3c4ccc(O)cc4OC23)c1
6.36,O=C1C(O)=C(Oc2cc(O)ccc12)c3ccc(O)c(O)c3
12,O=C1C(=COc2cc(O)ccc21)c3ccc(OC)cc3
9.81,O=C1C(O)=C(Oc2cc(O)cc(O)c12)c3ccc(O)cc3
7.43,O=C1c2ccc(O)cc2OC(c3ccc(O)cc3)C1
6.25,O=C1c2c(O)cc(OC3OC(CO)C(O)C(O)C3O)cc2OC(c4ccc(O)cc4)C1
4.24,O=C1C=C(Oc2c1c(O)cc(O)c2C3OC(CO)C(O)C(O)C3O)c4ccc(O)c(O)c4
6.07,O=C1C(O)=C(Oc2cc(O)cc(O)c12)c3cc(O)c(O)c(O)c3
6.56,O=C1c2c(O)cc(OC3OC(CO)C(O)C(O)C3OC4OC(C)C(O)C(O)C4O)cc2OC(c5ccc(O)cc5)C1
8.06,O=C1C(O)=C(Oc2cc(O)cc(O)c12)c3ccc(O)c(O)c3
3.94,O=C1Oc2cc(O)ccc2C=C1
17.88,O=C(O)C1OC(OC2CCC3(C)C(CCC4(C)C3CC=C5C6CC(C)(C)CC(O)C6(C)CCC54C)C2(C)CO)C(OC7OCC(O)C(O)C7OC8OC(C)C(O)C(O)C8O)C(O)C1O
16.91,O=C(O)C1OC(OC2CCC3(C)C(CCC4(C)C3CC=C5C6CC(C)(C)CC(O)C6(C)CCC54C)C2(C)CO)C(OC7OC(CO)C(O)C(O)C7OC8OC(CO)C(O)C(O)C8O)C(O)C1O
11.89,O=C1C=C(Oc2cc(O)ccc12)c3ccccc3OC
4.65,O=C1C(O)=C(Oc2cc(O)ccc12)c3cc(O)c(O)c(O)c3
8.43,O=C1C(=COc2cc(OC3OC(CO)C(O)C(O)C3O)c(OC)cc12)c4ccc(OC)cc4
6.78,O=C1C(O)=C(Oc2ccc(O)cc12)c3ccc(O)c(O)c3
7.92,O=C1C(O)=C(Oc2ccc(O)cc12)c3cccc(O)c3O
11.48,O=C1C=C(Oc2cc(OC)ccc12)c3ccc(O)cc3
14.64,O=C1c2ccc(O)c(c2OC(c3ccc(O)cc3)C1)CC=C(C)C
7.61,O=C1c2c(O)cc(O)cc2OC(c3ccc(O)c(O)c3)C1
10.39,O=C1c2c(O)cc(O)cc2OC(c3ccc(OC)c(O)c3)C1
6.04,O=C1C(OC2OC(CO)C(O)C(O)C2O)=C(Oc3cc(O)cc(O)c13)c4ccc(O)cc4
8.15,O=C1C(=COc2cc(OC3OC(CO)C(O)C(O)C3O)ccc12)c4ccc(OC)cc4
4.4,O=C1c2cc(O)c(O)cc2OC(c3ccc(O)c(O)c3)C1
14.52,O=C1C=C(Oc2cc(O)cc(O)c12)c3ccccc3OC
18.67,O=C1c2c(O)cc(OC)cc2OC(c3ccc(OC)cc3)C1
18.47,O=C1C=C(Oc2cc(OC)cc(O)c12)c3cc(OC)c(OC)c(OC)c3
5.51,O=C1c2c(O)cc(OC3OC(CO)C(O)C(O)C3OC4OC(C)C(O)C(O)C4O)cc2OC(c5ccc(O)c(O)c5)C1
13.26,O=C1c2c(O)c(c(O)c(c2OC(c3ccc(O)cc3)C1)C)C
16.88,O=C1C=C(Oc2ccc(OC)c(O)c12)c3c(OC)cccc3OC
9.22,O=C1C=C(Oc2ccccc12)c3ccc(O)c(O)c3
16.24,O=C1c2c(O)cccc2OC(c3ccc(OC)c(OC)c3)C1
11.68,O=C1c2c(O)c(O)ccc2OC(c3ccc(OC)c(OC)c3)C1
12.42,O=C1c2c(O)cc(O)cc2OC(c3ccc(OC)c(OC)c3)C1
4.66,O=C(c1c(O)cc(O)c(c1O)C2OC(CO)C(O)C(O)C2O)CCc3ccc(O)c(O)c3
18.89,O=C1C=C(Oc2cc(OC)cc(O)c12)c3ccccc3
13.97,O=C1c2c(O)cc(O)cc2OC(c3ccc(OC)cc3)C1
20.41,O=C1C(OC)=C(Oc2cc(OC)cc(O)c12)c3ccc(OC)cc3
13.95,O=C1c2c(O)cc(OC)cc2OC(c3ccc(O)cc3)C1
5.03,O=C(O)C1OC(Oc2cc3OC(=CC(=O)c3c(O)c2O)c4ccc(O)cc4)C(O)C(O)C1O
12.5,O=C1c2c(O)ccc(O)c2OC(c3ccccc3)C1
13.02,O=C1c2cc(O)ccc2OC(c3ccccc3)C1
12.41,O=C1C=C(Oc2cc(O)ccc12)c3ccc(OC)c(OC)c3
12.01,O=C1C=C(Oc2cc(O)ccc12)c3cccc(OC)c3
9.6,O=C1c2c(OC)ccc(O)c2OC(c3ccccc3)C1
11.76,O=C1C=C(Oc2cccc(O)c12)c3ccc(O)c(O)c3
26.6,O=C1c2c(O)c(C=CC(C)C)c(OC)cc2OC(c3ccc(O)cc3O)=C1CC=C(C)C
13.47,O=C1C=C(Oc2cc(O)c(OC)c(O)c12)c3ccc(OC)c(OC)c3
12.8,O=C1C=C(Oc2c(OC)c(OC)c(OC)c(O)c12)c3cc(OC)c(OC)c(OC)c3
10.35,O=C1C=C(Oc2cc(O)c(OC)c(O)c12)c3ccc(O)cc3
10.05,O=C1c2c(O)cc(OC3OC(CO)C(O)C(O)C3O)cc2OC(c4ccc(OC)cc4)C1
14.7,O=C1C=C(Oc2c(OC)c(O)c(OC)c(O)c12)c3ccc(OC)cc3
7.45,O=C1c2c(O)cc(OC3OC(CO)C(O)C(O)C3OC4OC(C)C(O)C(O)C4O)cc2OC(c5ccc(OC)c(O)c5)C1
8.95,O=C(c1c(O)cc(OC2OC(CO)C(O)C(O)C2OC3OC(C)C(O)C(O)C3O)cc1O)CCc4ccc(OC)c(O)c4
7.13,O=C1C=C(Oc2cc(O)c(O)c(O)c12)c3ccc(O)cc3
4.01,O=C1C=C(Oc2cc(OC3OC(CO)C(O)C(O)C3O)c(c(O)c12)C4OC(CO)C(O)C(O)C4O)c5ccc(O)cc5
12.04,O=C1C=C(Oc2c(OC)c(O)c(OC)c(O)c12)c3cc(O)c(OC)c(OC)c3
8.98,O=C1C=C(Oc2cc(OC)c(O)c(O)c12)c3ccc(O)cc3
7.45,O=C1c2c(O)cc(O)cc2OC(c3cc(O)c4OC(c5ccc(O)c(OC)c5)C(c4c3)CO)C1O
8.32,O=C1C(=COc2cc(O)c(OC)cc12)c3ccc(O)cc3
14.47,O=C1C(O)=C(Oc2cc(O)cc(O)c12)c3ccccc3
18.32,O=C(O)C12CCC(C)(C)CC2C3=CCC4C5(C)CCC(OC6OCC(O)C(O)C6OC7OC(CO)C(O)C(O)C7O)C(C)(CO)C5CCC4(C)C3(C)CC1
11.05,O=C(OC1OC(COC2OC(CO)C(OC3OC(C)C(O)C(O)C3O)C(O)C2O)C(O)C(O)C1O)C45CCC(C)C(C)C5C6=CCC7C8(C)CC(O)C(O)C(C)(CO)C8CCC7(C)C6(C)CC4
6.47,O=C1C=C(Oc2cc(OC3OC(CO)C(O)C(O)C3O)cc(O)c12)c4ccc(O)cc4
10.39,O=C1C=C(Oc2cc(O)cc(OC3OCC(O)C(O)C3O)c12)c4ccc(OC)cc4
7.97,O=C1C(O)=C(Oc2cc(O)ccc12)c3ccc(O)cc3
6.04,O=C1C(=COc2cc(O)ccc12)c3ccc(O)c(O)c3
10.64,O=C1c2c(OC)cc(OC)cc2OC(c3ccc(O)cc3)C1
14.58,O=C1C=C(Oc2cc(OC)cc(O)c12)c3ccc(O)cc3
13.47,O=C1Oc2cc(O)ccc2C=C1c3ccc(OC)cc3
12.37,O=C(C=Cc1ccc(O)cc1)c2c(OC)cc(OC)cc2OC
11.34,O=C1C=C(Oc2ccccc12)c3cccc(O)c3
16.4,O=C(C=Cc1ccccc1)c2ccc(O)cc2O
12.2,O=C1C(OC2OC(C)C(O)C(O)C2O)=C(Oc3c1c(O)cc(OC4OC(CO)C(O)C(O)C4O)c3CC=C(C)C)c5ccc(OC)cc5
9.94,O=C1c2c(O)cc(O)cc2OC(c3ccc(O)c(OC)c3)C1
15.38,O=C(O)C1OC(OC2C(OC(C(=O)O)C(O)C2O)OC3CCC4(C)C5C(=O)C=C6C7CC(C(=O)O)(C)CCC7(C)CCC6(C)C5(C)CCC4C3(C)C)C(O)C(O)C1O
19.13,O=C(O)C12CCC(C)(C)CC2C3=CCC4C5(C)CC(O)C(O)C(C(=O)O)(C)C5CCC4(C)C3(C)CC1
13.52,O=C1C=C(Oc2cc(O)cc(O)c12)c3ccc(OC)cc3
20.91,O=C(C=Cc1ccccc1)c2ccc(OC)cc2O
20.35,O=C(C=Cc1ccc(OC)cc1)c2ccccc2O
4.37,O=C1c2ccc(O)c(O)c2OC(c3ccc(O)c(O)c3)C1
6.46,O=C1C=C(Oc2cc(OC3OC(CO)C(O)C(O)C3OC4OCC(O)(CO)C4O)cc(O)c12)c5ccc(O)cc5
4.09,O=C1C(=COc2cc(OC3OC(CO)C(O)C(O)C3O)ccc12)c4ccc(O)cc4
15.79,O=C(O)C12CCC(C)C(C)C2C3=CCC4C5(C)CC(O)C(O)C(C)(CO)C5C(O)CC4(C)C3(C)CC1
6.29,O=C1C([O-])=C(Oc2cc(OC3OC(CO)C(O)C(O)C3O)cc(O)c12)c4ccc(O)cc4
10.15,O=C1c2c(O)cc(O)cc2OC(c3ccc4OC(CO)C(Oc4c3)c5ccc(O)c(OC)c5)C1O
3.77,O=C1c2ccc(O)cc2OC(c3ccc(O)c(O)c3)C1O
7.08,O=C1c2c(O)cc(OC3OC(COC4OC(C)C(O)C(O)C4O)C(O)C(O)C3O)cc2OC(c5ccc(OC)c(O)c5)C1
6.41,O=C1C(O)=C(Oc2ccc(O)cc12)c3ccc(O)cc3O
17.91,O=C(O)C1OC(OC2CCC3(C)C(CCC4(C)C3CC=C5C6CC(C)(C)CC(O)C6(C)CCC54C)C2(C)CO)C(OC7OCC(O)C(O)C7O)C(O)C1O
19.59,O=C(O)CCCCCCCCC
29.85,O=C(O)CCCCCCCCCCCCCC
28.03,O=C(O)CCCCCCCCCCCCC
26.13,O=C(O)CCCCCCCCCCCC
21.89,O=C(O)CCCCCCCCCC
34.37,O=C(O)CCCCCCCCCCCCCCCCCCCCC
4.73,O=C(OC1Cc2c(O)cc(O)cc2OC1c3ccc(O)c(O)c3)c4cc(O)c(O)c(O)c4
2.89,O=C(OC1Cc2c(O)cc(O)cc2OC1c3cc(O)c(O)c(O)c3)c4cc(O)c(O)c(O)c4
1.13,Oc1cc(O)c2c(OC(c3cc(O)c(O)c(O)c3)C(O)C2)c1
32.26,O=C(O)CCCCCCCCCCCCCCCC
34.77,O=C(O)CCCCCCCCCCCCCCCCCCCCCC
1.92,Oc1cc(O)c2c(OC(c3ccc(O)c(O)c3)C(O)C2O)c1
35.22,O=C(O)CCCCCCCCCCCCCCCCCCCCCCC
32.86,O=C(O)CCCCCCCCCCCCCCCCC
34.04,O=C(O)CCCCCCCCCCCCCCCCCCCC
2.54,Oc1cc(O)c2c(OC(c3ccc(O)c(O)c3)C(O)C2c4c(O)cc(O)c5c4OC(c6ccc(O)c(O)c6)C(O)C5)c1
5.83,O=C1c2c(O)cc(O)cc2OC(c3ccc(O)cc3)C1O
5.41,O=C1C=C(Oc2cc(OC3OC(CO)C(O)C(O)C3O)cc(O)c12)c4ccc(O)c(O)c4
13.46,O=C1C=C(Oc2cc(O)c(OC)c(O)c12)c3ccccc3
4.89,O=C(O)C=Cc1ccc(OC)c(O)c1
28.22,O=C(O)CCCCC=CCC=CCC=CCCCCC
29.71,O=C(O)CCCC=CCC=CCC=CCC=CCCCCC
30.69,O=C(O)CCCCCCCC=CCC=CCCCCC
31.75,O=C(O)CCCCCCCC=CCCCCCCCC
28.89,O=C(O)CCCCCCCC=CCCCCCC
31.71,O=C(O)CCCCCCCCCC=CCCCCCC
30.28,O=C(O)CCCCCCCCC=CC=CCCCCC
30.88,O=C(O)CCCCCCCC=CC=CCCCCCC
28.43,O=C(O)CCCC=CCCC=CCC=CCCCCC
13.29,O=C(O)C1OC(OC2C(O)CC3(C)C(CCC4(C)C3CC=C5C6CC(C)(C)CCC6(C(=O)OC7OCC(O)C(O)C7OC8OC(C)C(OC9OCC(O)C(O)C9O)C(O)C8O)CCC54C)C2(C(=O)O)C)C(O)C(O)C1O
12.8,O=C(O)C1OC(OC2C(O)CC3(C)C(CCC4(C)C3CC=C5C6CC(C)(C)CCC6(C(=O)OC7OCC(O)C(O)C7OC8OC(C)C(OC9OCC(O)C(O)C9O)C(OC%10OCC(O)(CO)C%10O)C8O)CCC54C)C2(C(=O)O)C)C(O)C(OC%11OC(CO)C(O)C(O)C%11O)C1O
13.11,O=C(O)C1OC(OC2C(O)CC3(C)C4CC=C5C6CC(C)(C)CCC6(C(=O)OC7OCC(O)C(O)C7OC8OC(C)C(OC9OCC(O)C(O)C9O)C(OC%10OCC(O)(CO)C%10O)C8O)CCC5(C)C4(C)CCC3C2(C(=O)O)C)C(O)C(O)C1O
13.47,O=C(O)C1(C)C(OC2OC(CO)C(O)C(O)C2O)C(O)CC3(C)C1CCC4(C)C3CC=C5C6CC(C)(C)CCC6(C(=O)OC7OCC(O)C(O)C7OC8OC(C)C(OC9OCC(O)C(O)C9O)C(OC%10OCC(O)(CO)C%10O)C8O)CCC54C
8.74,OC1COC(OCC2OC(OC(C=C)CCCCC)C(O)C(O)C2O)C(O)C1O
9.59,O=C(O)CC(=O)OCC1OC(Oc2ccc3C(=O)C(=COc3c2)c4ccc(OC)cc4)C(O)C(O)C1O
13.48,O=C(O)CC(=O)OCC1OC(OC2C(O)CC3(C)C4CC=C5C6CC(C)(C)CCC6(C(=O)OC7OC(CO)C(O)C(O)C7O)CCC5(C)C4(C)CCC3C2(C(=O)O)C)C(O)C(O)C1O
17.41,O=C(O)C1OC(OC2CCC3(C)C(CCC4(C)C3CC=C5C6CC(C)(C)CC(O)C6(C)CCC54C)C2(C)CO)C(OC7OC(CO)C(O)C(O)C7OC8OC(C)C(O)C(O)C8O)C(O)C1O
10.88,O=C(O)CC(=O)OCC1OC(Oc2ccc3c(OCC4c5ccc(OC)cc5OC34)c2)C(O)C(O)C1O
3.48,O=C1C(OC2OC(C)C(O)C(O)C2O)=C(Oc3cc(OC4OC(C)C(O)C(O)C4O)cc(O)c13)c5ccc(O)cc5
5.07,O=C1C(OC2OC(C)C(O)C(O)C2O)=C(Oc3cc(OC4OC(C)C(O)C(O)C4O)cc(O)c13)c5ccc(O)c(O)c5
5.22,O=C1C(OC2OC(CO)C(O)C(O)C2OC3OC(C)C(O)C(O)C3O)=C(Oc4cc(O)cc(O)c14)c5ccc(O)cc5
4.32,O=C1C(OC2OC(CO)C(O)C(O)C2OC3OC(C)C(O)C(O)C3O)=C(Oc4cc(O)cc(O)c14)c5ccc(O)c(O)c5
4.49,O=C1C(OC2OC(CO)C(O)C(O)C2O)=C(Oc3cc(OC4OC(C)C(O)C(O)C4O)cc(O)c13)c5ccc(O)c(O)c5
3.95,O=C1C(OC2OC(CO)C(O)C(O)C2OC3OC(C)C(O)C(O)C3O)=C(Oc4cc(OC5OC(C)C(O)C(O)C5O)cc(O)c14)c6ccc(O)cc6
3.48,O=C1C(OC2OC(CO)C(O)C(O)C2OC3OC(C)C(O)C(O)C3O)=C(Oc4cc(OC5OC(C)C(O)C(O)C5O)cc(O)c14)c6ccc(O)c(O)c6
4.94,O=C(OC(C(=O)O)CC(=O)O)C=Cc1cc(OC)c(O)c(OC)c1
7.97,O=C(OC(C(=O)O)CC(=O)OC)C=Cc1cc(OC)c(O)c(OC)c1
8.3,O=C(OC(C(=O)OC)CC(=O)O)C=Cc1cc(OC)c(O)c(OC)c1
22.56,O=C(OC(CO)COP(=O)([O-])OCCN)CCCCCCCC=CCC=CCCCCC
20.84,O=C(OC(CO)COP(=O)([O-])OCCN)CCCCCCCC=CCC=CCC=CCC
22.69,O=C(OC(CO)COP(=O)([O-])OCC[N+](C)(C)C)CCCCCCCC=CCC=CCCCCC
23.29,O=C(OCC(O)COP(=O)([O-])OCC[N+](C)(C)C)CCCCCCCC=CCC=CCCCCC
23.16,O=C(OCC(O)COP(=O)([O-])OCCN)CCCCCCCC=CCC=CCCCCC
20.96,O=C(OC(CO)COP(=O)([O-])OCC[N+](C)(C)C)CCCCCCCC=CCC=CCC=CCC
21.56,O=C(OCC(O)COP(=O)([O-])OCC[N+](C)(C)C)CCCCCCCC=CCC=CCC=CCC
27.87,O=C(O)CCCCCCCC=CCC=CCC=CCC
31.36,O=C(O)CCCCCCCCCCCCCCC
7.64,O=C(O)C1OC(Oc2ccc(cc2)C=3Oc4cc(O)cc(O)c4C(=O)C3)C(OC5OC(C(=O)O)C(O)C(O)C5OC(=O)C=Cc6ccc(O)cc6)C(O)C1O
7.78,O=C(O)C1OC(Oc2ccc(cc2)C=3Oc4cc(O)cc(O)c4C(=O)C3)C(OC5OC(C(=O)O)C(O)C(O)C5OC(=O)C=Cc6ccc(O)c(OC)c6)C(O)C1O
6.84,O=C(O)C1OC(OC2C(O)C(OC(OC3C(O)C(O)C(OC3Oc4ccc(cc4)C=5Oc6cc(O)cc(O)c6C(=O)C5)C(=O)O)C2OC(=O)C=Cc7ccc(O)c(OC)c7)C(=O)O)C(O)C(O)C1O
6.9,O=C(O)C1OC(Oc2cc(O)c3C(=O)C=C(Oc3c2)c4ccc(O)cc4)C(OC5OC(C(=O)O)C(O)C(O)C5OC(=O)C=Cc6ccc(O)c(OC)c6)C(O)C1O
14.36,O=C(OC1OC(CO)C(O)C(O)C1O)C23CCC(C)(C)CC3C4=CCC5C6(C)CCC(OC7OC(CO)C(O)C(O)C7OC8OC(CO)C(O)C(O)C8OC9OC(C)C(O)C(O)C9O)C(C)(C)C6CCC5(C)C4(C)CC2
19.06,O=C(O)C1OC(OC2CCC3(C)C4CC=C5C6CC(C)(C)CC(OC7OC(=C(O)C(=O)C7)C)C6(C)CCC5(C)C4(C)CCC3C2(C)CO)C(OC8OC(CO)C(O)C(O)C8OC9OC(C)C(O)C(O)C9O)C(O)C1O
19.43,O=C(O)C1OC(OC2CCC3(C)C4CC=C5C6CC(C)(C)CC(O)C6(C)CCC5(C)C4(C)CCC3C2(C)CO)C(O)C(O)C1O
21.68,O=C(O)C1OC(OC2CCC3(C)C4CC=C5C6CC(C)(C)CC(OC7OC(=C(O)C(=O)C7)C)C6(C)CCC5(C)C4(C)CCC3C2(C)CO)C(O)C(O)C1O
19.97,O=C(O)C1OC(OC2CCC3(C)C4CC=C5C6CC(C)(C)CC(OC7OC(=C(O)C(=O)C7)C)C6(C)CCC5(C)C4(C)CCC3C2(C)CO)C(OC8OC(CO)C(O)C(O)C8O)C(O)C1O
17.68,O=C(O)C1OC(OC2CCC3(C)C(CCC4(C)C3CC=C5C6CC(C)(C)CC(O)C6(C)CCC54C)C2(C)CO)C(OC7OC(CO)C(O)C(O)C7O)C(O)C1O
13.16,O=C(OC1OC(CO)C(O)C(O)C1O)C23CCC(C)(C)CC3C4=CCC5C6(C)CCC(OC7OC(CO)C(O)C(O)C7OC8OC(CO)C(O)C(O)C8O)C(C)(CO)C6CCC5(C)C4(C)CC2
18.72,O=C(O)C1OC(OC2CCC3(C)C4CC=C5C6CC(C)(C)CC(=O)C6(C)CCC5(C)C4(C)CCC3C2(C)CO)C(OC7OC(CO)C(O)C(O)C7OC8OC(C)C(O)C(O)C8O)C(O)C1O
7.22,O=C1C=C(Oc2cc(OC3OC(CO)C(O)C(O)C3O)cc(O)c12)c4cc(OC)c(O)c(OC)c4
24.11,O=C(O)CC(O)CCCC=CCCCCCCCC
26.75,O=C(O)CC(O)CCCCCCCCCCCCC
27.63,O=C(O)CC(O)CCCC=CCCCCCCCCCC
14.59,O=C(OC1OC(CO)C(O)C(O)C1O)C23CCC(C)(C)CC3C4=CCC5C6(C)CCC(OC7OCC(O)C(O)C7CC8OC(CO)C(O)C(O)C8O)C(C)(CO)C6CCC5(C)C4(C)CC2
12.65,*C1(C)C(OC2OC(CO)C(O)C(OC3OC(CO)C(O)C(O)C3O)C2O)C(O)CC4(C)C1CCC5(C)C4CC=C6C7CC(C)(C)CCC7(C(=O)OC8OC(CO)C(O)C(O)C8O)CCC65C
12.72,O=C(OC1OC(CO)C(O)C(O)C1O)C23CCC(C)(C)CC3C4=CCC5C6(C)CC(O)C(OC7OC(CO)C(O)C(O)C7O)C(C)(CO)C6CCC5(C)C4(C)CC2
12.83,O=C(OC1OC(CO)C(O)C(O)C1O)C23CCC(C)(C)CC3C4=CCC5C6(C)CCC(OC7OC(CO)C(O)C(O)C7OC8OC(CO)C(O)C(O)C8OC9OC(C)C(O)C(O)C9O)C(C)(CO)C6CCC5(C)C4(C)CC2
12.39,O=C(OC1OC(CO)C(O)C(O)C1O)C23CCC(C)(C)CC3C4=CCC5C6(C)CC(O)C(OC7OC(CO)C(O)C(OC8OC(CO)C(O)C(O)C8O)C7O)C(C)(CO)C6CCC5(C)C4(C)CC2
15.44,O=C(OC1OC(CO)C(O)C(O)C1O)C23CCC(C)(C)CC3C4=CCC5C6(C)CCC(OC7OCC(O)C(O)C7O)C(C)(CO)C6CCC5(C)C4(C)CC2
11.48,O=C(O)C1(C)C(OC2OC(CO)C(O)C(OC3OC(CO)C(O)C(O)C3O)C2O)C(O)CC4(C)C1CCC5(C)C4CC=C6C7CC(C)(C)CCC7(C(=O)OC8OCC(O)C(O)C8OC9OC(C)C(OC%10OCC(O)C(O)C%10O)C(OC%11OCC(O)(CO)C%11O)C9O)C(O)CC65C
12.97,O=C(O)C1(C)C(OC2OC(CO)C(O)C(O)C2O)C(O)CC3(C)C4CC=C5C6CC(C)(C)CCC6(C(=O)OC7OC(CO)C(O)C(O)C7O)CCC5(C)C4(C)CCC13
12.1,O=C(O)CC(=O)OC1C(O)C(OC(CO)C1OC2OC(CO)C(O)C(O)C2O)OC3C(O)CC4(C)C(CCC5(C)C4CC=C6C7CC(C)(C)CCC7(C(=O)OC8OC(CO)C(O)C(O)C8O)CCC65C)C3(C)CO
18.1,O=C(O)CC(=O)OC1C(O)C(O)C(OC1C)OC2C(O)C(O)C(OC2OC3C(O)C(O)C(OC3OC4CCC5(C)C(CCC6(C)C5CC=C7C8CC(C)(C)CC(O)C8(C)CCC76C)C4(C)CO)C(=O)O)CO
7.08,O=C1C=C(Oc2cc(OC3OC(CO)C(O)C(O)C3O)cc(O)c12)c4ccc(O)c(OC)c4
13.65,O=C([O-])C1(C)C(OC2OC(CO)C(O)C(O)C2O)C(O)CC3(C)C1CCC4(C)C3CC=C5C6CC(C)(C)CCC6(C(=O)OC7OCC(O)C(O)C7OC8OC(C)C(OC9OCC(O)C(O)C9O)C(O)C8O)CCC54C
11.35,O=C(O)C1OC(OC2C(O)CC3(C)C(CCC4(C)C3CC=C5C6CC(C)(C)CCC6(C(=O)OC7OCC(O)C(O)C7OC8OC(C)C(OC9OCC(O)C(O)C9O)C(O)C8O)C(O)CC54C)C2(C(=O)[O-])C)C(O)C(O)C1O
9.18,O=C(O)CC(=O)OC1C(O)C(O)C(Oc2ccc3C(=O)C(=COc3c2)c4ccc(OC)cc4)OC1CO
10.97,O=C([O-])C1(C)C(OC2OC(CO)C(O)C(O)C2OC3OC(CO)C(O)C(O)C3OC4OC(CO)C(O)C(O)C4O)C(O)CC5(C)C1CCC6(C)C5CC=C7C8CC(C)(C)CCC8(C(=O)OC9OCC(O)C(O)C9OC%10OC(C)C(OC%11OCC(O)C(O)C%11O)C(OC%12OCC(O)(CO)C%12O)C%10O)C(O)CC76C
11.12,O=C([O-])C1(C)C(OC2OC(CO)C(O)C(O)C2OC3OC(CO)C(O)C(O)C3OC4OC(CO)C(O)C(O)C4O)C(O)CC5(C)C1CCC6(C)C5CC=C7C8CC(C)(C)CCC8(C(=O)OC9OCC(O)C(O)C9OC%10OC(C)C(OC%11OCC(O)C(O)C%11O)C(OC%12OCC([O-])C(O)C%12O)C%10O)C(O)CC76C
12.61,O=C([O-])C1(C)C(OC2OC(CO)C(O)C(O)C2OC3OC(CO)C(O)C(O)C3OC4OC(CO)C(O)C(O)C4O)C(O)CC5(C)C1CCC6(C)C5CC=C7C8CC(C)(C)CCC8(C(=O)OC9OCC(O)C(O)C9OC%10OC(C)C(OC%11OCC(O)C(O)C%11O)C(OC%12OCC(O)(CO)C%12O)C%10O)CCC76C
12.69,O=C([O-])C1(C)C(OC2OC(CO)C(O)C(O)C2OC3OC(CO)C(O)C(O)C3OC4OC(CO)C(O)C(O)C4O)C(O)CC5(C)C1CCC6(C)C5CC=C7C8CC(C)(C)CCC8(C(=O)OC9OCC(O)C(O)C9OC%10OC(C)C(OC%11OCC(O)C(O)C%11O)C(OC%12OCC([O-])C(O)C%12O)C%10O)CCC76C
12.81,O=C([O-])C1(C)C(OC2OC(CO)C(O)C(O)C2OC3OC(CO)C(O)C(O)C3OC4OC(CO)C(O)C(O)C4O)C(O)CC5(C)C1CCC6(C)C5CC=C7C8CC(C)(C)CCC8(C(=O)OC9OCC(O)C(O)C9OC%10OC(C)C(OC%11OCC(O)C(O)C%11O)C(O)C%10O)CCC76C
14.84,O=C(O)C1OC(OC2CCC3(C)C4CC=C5C6CC(C)(C)CCC6(C(=O)OC7OC(CO)C(O)C(O)C7O)CCC5(C)C4(C)CCC3C2(C)CO)C(O)C(O)C1O
15.75,O=C(O)C1OC(OC2CCC3(C)C(CCC4(C)C3CC=C5C6CC(C)(C)CCC6(C(=O)OC7OC(CO)C(O)C(O)C7O)CCC54C)C2(C)C)C(O)C(O)C1O
17.07,O=C(O)C1OC(OC2CCC3(C)C4CC=C5C6CC(C)(C)CC(OC7OC(=C(OC8OC(CO)C(O)C(O)C8O)C(=O)C7)C)C6(C)CCC5(C)C4(C)CCC3C2(C)CO)C(O)C(O)C1O
3.762,O=C1c2ccc(O)cc2OCC1(OC3OC(CO)C(O)C(O)C3O)c4ccc(O)cc4
13.157,O=C(O)CC(=O)OC1C(O)COC(OC2C(O)CC3(C)C4CC=C5C6CC(C)(C)CCC6(C(=O)OC7OC(CO)C(O)C(O)C7O)CCC5(C)C4(C)CCC3C2(C)CO)C1O
14.25,O=CC1(C)C(OC2OCC(O)C(OC(=O)CC(=O)O)C2O)C(O)CC3(C)C4CC=C5C6CC(C)(C)CCC6(C(=O)OC7OC(CO)C(O)C(O)C7O)CCC5(C)C4(C)CCC13
16.003,O=C(O)CC(=O)OC1C(O)COC(OC2C(O)CC3(C)C(CCC4(C)C3CC=C5C6CC(C)(C)CCC6(C(=O)OC7OC(CO)C(O)C(O)C7O)CCC54C)C2(C)C)C1O
11.67,O=C(O)C1(C)C(OC2OC(CO)C(O)C(OC3OC(CO)C(O)C(O)C3O)C2O)C(O)CC4(C)C5CC=C6C7CC(C)(C)CCC7(C(=O)OC8OCC(O)C(O)C8OC9OC(C)C(OC%10OCC(O)C(O)C%10O)C(O)C9O)C(O)CC6(C)C5(C)CCC14
13.44,O=C(O)C1(C)C(OC2OC(CO)C(O)C(OC3OC(CO)C(O)C(O)C3O)C2O)C(O)CC4(C)C1CCC5(C)C4CC=C6C7CC(C)(C)CCC7(C(=O)OC8OCC(O)C(O)C8OC9OC(C)C(OC(=O)C)C(O)C9O)C(O)CC65C
5.004,O=C(O)C1OC(OC2C(O)C(O)C(OC2Oc3ccc(cc3)C=4Oc5cc(O)cc(O)c5C(=O)C4)C(=O)O)C(O)C(O)C1O
6.26,O=C1C=C(Oc2cc(O)cc(OC3OC(CO)C(O)C(O)C3O)c12)c4cc(OC)c(O)c(OC)c4
7.11,O=C(O)C1OC(Oc2cc(O)c3C(=O)C=C(Oc3c2)c4cc(OC)c(O)c(OC)c4)C(O)C(O)C1O
11.01,O=C(O)C1(C)C(OC2OC(CO)C(O)C(O)C2OC3OC(CO)C(O)C(O)C3OC4OC(CO)C(O)C(O)C4O)C(O)CC5(C)C1CCC6(C)C5CC=C7C8CC(C)(C)CCC8(C(=O)OC9OCC(O)C(O)C9OC%10OC(C)C(OC%11OCC(O)C(OC%12OCC(O)(CO)C%12O)C%11O)C(OC%13OCC(O)(CO)C%13O)C%10O)C(O)CC76C
13.96,O=C(O)CC(=O)OC1C(O)C(OC(C(=O)O)C1O)OC2C(O)CC3(C)C4CC=C5C6CC(C)(C)CCC6(C(=O)OC7OCC(O)C(O)C7OC8OC(C)C(OC9OCC(O)C(O)C9O)C(O)C8O)CCC5(C)C4(C)CCC3C2(C(=O)O)C
3.81,O=C(O)C1OC(Oc2ccc(cc2)C=3Oc4cc(OC5OC(C(=O)O)C(O)C(O)C5O)cc(O)c4C(=O)C3)C(O)C(O)C1O
