SMILES,retention_time
O=C(O)C(O)Cc1ccc(O)cc1,2.66345
O=C(O)C(O)(C)CC,2.23045
O=C(O)C(O)C(C)C,2.5446166667
O=C(O)CCc1ccc(O)cc1O,3.0216
O=C(O)CC(O)(C)C,1.6329
Oc1ccc(cc1O)C(O)CO,0.8577
O=C(O)Cc1c[nH]c2ccc(O)cc21,2.9208833333
O=C1CCC2(C)C(C1)CCC3C4CCC(O)C4(C)CCC32,4.4743333333
O=C1C(N=C(O)C)=C(N=C(O)N1C)N,0.6663833333
O=C(O)C(=O)C(C)C,1.9167666667
O=C1N2CCCC2C(O)=NC1C(O)C,1.5418833333
O=C1N2CCCC2C(O)=NC1C(C)C,3.10075
O=C(O)C(O)c1ccc(O)c(O)c1,0.8288333333
O=C(O)C1OC(Oc2ccc(O)cc2)C(O)C(O)C1O,0.90965
O=S(C)CCCN=C=S,3.2418166667
O=C(O)C1OC(OC(=O)Cc2c[nH]c3ccccc32)C(O)C(O)C1O,3.4614833333
OCC1(O)CC23CCC4c5ccoc5C=CC4(C)C3CCC1C2,3.8099
O=C(O)CCC(=O)C,1.46105
O=C(OCC(OC(=O)CCC=CCC=CCC=CCC=CCC=CCC=CCC)COP(=O)([O-])OCC[N+](C)(C)C)CCCCCCCCCCCCCCCCC,5.5145
O=C([O-])C1CCC[N+]1(C)C,0.5428666667
O=C1C=C2CCC3C(CCC4(C)C(O)CCC34)C2(C)CC1,4.3220166667
O=C1N=C(O)c2c(ncn2C)N1C,2.1422
O=N(C)(C)C,0.4679333333
O=C(O)C1OC(OC(=O)CCCCCCC)C(O)C(O)C1O,3.9209666667
O=C1c2nc(O)[nH]c2N=C(O)N1C,1.2705666667
Oc1nc(O)c2c(n1)nc(O)n2C,1.07905
O=C(O)C1OC(OC(=O)c2c[nH]c3ccccc32)C(O)C(O)C1O,3.4209416667
Oc1nc(O)c2c(ncn2C)n1,1.2543833333
O=C(O)c1c(oc(c1C)CCC)CCC(=O)O,4.0790166667
O=C1N=C(O)c2nc[nH]c2N1C,1.44605
O=C(O)C1N(C)CC(O)C1,0.4982333333
O=C1N(C)C(c2cnccc2)CC1,0.7927333333
N=C1c2ncn(c2N=CN1C)C3OC(CO)C(O)C3O,1.6257833333
O=C1c2c(ncn2C)N=C(O)N1C,2.55745
O=C(O)C(N)(C)C,0.5237833333
O=C(O)c1cc(OC)ccc1O,3.6948666667
O=C(O)CN=C(O)c1ccccc1C,3.4050166667
N=C1N=C(S)N(C=C1)C2OC(CO)C(O)C2O,0.6191666667
O=C(O)CCc1ccc(O)c(O)c1,3.0593166667
O=C(O)C(N)CCCC(N)C(=O)O,0.4397833333
O=C(O)C(N)CC(=O)c1cccc(O)c1N,0.7858833333
O=C(O)CC(O)C,3.4358
O=C(O)C(C)CO,1.7191666667
O=C(O)Cc1c[nH]c2ccccc21,3.6338833333
O=C1N(C=CC(=N)N1C)C2OC(CO)C(O)C2O,0.6191666667
O=C1N=C(O)c2c(nc(O)n2C)N1C,1.5490166667
O=C(O)c1ccc(N=C(O)C)cc1,3.2320333333
O=C(O)c1ccc(O)c(c1)C,3.4600166667
O=Cc1ccc(O)cc1,3.3041333333
O=C(O)CNC(=O)c1ccc(O)cc1,2.1902666667
N=C1N=C(O)N(C=C1C)C2OC(CO)C(O)C2O,1.1820333333
OC(=NCCc1c[nH]c2cc(O)c(OC)cc21)C,3.3996166667
[O-]C1=NC(=N)Nc2c1[n+](cn2C3OC(CO)C(O)C3O)C,0.6883333333
O=C(O)C(NC)(C)C,0.5305333333
OCC1OC(OC2C(O)C(O)C(O)OC2CO)C(O)C(O)C1O,0.476
O=C(O)C(N)CS(=O)CC=C,0.63825
O=C(O)C(NC(=N)O)NC(=N)O,0.4909
O=C(O)C(N=C(O)CCN)Cc1cncn1C,0.44065
O=C(O)C(N)CCCNC(=N)N,0.435925
O=C(O)CC(N)C(O)=NC(C(=O)O)Cc1ccccc1,2.6743833333
O=C(O)C(N=C(O)CCN)Cc1cnc[nH]1,0.4372333333
O=C1OC2c3cc(c(O)c(O)c3C14CCCC(C)(C)C4C2)C(C)C,4.5144166667
O=C(O)C(N)CCCCNC(C(=O)O)C,0.4585166667
O=C(O)CCC(C)C1CCC2C3C(O)CC4CC(O)CCC4(C)C3CCC12C,4.6062833333
O=C(O)CNCCCCC(N)C(=O)O,0.5271
O=C1C(OC)=C(OC)C(=O)C(=C1C)CC=C(C)C,4.4743333333
N=C1N=C(O)N(C=C1)C2OC(CO)C(O)C2O,0.5326166667
OC(=NCCSSCCN=C(O)CCN=C(O)C(O)C(C)(C)CO)CCN=C(O)C(O)C(C)(C)CO,3.4401833333
OCC(O)C(O)C(O)C(O)CO,0.4831166667
O=C(O)CCC(C)C1CCC2C3C(=O)CC4CC(=O)CCC4(C)C3CC(=O)C12C,4.0519666667
OC1=NCCCC1,1.6862833333
O=C(O)CCCC(N)C(=O)O,0.5096333333
O=C(O)C(O)Cc1c[nH]c2ccccc21,3.5210833333
Oc1ccc(cc1O)CCN,0.7118916667
Oc1ccc(cc1O)C(O)CNC,0.5644333333
O=C(O)C(N)CCCN=C1N=C(O)CN1,0.4585166667
O=C(O)C(N)CCCCN=C(O)CO,0.5271
O=C(O)CCCN,0.4911833333
O=C(O)CCC(N)C(=O)O,0.4752666667
O=C(O)CN=C(O)CCC(C)C1CCC2C3C(O)CC4CC(O)CCC4(C)C3CCC12C,4.2319833333
O=C(O)CN=C(O)CCC(C)C1CCC2C3C(O)CC4CC(O)CCC4(C)C3CC(O)C12C,4.2363666667
O=C(O)CN=C(O)CCC(C)C1CCC2C3CCC4CC(O)CCC4(C)C3CC(O)C12C,4.4391833333
O=C(O)CN=C(O)CCC(C)C1CCC2C3CCC4CC(O)CCC4(C)C3CCC12C,4.6111166667
N=C1N=C(O)c2ncn(c2N1)C3OC(CO)C(O)C3O,1.1820333333
O=S(O)CCN,0.4681166667
Oc1ncnc2[nH]cnc12,0.7055166667
O=C(O)CN=C(O)C=Cc1c[nH]c2ccccc12,3.5645166667
OCC1OC(Oc2c[nH]c3ccccc23)C(O)C(O)C1O,2.9234666667
O=C(O)C1OC(Oc2c[nH]c3ccccc23)C(O)C(O)C1O,2.9454
Oc1ncnc2c1ncn2C3OC(CO)C(O)C3O,0.9059666667
O=C(O)C(N)C(C)CC,0.9757166667
O=C(O)CN=C(O)CC(C)C,2.7427833333
O=C1C(O)=C(Oc2cc(O)cc(O)c12)c3ccc(O)cc3,3.8827666667
n1cnc2-c1[nH]cnc2NCc3occc3,3.0295
O=C([O-])CC(O)C[N+](C)(C)C,0.4567166667
O=C(O)C(N)CS,0.4912
O=C(O)C(N)CSSCC(N)C(=O)O,0.4473166667
O=C(O)C(N)CCCCN,0.4035166667
O=C(O)C(N)CCCN,0.4145333333
O=C([O-])CC(OC(=O)CCCCCCCCCCC)C[N+](C)(C)C,4.1991333333
O=C(O)C(N)CC(C)C,0.9757166667
O=C1C=C(Oc2cc(O)cc(O)c12)c3ccc(O)c(O)c3,3.745875
O=C(O)C(N)CCSC,0.7034166667
O=C(O)C(N)CCCN=C1N=C(O)C(N1)C,0.4837833333
OC1C(O)C(O)C(O)C(O)C1O,0.4648833333
O=C(O)CCC(N=C(O)C(N=C(O)C)CC(=O)O)C(=O)O,0.8632833333
O=C(O)C(N=C(O)C)Cc1ccc(O)cc1,2.6782666667
O=C(O)CN(C(=O)CCCCCCCCCCC)C,4.5996333333
O=C(O)C(N=C(O)Cc1ccccc1)CCSC,3.7855833333
N=C(O)c1cnccc1,0.7216666667
N=C(O)CCCCCCCC=CCCCCCCCC,4.81385
O=C([O-])CCC(OC(=O)CCCCCCCC=CCCCCCCCC)[N+](C)(C)C,4.5084083333
O=C(O)c1nc(O)nc(O)c1,0.5880166667
O=C(O)CNC(=O)c1ccc(N)cc1,1.2034
O=C(O)C1=CCC(C(=C)C)CC1,3.8101
O=C(O)C1N(C(=O)C2N=C(O)CC2)CCC1,2.0172666667
O=C(O)CN=C(O)Cc1ccccc1,3.3805
O=C(O)C(N)Cc1ccccc1,0.498
O=C(O)C1NCCCC1,0.6204
O=C(O)C1OC(Oc2ccccc2O)C(O)C(O)C1O,2.8057666667
O=Cc1ccc(n1CCCCC(N)C(=O)O)CO,2.3141333333
O=C(O)c1ccc[nH]1,2.6093166667
O=C1C(O)=C(Oc2cc(O)cc(O)c12)c3ccc(O)c(O)c3,3.7395166667
O=C(O)c1nc2ccccc2cc1,2.8640833333
O=C(O)CNC,0.4684
OCC1OC(OC2(OC(CO)C(O)C2O)CO)C(O)C(O)C1O,0.5045
O=C(O)C(N=C(O)C)CSC(S)=NCCCCS(=O)C,3.2432333333
O=S(=O)(O)CCN=C(O)CCC(C)C1CCC2C3CCC4CC(O)CCC4(C)C3CC(O)C12C,4.458375
O=C(O)C(N)C(O)C,0.4752666667
O=C(O)C=Cc1cccc(O)c1,3.5286
O=C(O)C1NCC(O)C1,0.47875
NCCc1c[nH]c2ccccc21,2.6512
O=C(O)C(N)Cc1c[nH]c2ccccc21,2.39625
O=C(O)C(N)Cc1ccc(O)cc1,0.7785666667
O=C1N=C(O)C=CN1C2OC(CO)C(O)C2O,0.7676333333
O=C(O)C(N)C(C)C,0.5456
O=C(O)c1ccc(O)c(OC)c1,3.17385
O=Cc1ccc(O)c(OC)c1,3.446825
Oc1ncc(c(O)n1)C2OC(CO)C(O)C2O,0.7427666667
O=C(O)CN=C(O)CCC(C)C1CCC2C3C(O)CC4CC(OC5OC(C(=O)O)C(O)C(O)C5O)CCC4(C)C3CCC12C,4.3396
O=S(=O)(O)CCN,0.4695333333
O=C(O)C(N)CCCNC(=N)O,0.4695333333
n1cnc-2c(nc[nH]c12)N,0.5384166667
O=C1OC(C(O)=C1O)C(O)CO,0.5609333333
Oc1nc(O)c2nc(O)[nH]c2n1,0.6183166667
Oc1nccc(O)n1,0.6276166667
O=C(O)CC(O)(C(=O)O)CC(=O)O,0.6586833333
O=C(O)C1N=C(O)CC1,0.7309416667
OCC1OC(n2cnc3c(ncnc32)N)C(O)C1O,0.8571333333
O=C(O)C(C(=O)O)C,0.5393666667
O=C(O)CCCC(=O)O,1.32225
O=C(O)CCCCC(=O)O,2.3290666667
O=C(O)CN=C(O)c1ccccc1,3.0974166667
O=C(O)C=Cc1ccc(O)c(O)c1,3.2009666667
O=C(O)Cc1ccccc1,0.86075
O=C(O)CCCCCC(=O)O,3.16515
O=C(O)C(O)Cc1ccccc1,3.4909
O=C(O)CCCCCCCC(=O)O,3.6263666667
O=C1C=C2CCC3C4CCC(O)(C(=O)CO)C4(C)CC(O)C3C2(C)CC1,3.86625
O=S(=O)(O)CCN=C(O)CCC(C)C1CCC2C3C(O)CC4CC(O)CCC4(C)C3CC(O)C12C,4.26145
O=C(O)CCC(C)C1CCC2C3C(O)CC4CC(O)CCC4(C)C3CC(O)C12C,4.4566666667
O=C(O)CCC(C)C1CCC2C3CCC4CC(O)CCC4(C)C3CC(O)C12C,4.6201666667
O=C(OCC(O)COP(=O)([O-])OCC[N+](C)(C)C)CCCCCCCCCCCCCCC,4.6977833333
O=C(OCC(O)COP(=O)([O-])OCC[N+](C)(C)C)CCCCCCCC=CCCCCCCCC,4.7199166667
O=C1N=C(O)C2=Nc3cc(c(cc3N(C2=N1)CC(O)C(O)C(O)CO)C)C,3.3807
O=C1C=C2CCC3C(C(=O)CC4(C)C3CCC4(O)C(=O)CO)C2(C)CC1,3.8447833333
O=C(O)C1NCCC1,0.5062166667
O=C(O)C(N)Cc1ncn(c1)C,0.4248833333
N=C1N=C(O)CN1C,0.4672666667
O=C(O)CN(C)C,0.4695333333
O=C1OCCC(O)(C)C1,1.1930166667
O=C(O)c1ccc(N)cc1,2.0943166667
O=C1c2c(ncn2C)N(C(=O)N1C)C,3.1306666667
