SMILES,recorded_rt
O=C(O)C(O)Cc1ccc(O)cc1,1.54435
O=C(O)C(O)CC,1.3994
O=P([O-])(OCC[N+](C)(C)C)OCC(O)COC=CCCCCCCCCCCCCCCCC,4.9477166667
O=C(O)C(O)(C)CC,1.6257833333
O=C(O)C(O)C(C)C,1.6854666667
O=C(O)C(C(=O)C)C,1.61285
O=C(O)C(=O)C(C)CC,1.8646166667
O=C(O)C(=O)CC(C)C,1.9904833333
O=C(O)C(=O)CCC,1.6190333333
O=C1CCC2(C)C(C1)CCC3C4CCC(C(O)C)C4(C)CCC32,4.33025
O=C(O)C(C)C(O)C,1.5108333333
O=C(O)CC(O)(C)C,1.441
O=C(O)CCc1ccc(O)c(O)c1,1.6857166667
Oc1ccc(cc1O)C(O)CO,1.0154166667
O=S(=O)(O)Oc1ccc(N)cc1,0.641
O=C(O)C(O)(C)C,1.39605
O=C(O)C(=O)C(C)C,1.4464166667
O=C(O)CCCCCCCC(=O)OC(COCCCCCCCCCCCCCCCC)COP(=O)([O-])OCC[N+](C)(C)C,4.8562166667
O=C(O)C(C)CO,1.39625
[C-]#[S+],3.1884166667
O=C1N2CCCC2C(O)=NC1C(O)C,1.3674833333
O=C1N2CCCC2C(O)=NC1C(C)C,1.7357833333
O=C(O)C(N)CCS(=O)C,0.5956916667
O=C(O)CCCO,1.0729666667
O=C(O)C(N)CC(C)C,1.2797833333
O=C(OCC(O)COP(=O)([O-])OCC[N+](C)(C)C)CCCCCCCC=CCC=CCCCCC,4.2542
O=C(OCC(O)COP(=O)([O-])OCC[N+](C)(C)C)CCCC=CCC=CCC=CCC=CCC=CCC,4.0197
O=C(O)CCCCCCCC(=O)OC(COC(=O)CCCCCCCCCCCCCC)COP(=O)([O-])OCC[N+](C)(C)C,4.6634666667
O=C(OCC(OC(=O)CCCC=CCC=CCC=CCC=CCC=CCC)COP(=O)([O-])OCC[N+](C)(C)C)CCCC=CCC=CCC=CCC=CCC=CCC,5.616425
O=C(O)CCCC(=O)OC(COC(=O)CCCCCCCCCCCCCCC)COP(=O)([O-])OCC[N+](C)(C)C,4.5213583333
O=CCCCC(=O)OC(COC(=O)CCCCCCCCCCCCCCC)COP(=O)([O-])OCC[N+](C)(C)C,4.6584333333
O=C([O-])CC(OC(=O)CC)C[N+](C)(C)C,1.3520833333
O=P([O-])(O)OCCc1sc[n+](c1C)Cc2cnc([nH]c2=N)C,0.5951333333
OC1=NC(C(O)=NC1C)C(C)CC,1.79755
OC1=NC(C(O)=NC1C)CC(C)C,1.8597
OC1=NC(C(O)=NC1)CC(C)C,1.7513666667
OC1=NC(C(O)=NC1C(C)C)C(C)CC,2.31205
O=C(O)CCC(=O)C,1.3911333333
O=C(O)C(N=C(O)C1N=C(O)CC1)C(C)C,1.5743
O=C(O)CCC(N=C(O)C(N)C(C)C)C(=O)O,0.9060583333
O=C(O)c1cc(OC)ccc1O,2.4131833333
O=C(O)CC(O)C,1.7803333333
O=C(O)CCC(N)C(=O)O,0.5772666667
O=C(O)CC(N)C(O)=NC(C(=O)O)C(C)CC,0.5999666667
O=C(O)CC(N)C(O)=NC(C(=O)O)CC(C)C,0.6002666667
O=C(O)C(N)CC(O)=NC(C(=O)O)C(C)CC,0.6000666667
O=C(O)C(N=C(O)CC(N)C(=O)O)CC(C)C,0.5997833333
O=C(O)CCC1N=C(O)C(N=C1O)CC(=O)O,0.88355
O=C(O)CC1N=C(O)C(N=C1O)C(C)CC,1.6506833333
O=C(O)CC1N=C(O)C(N=C1O)CC(C)C,1.6753666667
O=C(O)CCC1N=C(O)C(N=C1O)C(C)CC,1.7130833333
O=C(O)CCC1N=C(O)C(N=C1O)C(C)C,1.4983833333
OC1=NC(C(O)=NC1Cc2ccccc2)C(C)C,2.3876666667
O=C(O)CCC(N)C(O)=NC(C(=O)O)C(C)C,1.3219833333
O=C(O)CC(N=C(O)C(N)C(C)CC)C(=O)O,0.5999666667
O=C(O)CC(N=C(O)C(N)CC(C)C)C(=O)O,0.5999833333
O=C(O)C(N=C(O)Cc1ccccc1)CCSC,2.57615
O=C(O)CC(N=C(O)C1N=C(O)CC1)C(=O)O,0.5998833333
O=C(O)C(N=C(O)C1N=C(O)CC1)C(C)CC,1.82585
O=C(O)C(N=C(O)C1N=C(O)CC1)CC(C)C,1.89025
O=C(O)CC(N=C(O)C(N)Cc1ccccc1)C(=O)O,1.53665
O=Cc1ccc(n1CCCCC(N)C(=O)O)CO,1.42835
O=C1C=C2CCC3C(CCC4(C)C3CCC4(O)C(=O)CO)C2(C)CC1,3.0449666667
O=C(O)CN=C(O)C=Cc1c[nH]c2ccccc12,2.12965
O=C(O)C(N)C(C)CC,1.34885
O=C(O)CC(NC)C(=O)O,0.5799166667
O=C(O)CN=C(O)c1cnccc1,1.346
O=C1C=CC2(C(=C1)CCC3C4CCC(O)(C(=O)CO)C4(C)CC(O)C32)C,2.65145
O=C(O)C(N)C(O)C,0.57355
O=C(O)C(N)C(C)C,0.7979333333
O=C(O)CCC1N=C(O)C2N(C1=O)CCC2,1.4281666667
O=C(O)C(N=C(O)C1NCCC1)C(O)C,0.6000666667
O=C(O)C(N=C(O)C(N)Cc1ccccc1)C(C)C,1.62985
O=C(O)C(N=C(O)C(N)C(C)C)Cc1ccccc1,1.7005333333
O=C1N(C)C(c2cnccc2)CC1,1.25775
N=c1c2ncn(c2ncn1C)C3OC(CO)C(O)C3O,1.3037333333
O=c1c2nc(O)[nH]c2nc(O)n1C,1.28035
O=c1c2c(ncn2C)nc(O)n1C,1.449075
N=c1nc(S)n(cc1)C2OC(CO)C(O)C2O,0.9857666667
O=C(O)C(N)CCCC(N)C(=O)O,0.5427833333
O=C(O)C(N)CC(=O)c1cccc(O)c1N,1.03485
O=c1n(ccc(=N)n1C)C2OC(CO)C(O)C2O,0.9857666667
O=c1nc(O)c2nc[nH]c2n1C,1.2835
O=C(O)c1ccc(N=C(O)C)cc1,1.7073833333
Oc1ccc(N)cc1,0.641
O=Cc1ccc(O)cc1,1.9126833333
O=C(O)Cc1c[nH]c2ccc(O)cc21,1.61105
N=c1nc(O)n(cc1C)C2OC(CO)C(O)C2O,1.27845
OC(=NCCc1c[nH]c2cc(O)c(OC)cc21)C,1.8125333333
[O-]c1nc(=N)[nH]c2c1[n+](cn2C3OC(CO)C(O)C3O)C,1.1733
O=C(O)C(NC)(C)C,0.7116
OCC1OC(OC2C(O)C(O)C(O)OC2CO)C(O)C(O)C1O,0.5995833333
O=C(O)C(N)CCCNC(=N)N,0.56585
O=C1OC2c3cc(c(O)c(O)c3C14CCCC(C)(C)C4C2)C(C)C,3.9958166667
O=C(O)C(N)CCCCNC(C(=O)O)C,0.5706833333
O=C(O)CCC(C)C1CCC2C3C(O)CC4CC(O)CCC4(C)C3CCC12C,3.9024333333
O=C(O)CNCCCCC(N)C(=O)O,0.67575
O=C1C(OC)=C(OC)C(=O)C(=C1C)CC=C(C)C,3.9242
N=c1nc(O)n(cc1)C2OC(CO)C(O)C2O,0.7487333333
OC(=NCCSSCCN=C(O)CCN=C(O)C(O)C(C)(C)CO)CCN=C(O)C(O)C(C)(C)CO,1.8705
O=C(O)CCC(C)C1CCC2C3C(=O)CC4CC(=O)CCC4(C)C3CC(=O)C12C,2.9799833333
OC1=NCCCC1,1.3867333333
O=C(O)CCCC(N)C(=O)O,0.65715
O=C(O)C(O)Cc1c[nH]c2ccccc21,2.1344833333
O=C(O)C(N)CCCN=C1N=C(O)CN1,0.5609
O=C(O)C(N)CCCCN=C(O)CO,0.67575
O=C(O)CN=C(O)CCC(C)C1CCC2C3C(O)CC4CC(O)CCC4(C)C3CCC12C,3.4640833333
O=C(O)CN=C(O)CCC(C)C1CCC2C3C(O)CC4CC(O)CCC4(C)C3CC(O)C12C,3.07335
O=C(O)CN=C(O)CCC(C)C1CCC2C3CCC4CC(O)CCC4(C)C3CC(O)C12C,3.4640833333
O=C(O)CN=C(O)CCC(C)C1CCC2C3CCC4CC(O)CCC4(C)C3CCC12C,3.5586333333
N=c1nc(O)c2ncn(c2[nH]1)C3OC(CO)C(O)C3O,1.2639166667
O=S(O)CCN,0.5760416667
Oc1ncnc2[nH]cnc12,0.8820166667
O=Cc1c[nH]c2ccccc12,2.2741333333
OCC1OC(Oc2c[nH]c3ccccc23)C(O)C(O)C1O,1.69675
O=C(O)C1OC(Oc2c[nH]c3ccccc23)C(O)C(O)C1O,1.7035666667
Oc1ncnc2c1ncn2C3OC(CO)C(O)C3O,1.2639166667
O=c1c(O)c(oc2cc(O)cc(O)c12)c3ccc(O)cc3,2.7594
O=C(O)C(N)CS,0.6031166667
O=C(O)C(N)CSSCC(N)C(=O)O,0.5459
O=C(O)C(N)CC(=O)c1ccccc1N,1.3445833333
O=C(O)C(N)CCCCN,0.5098166667
O=C(O)C(N)CCCN,0.5165666667
O=C([O-])CC(OC(=O)CCCCCCCCCCC)C[N+](C)(C)C,3.37625
O=C(O)C(N)CCSC,0.9274166667
O=C(O)C(N)CCCN=C1N=C(O)C(N1)C,0.5851333333
OC1C(O)C(O)C(O)C(O)C1O,0.5707166667
O=C(O)CCC(N=C(O)C(N=C(O)C)CC(=O)O)C(=O)O,1.2763666667
O=C(O)C(N=C(O)C)Cc1ccc(O)cc1,1.5307833333
O=C(O)CN(C(=O)CCCCCCCCCCC)C,4.27295
N=C(O)c1cnccc1,0.9694166667
O=C([O-])CCC(OC(=O)CCCCCCCC=CCCCCCCCC)[N+](C)(C)C,4.0834
O=C(O)c1nc(O)nc(O)c1,0.7188166667
O=C(O)CNC(=O)c1ccc(N)cc1,1.2945
O=C(O)C1N(C(=O)C2N=C(O)CC2)CCC1,1.42855
O=C(O)C(N)Cc1ccccc1,0.6319666667
O=C(O)c1nc2ccccc2cc1,1.68315
O=C(O)CNC,0.5739333333
OCC1OC(OC2(OC(CO)C(O)C2O)CO)C(O)C(O)C1O,0.6613333333
O=C(O)c1cc(OC)c(O)c(OC)c1,1.7880166667
O=S(=O)(O)CCN=C(O)CCC(C)C1CCC2C3CCC4CC(O)CCC4(C)C3CC(O)C12C,3.3295833333
O=S(=O)(O)CCN=C(O)CCC(C)C1CCC2C3CCC4CC(O)CCC4(C)C3CCC12C,3.8373583333
O=c1nc(O)c2c(ncn2C)n1C,1.3694666667
O=C(O)C1NCC(O)C1,0.5765166667
NCCc1c[nH]c2ccccc21,1.5278333333
O=C(O)C(N)Cc1c[nH]c2ccccc21,1.4526666667
O=C(O)C(N)Cc1ccc(O)cc1,1.0565333333
O=c1nc(O)ccn1C2OC(CO)C(O)C2O,1.15695
O=C(O)c1ccc(O)c(OC)c1,1.77605
O=Cc1ccc(O)c(OC)c1,2.03495
Oc1ncc(c(O)n1)C2OC(CO)C(O)C2O,1.15885
O=S(=O)(O)CCN,0.5564666667
O=C(O)C(N)CCCNC(=N)O,0.5747
n1cnc-2c(nc[nH]c12)N,0.6849833333
Oc1nc(O)c2nc(O)[nH]c2n1,0.75225
Oc1nccc(O)n1,0.75225
O=C(O)CC(O)(C(=O)O)CC(=O)O,0.7850166667
O=C(O)C1N=C(O)CC1,0.83595
OCC1OC(n2cnc3c(ncnc32)N)C(O)C1O,1.3416166667
O=C(O)C(C(=O)O)C,1.2666666667
O=C(O)CCCC(=O)O,1.3669
O=C(O)CCCCC(=O)O,1.4982833333
O=C(O)CN=C(O)c1ccccc1,1.7732
O=C(O)C=Cc1ccc(O)c(O)c1,1.704675
O=C(O)Cc1ccccc1,1.1928166667
O=C(O)CCCCCC(=O)O,1.7169666667
O=C(O)C(O)Cc1ccccc1,2.07815
O=C(O)CCCCCCCC(=O)O,2.2612166667
O=C1C=C2CCC3C4CCC(O)(C(=O)CO)C4(C)CC(O)C3C2(C)CC1,2.63095
O=S(=O)(O)CCN=C(O)CCC(C)C1CCC2C3C(O)CC4CC(O)CCC4(C)C3CC(O)C12C,2.8466
O=C(O)CCC(C)C1CCC2C3C(O)CC4CC(O)CCC4(C)C3CC(O)C12C,3.3998833333
O=C(O)CCC(C)C1CCC2C3CCC4CC(O)CCC4(C)C3CC(O)C12C,3.9386333333
O=C(OCC(O)COP(=O)([O-])OCC[N+](C)(C)C)CCCCCCCCCCCCCCC,4.4017583333
O=C(OCC(O)COP(=O)([O-])OCC[N+](C)(C)C)CCCCCCCC=CCCCCCCCC,4.5043083333
O=c1nc(O)c-2nc3cc(c(cc3n(c2n1)CC(O)C(O)C(O)CO)C)C,1.6801
O=C1C=C2CCC3C(C(=O)CC4(C)C3CCC4(O)C(=O)CO)C2(C)CC1,2.6068333333
O=C(O)C1NCCC1,0.6264833333
O=C(O)C(N)Cc1ncn(c1)C,0.5313833333
N=C1N=C(O)CN1C,0.5724166667
O=C(O)CN(C)C,0.5724166667
O=C1OCCC(O)(C)C1,1.3766833333
O=C(O)c1ccc(N)cc1,1.5025666667
O=c1c2c(ncn2C)n(c(=O)n1C)C,1.65485
