smiles_character,rt
O=C1OC(CC(=C1C)C)C(C)C2(O)CCC3C4C5OC5C6(O)CC=CC(=O)C6(C)C4CCC32C,6.82
O=C(O)C12CCC(C)C(C)C2C3=CCC4C5(C)CC(O)C(O)C(C)(C)C5CCC4(C)C3(C)CC1,9.89
O=C(O)C12CCC(C)(C)CC2C3=CCC4C5(C)CC(O)C(O)C(C)(C)C5CCC4(C)C3(C)CC1,9.77
OCC1(C)C(O)CCC2(C)C1CCC3(C)C2CC=C4C5CC(C)(C)C(O)C(O)C5(C)CCC43C,8.94
OCC1OC(OC2CCC3(C)C(CCC4(C)C3CC(O)C5C(C(=CCC=C(C)C)C)CCC54C)C2(C)C)C(O)C(O)C1O,7.63
OCC1OC(OC(C)(CCC=C(C)C)C2CCC3(C)C2C(O)CC4C5(C)CCC(O)C(C)(C)C5CCC43C)C(O)C(O)C1O,9.51
OCC1OC(OC(C)(CCC=C(C)C)C2CCC3(C)C2C(O)CC4C5(C)CCC(O)C(C)(C)C5C(O)CC43C)C(O)C(O)C1O,6.59
O=C(O)C12CCC(C)(C)CC2C3=CCC4C5(C)CCC(OC6OCC(O)C(O)C6OC7OC(C)C(O)C(O)C7O)C(C)(CO)C5CCC4(C)C3(C)CC1,7.96
OCC1OC(OC2C(O)C(O)C(OC2OC3CCC4(C)C(CCC5(C)C4CC(O)C6C(C(=CCC=C(C)C)C)CCC65C)C3(C)C)CO)C(O)C(O)C1O,9.63
OC1COC(OCC2OC(OC(C)(CCC=C(C)C)C3CCC4(C)C3C(O)CC5C6(C)CCC(O)C(C)(C)C6C(O)CC54C)C(O)C(O)C2O)C(O)C1O,6.11
OCC1OC(OC2C(O)C(O)C(OC2OC3CCC4(C)C(CCC5(C)C4CC(O)C6C(CCC65C)C(OC7OC(COC8OCC(O)C(O)C8O)C(O)C(O)C7O)(C)CCC=C(C)C)C3(C)C)CO)C(O)C(O)C1O,6.14
OCC1OC(OC2C(O)C(OC(C)C2O)OC3CCC4(C)C5C=CC67OCC8(CCC(C)(C)CC68)C(O)CC7(C)C5(C)CCC4C3(C)CO)C(O)C(O)C1O,8.25
O=C(O)C1OC(OC2C(OC(C(=O)O)C(O)C2O)OC3CCC4(C)C5C(=O)C=C6C7CC(C(=O)O)(C)CCC7(C)CCC6(C)C5(C)CCC4C3(C)C)C(O)C(O)C1O,7.03
O=C(O)C1OC(OC2CCC3(C)C4CC=C5C6CC(C)(C)CCC6(C(=O)OC7OC(CO)C(O)C(O)C7O)CCC5(C)C4(C)CCC3C2(C)C)C(OC8OC(CO)C(O)C(O)C8O)C(O)C1O,6.18
O=C(OC1OC(COC2OC(CO)C(OC3OC(C)C(O)C(O)C3O)C(O)C2O)C(O)C(O)C1O)C45CCC(C)C(C)C5C6=CCC7C8(C)CC(O)C(O)C(C)(CO)C8CCC7(C)C6(C)CC4,5.21
O=C(OC1OC(COC2OC(CO)C(OC3OC(C)C(O)C(O)C3O)C(O)C2O)C(O)C(O)C1O)C45CCC(C)C(C)C5C6=CCC7C8(C)CC(O)C(O)C(C)(CO)C8C(O)CC7(C)C6(C)CC4,4.88
O=C(OC1OCC(O)C(O)C1OC2OC(C)C(OC3OCC(O)C(OC4OC(C)C(O)C(O)C4O)C3O)C(O)C2O)C56CCC(C)(C)CC6C7=CCC8C9(C)CCC(OC%10OC(CO)C(O)C(O)C%10O)C(C)(CO)C9CCC8(C)C7(C)CC5O,5.79
O=C(O)C1=COC(OC2OC(CO)C(O)C(O)C2O)C(C=C)C1Cc3nccc4c5ccccc5[nH]c34,3.72
O1c2ccc(cc2)CC3c4cc(Oc5c(OC)c(OC)c(OC)c6c5C(N(C)CC6)Cc7ccc(OC)c1c7)c(OC)cc4CCN3C,4.41
Oc1ccc(cc1)C=Cc2cc(OC)cc(OC)c2,8.02
O(c1ccc(cc1)C=Cc2cc(OC)cc(OC)c2)C,9.6
O=C(Oc1ccc(cc1)C=Cc2cc(OC(=O)C)cc(OC(=O)C)c2)C,8.46
Oc1ccc(cc1)C=Cc2cc(O)cc(OC3OC(CO)C(O)C(O)C3O)c2,4.05
O=C1C2=C(C)C3(OC4CC(C)CNC4C3C)CCC2C5CC=C6CC(OC7OC(CO)C(O)C(O)C7O)CCC6(C)C15,4.01
OCC1OC(OC2C(O)C(OC(CO)C2O)OC3C(OC(CO)C(O)C3OC4OCC(O)C(O)C4O)OC5C(O)C(O)C(OC6CC7CCC8C(CCC9(C)C8C(O)C%10OC%11(OCC(C)CC%11)C(C)C%109)C7(C)CC6O)OC5CO)C(O)C(O)C1O,6.99
O=C(N1CC(C)CCC21OC3CC4C5CC=C6CC(O)CCC6(C)C5CCC4(C)C3C2C)C,7.36
O=C(OC1CC2=CCC3C(CCC4(C)C3CC5OC6(NCC(C)CC6)C(C)C54)C2(C)CC1)C,8.16
O=C1OC2C(O)C(O)C(OC2c3c(O)c(OC)c(O)cc13)CO,2.86
O(c1c2OCOc2cc3c1CN(C)CC3)C,3.33
O=C1C(N)=C(N(N1c2ccccc2)C)C,2.76
O=Cc1ccc(OC(=O)C)c(OC)c1,5.59
Oc1ccnc2ccccc12,2.93
OC1(C)Cc2cc(OC)c(OC)c(OC)c2-c3c(OC)c(OC)c(OC)cc3CC1C,7.59
O=C1c2ccoc2N(c3c(OC)cccc13)C,5.59
O=C1OC2(O)C(=C1C)CC3C(=C)CCCC3(C)C2,7.91
N#CC(OC1OC(COC2OC(CO)C(O)C(O)C2O)C(O)C(O)C1O)c3ccccc3,3.32
O=C(OCCN(CC)CC)c1ccc(N)cc1,2.75
O=C(O)c1cc2OCOc2c3c4ccccc4cc(c13)[N+](=O)[O-],7.55
O=C(O)c1cc2OCOc2c3c4cc(O)ccc4cc(c13)[N+](=O)[O-],5.96
O=C(O)c1cc(O)c(O)c(O)c1,2.04
Oc1ccc2cc1Oc3ccc(cc3)CC4c5c(Oc6cc7c(cc6OC)CCN(C)C7C2)c(OC)c(OC)cc5CCN4C,3.76
Oc1c(OC)c(OC)c2Oc3cc4C(=NCCc4cc3OC)Cc5ccc(Oc6cc(ccc6OC)CC7c2c1CCN7C)cc5,3.96
O1c2ccc(cc2)CC3c4cc(Oc5c(OC)c(OC)cc6c5C(N(C)CC6)Cc7ccc(OC)c1c7)c(OC)cc4CCN3C,4.19
O=C1OCC(Cc2cccc(O)c2)C1Cc3cccc(O)c3,6.18
O=C1OCC(Cc2ccc(O)c(OC)c2)C1Cc3ccc(O)c(OC)c3,5.96
O=C1OCC(Cc2ccc(OC)c(OC)c2)C1Cc3ccc(O)c(OC)c3,6.63
Oc1cccc(c1)CC(CO)C(CO)Cc2cccc(O)c2,5.26
Oc1ccc(cc1OC)CC(CO)C(CO)Cc2ccc(O)c(OC)c2,4.76
O=C1OCc2c1cc3c(OC)c4OCOc4cc3c2-c5ccc6OCOc6c5,8.93
O=C1N(OC)c2ccccc2C13CC4N=C(CC)C5CC3OCC45,3.99
N=1c2ccccc2C34C1C5OCC6C(N(C)CC3(C=C)C6C5)C4,3.58
N1=C2OCC3C4C(=CCOC)CN5C3CC2(c6c1c(OC)cc(OC)c6OC)C5C4,3.82
O=C1OCC=C2C1=COC(OC3OC(CO)C(O)C(O)C3O)C2C=C,3.44
O=C1OCCC2(O)C1=COC(OC3OC(CO)C(O)C(O)C3O)C2C=C,3.2
O=S(C)CCCCN=C=S,3.69
O=S(C=CCCN=C=S)C,3.77
S=C=NCCCCCCCSC,9.19
O=C1OC2OC34C(=O)OC5CC(C(C)(C)C)C2(C1O)C54C(O)C6OC(=O)C(C)C63O,5.36
O=C1OC2OC34C(=O)OC5C(O)C(C(C)(C)C)C2(C1O)C54C(O)C6OC(=O)C(C)C63O,4.33
O=C1C(O)=C(Oc2c(OC3OC(CO)C(O)C(O)C3O)c(O)cc(O)c12)c4ccc(O)c(O)c4,4.64
O=C1c2c(O)cc(OC3OC(CO)C(O)C(O)C3OC4OC(C)C(O)C(O)C4O)cc2OC(c5ccc(OC)cc5)C1,5.42
O=C1c2c(O)cc(OC3OC(COC4OC(C)C(O)C(O)C4O)C(O)C(O)C3O)cc2OC(c5ccc(OC)cc5)C1,5.33
O=C1C(OC2OC(C)C(O)C(O)C2O)=C(Oc3c1c(O)cc(OC4OC(CO)C(O)C(O)C4O)c3CC=C(C)C)c5ccc(OC)cc5,5.43
O=C1C(OC2OCC(O)C(O)C2O)=C(Oc3cc(O)cc(O)c13)c4cc(O)c(O)c(O)c4,3.9
O=C1C(OC2OC(COC3OCC(O)C(O)C3O)C(O)C(O)C2O)=C(Oc4cc(O)cc(O)c14)c5ccc(O)c(O)c5,3.7
O=C(OCC1OC(OC2C(O)C(O)C(OC2OC=3C(=O)c4c(O)cc(O)cc4OC3c5ccc(O)c(O)c5)C)C(O)C(O)C1O)C=Cc6ccc(O)cc6,4.67
O=C1C(OC2OC(COC3OC(C)C(O)C(OC4OC(C)C(O)C(O)C4O)C3O)C(O)C(O)C2O)=C(Oc5cc(OC)cc(O)c15)c6ccc(O)c(O)c6,4.79
O=C(O)C1OC(OC=2C(=O)c3c(O)cc(O)cc3OC2c4ccc(O)cc4)C(O)C(O)C1O,4.34
O=C(OCC1OC(OC=2C(=O)c3c(O)cc(O)cc3OC2c4ccc(O)cc4)C(O)C(O)C1O)C=Cc5ccc(O)cc5,5.21
O=C1C=C(Oc2cc(OC3OC(CO)C(O)C(O)C3OC4OC(C)C(O)C(O)C4O)cc(O)c12)c5ccc(O)cc5,4.34
O=C1C=C(Oc2cc(OC3OC(COC4OC(C)C(O)C(O)C4O)C(O)C(O)C3O)cc(O)c12)c5ccc(OC)cc5,5.19
O=C1C=C(Oc2cc(OC3OC(CO)C(O)C(O)C3OC4OC(C)C(O)C(O)C4O)cc(O)c12)c5ccc(OC)cc5,5.26
O=C1C=C(Oc2ccccc12)c3ccccc3,7.75
O=C1C=C(Oc2cc(O)c(O)c(O)c12)c3ccccc3,6.4
O=C1C=C(Oc2c(OC)c(O)cc(O)c12)c3ccccc3,7.27
O=C1C=C(Oc2cc(O)cc(O)c12)c3ccc(OC)cc3,7.38
O=C1c2c(O)cc(OC3OC(CO)C(O)C(O)C3O)cc2OC(c4ccc(O)c(O)c4)C1,4.09
O=C1c2c(O)cc(OC3OC(COC4OC(C)C(O)C(O)C4O)C(O)C(O)C3O)cc2OC(c5ccc(O)cc5)C1,4.28
O=C1c2c(O)cc(OC3OC(CO)C(O)C(O)C3OC4OC(C)C(O)C(O)C4O)cc2OC(c5ccc(O)cc5)C1,4.38
O=C1c2c(O)cc(OC3OC(CO)C(O)C(O)C3OC4OC(C)C(O)C(O)C4O)cc2OC(c5ccc(OC)c(O)c5)C1,4.59
O=C1c2c(O)cc(OC3OC(COC4OC(C)C(O)C(O)C4O)C(O)C(O)C3O)cc2OC(c5ccc(OC)c(O)c5)C1,4.51
O=C1c2ccccc2OC(c3ccccc3)C1,8.5
O=C1c2ccccc2OC(c3ccccc3O)C1,7.45
O=C1c2ccc(O)cc2OC(c3ccc(OC4OC(CO)C(O)C(O)C4O)cc3)C1,4.08
Oc1cc(O)c2c(OC(c3ccc(O)c(O)c3)C(O)C2)c1,3.44
O=C1Oc2c(C=C1)ccc(OC)c2CC=C(C)C,8.75
O=C1Oc2c(OC)c(O)c(OC)cc2C=C1,4.28
O=C(O)C=Cc1cccc(OC)c1,6.03
O=C(O)C=Cc1ccc(OC)c(OC)c1,5.18
O=C(O)C=Cc1cc(OC)cc(OC)c1,6.26
O=C(O)C=Cc1cccc(O)c1,4.42
O=C(C=Cc1cc(OC)c(OC)c(OC)c1)N2C(=O)C=CCC2,6.83
O=C(O)C=Cc1ccccc1,5.42
O=C(C=Cc1ccccc1)c2ccccc2,9.02
O=C(C=Cc1ccc(OC)cc1)c2c(O)cc(OC3OC(CO)C(O)C(O)C3OC4OC(C)C(O)C(O)C4O)cc2O,5.42
O=C(c1c(O)cc(OC2OC(CO)C(O)C(O)C2OC3OC(C)C(O)C(O)C3O)cc1O)CCc4ccc(OC)c(O)c4,5.07
n1ccc2c(c1)c(c3c4ccccc4[nH]c3c2C)C,4.93
O=C1OCC=2C(=O)N3C(=CC2C1(O)CC)c4nc5cccc(c5cc4C3)N(=O)=O,5.87
O=C1NCCc2c3ccccc3[nH]c12,5.53
[n-]1c2ccccc2c3cc[n+]4cc5c(cc4c13)CCCC5,5.23
O=C1c2ccccc2N(C)C3c4[nH]c5ccccc5c4CCN13,7.77
O=C1OC=C(C=C1)C2CC3OC34C5CCC6CC(O)CCC6(C)C5CCC24C,7.56
O=C1OC=C(C=C1)C2C(OC(=O)C)C3OC34C5CCC6CC(O)CCC6(C)C5CCC24C,7.51
Oc1ccc(cc1-c2cc(ccc2O)CC=C)CC=C,9.21
Oc1ccc(cc1-c2ccc(O)c(c2)CC=C)CC=C,8.63
Oc1cc(O)c2c(OC(c3ccc(O)c(O)c3)C(O)C2c4c(O)cc(O)c5c4OC(c6ccc(O)c(O)c6)C(O)C5)c1,3.24
Oc1ccc(cc1)C=Cc2cc(O)cc3OC(c4ccc(O)cc4)C(c5cc(O)cc(O)c5)c32,5.81
Oc1cc(O)c2cc(OC3OCC(O)C(O)C3O)c([o+]c2c1)-c4ccc(O)c(O)c4,3.01
Oc1ccc(cc1)-c2[o+]c3cc(O)cc(OC4OC(CO)C(O)C(O)C4O)c3cc2OC5OC(CO)C(O)C(O)C5O,2.71
Oc1cc(OC2OC(CO)C(O)C(O)C2O)c3cc(OC4OC(CO)C(O)C(O)C4O)c([o+]c3c1)-c5ccc(O)c(O)c5,2.5
Oc1cc(OC2OC(CO)C(O)C(O)C2O)c3cc(OC4OC(CO)C(O)C(O)C4OC5OCC(O)C(O)C5O)c([o+]c3c1)-c6ccc(O)c(O)c6,2.49
Oc1cc(O)c2cc(OC3OC(CO)C(O)C(O)C3O)c([o+]c2c1)-c4cc(OC)c(O)c(OC)c4,3.16
Oc1cc(O)c2cc(OC3OC(CO)C(O)C(O)C3OC4OCC(O)C(O)C4O)c([o+]c2c1)-c5cc(O)c(O)c(O)c5,2.65
Oc1cc(O)c2cc(OC3OC(COC4OC(C)C(O)C(O)C4O)C(O)C(O)C3OC5OC(CO)C(O)C(O)C5O)c([o+]c2c1)-c6ccc(O)c(O)c6,2.75
O=C(O)C(N=C(O)Cc1c[nH]c2ccccc21)Cc3ccccc3,6.34
O=C(O)C1N(C(=O)C(C)CS)CCC1,4.05
O=C(O)C(NC(=O)Cc1c[nH]c2ccccc21)C(C)C,5.61
O=C(O)C(N=C(O)Cc1c[nH]c2ccccc21)Cc3c[nH]c4ccccc43,6.19
O=C(O)C(NC(=O)Cc1c[nH]c2ccccc21)CC(C)C,6.2
O=C(O)CC1C(NCC1C(=C)C)C(=O)O,2.44
O=C(O)C(N=C(O)Cc1c[nH]c2ccccc21)C(C)CC,6.14
O=C(N)CN1CC2C3=CC=CC(=O)N3CC(C1)C2,2.18
O=C(OC)C1=COC(C)C2CN3CCc4c5ccccc5[nH]c4C3CC12,4.87
O=C(OC)C1C(O)CCC2CN3CCc4c5ccccc5[nH]c4C3CC12,4.35
O=C(OC1CC2CN3CCc4c5ccc(OC)cc5[nH]c4C3CC2C(C(=O)OC)C1OC)c6cc(OC)c(OC)c(OC)c6,6.12
O=C(Oc1c(OC)cc(cc1OC)C(=O)OC2CC3CN4CCc5c6ccc(OC)cc6[nH]c5C4CC3C(C(=O)OC)C2OC)OCC,6.72
O=C(OC1CC2N(C)C(CC2)C1)C(O)c3ccccc3,3.15
O=C(OC1CC2N(C)C(CC2)C1)C(c3ccccc3)CO,3.59
O=CC1=C2Nc3c(O)cccc3C24CCN5CC(=CC)C1CC54,3.38
O=C1N2c3ccccc3C45CCN6CC7=CCOC(C1)C(C7CC64)C25,3.46
O=C(OC)C1=C2Nc3ccccc3C24CCN5CCC1C(C(OC)C)C54,4.55
N12CCCCC1C3CN4CCCCC4C(C2)C3,2.33
O=C1c2ccccc2N=C3N1CCC3,3.94
O1c2ccc3c4ccc5cc6OCOc6cc5c4[n+](cc3c2OC1)C,4.85
O=C(Oc1ccc2c(c1)C3(C)CCN(C)C3N2C)NC,3.31
O=C(OCC1CCN2CCCC21)C(O)(C(O)C)C(C)C,3.05
O=C(OCC1CC[N+]2([O-])CCCC12)C(O)(C(O)C)C(C)C,3.11
O(c1ccc2cc3-c4cc(OC)c(OC)cc4CC[n+]3cc2c1OC)C,4.96
O(c1ccc2c(c[n+]3c(-c4cc(OC)c(OC)cc4CC3)c2C)c1OC)C,5.19
O(c1ccc2c(c1OC)CN3CCc4cc(OC)c(OC)cc4C3C2C)C,4.86
O=C1OCC2C(O)c3cc4OCOc4cc3C(c5cc(OC)c(OC)c(OC)c5)C12,6.26
O=C1OCC2C(OC3OC4COC(OC4C(O)C3O)C)c5cc6OCOc6cc5C(c7cc(OC)c(O)c(OC)c7)C12,5.4
O=C(OC)C1=C2Nc3ccccc3C24CCN5CC=CC(C1)(CC)C54,5.2
n1c(ccc2ccc3ccc(nc3c12)C)C,3.47
N1CCCCC1C23CN4CCCCC4C(CC5CCCNC52)C3,2.24
OC1C(=C)C2CC13C4CC5C6(C)CN(CC)C4C5(C(O)CC6)C3CC2O,3.05
O=C1C(OC)=CC2C3N(C)CCC2(c4c(O)c(OC)ccc4C3)C1,3.03
O=C(OC1CC2NC(CC2)C1)c3ccc(O)c(OC)c3,3.27
O=C1N2CC3CCCN4CCCC(C2CCC1)C43,2.26
OCC1C2C(=CC)CN3C(c4[nH]c5ccccc5c4CC31)C2,3.58
O(c1ccc2c(c1)[nH]c3c2C4OCC5C6C(=CC)CN(C3C6)C45)C,4.42
OCC1C2C(=CC)CN3C(c4[nH]c5cc(OC)ccc5c4CC31)C2,3.68
O=C1OC2CCN3CC=C(COC(=O)C(O)(C)C(C)CC1=CC)C32,3.8
O=C1OC2CCN3CC=C(COC(=O)C(O)(CO)C(C)CC1=CC)C32,3.23
O=C(OC12CN(CC)C3C4CC1C3(C(OC)CC2)C5CC6C(OC)CC4(O)C5(O)C6OC)c7ccccc7N,4.95
O(c1cc2cc[n+]3c(cc4cc(OC)c(OC)cc4c3C)c2cc1OC)C,5.27
O=C(OC)C1=COC(C)C2CN3CCC4(C(=O)Nc5ccccc54)C3CC12,4.42
O=C(OC)C(=COC)C1CC2N(CCC32C(=O)Nc4ccccc43)CC1CC,4.9
O=C(OC)C1=COC(C)C2CN3CCC4(C(=O)Nc5c(OC)c(OC)ccc54)C3CC12,4.48
O=C(OC)C12c3[nH]c4ccccc4c3CCN5CC(C=C(CC)C51)C2,5.04
O=C(OC)C12C3=Nc4ccc(OC)cc4C3(O)CCN5CC(CC(CC)C51)C2,4.01
OC1Cc2cc3OCOc3cc2C4N(C)Cc5c6OCOc6ccc5C14,4.53
n1ccc2c3ccccc3[nH]c2c1CC,4.01
Oc1ccc2c(c1)[nH]c3c2ccnc3C,3.18
O=C1C=Cc2c(=C1)[nH]c3=C(NCCc23)C,3.06
n1ccc2c3ccc(OC)cc3[nH]c2c1C,4.11
O=C1Nc2ccccc2C13C4OCC5C6N(C)CC(C=C)(C5C4)C63,3.21
O=C1N(OC)c2ccccc2C13C4OCC5C6N(C)CC(C=C)(C5C4)C63,4.05
O=C1N(OC)c2ccccc2C13CC4N(C)CC(=CC)C5CC3OCC54,4.63
Oc1cc2c(cc1OC)C(NCC2)CC3CC4c5cc(OC)c(OC)cc5CCN4CC3CC,2.98
O(c1cc2c(cc1OC)C(NCC2)CC3CC4c5cc(OC)c(OC)cc5CCN4CC3CC)C,3.41
O=C1n2c3ccccc3c4c2C5N(CC4)CCCC5(C1)CC,4.65
O=C(OC)C1(O)n2c3ccccc3c4c2C5N(CC4)CCCC5(CC)C1,4.5
Oc1ccc2cc1Oc3cc4c(cc3OC)CCN(C)C4Cc5ccc(Oc6c(O)c(OC)cc7c6C(C2)[N+](C)(C)CC7)cc5,3.41
O=C(O)C1C(O)CCC2CN3CCc4c5ccccc5[nH]c4C3CC12,3.82
O=C(OC)C(=COC)C1CC2c3[nH]c4ccccc4c3CCN2CC1C=C,5.68
O=C(OC)C(=COC)C1CC2c3[nH]c4ccccc4c3CCN2CC1CC,5.85
O=C(OC)C(=COC)C1CC2c3[nH]c4cccc(OC)c4c3CCN2CC1CC,5.54
O=C(O)C1C(OC)C(O)CC2CN3CCc4c5ccc(OC)cc5[nH]c4C3CC12,3.89
C1=C2CC(N(C)C)CCC2(C)C3CCC45CN(C)C(C)C5CCC4C3C1,3.35
OC(c1ccnc2ccccc21)C3N4CCC(C3)C(C=C)C4,3.09
O=C(OC1C(O)C2C(CN3CC(C)CCC3C2(O)C)C4CC56OC7(O)C(OC(=O)C(O)(C)C(O)C)CCC6(C)C7CC(O)C5C14O)C(C)CC,4.65
O=C(OC(C)C(O)(C(=O)OC1CCC2(C)C3CC(O)C4C5(O)C(OC(=O)C(C)CC)C(O)C6C(CN7CC(C)CCC7C6(O)C)C5CC42OC13O)C)C,5.04
n1cccc(c1)-c2ncc(cc2)C3N(C)CCCC3,2.37
n1ccc2cc(OC)c(OC)cc2c1Cc3ccc(OC)c(OC)c3,4.49
O(c1ccc(cc1OC)CC2c3cc(OC)c(OC)cc3CCN2C)C,4.26
OC1CC2(C)CN3C4CC56CC(=C)C7C(O)C6C3C(C1)(C5C7O)C42,3.07
O=C(OC1CC2(C)CN3C4CC56CC(=C)C7C(O)C6C(C1)(C3C5(O)C7O)C42)C,3.03
O=C(OC)C1=C2Nc3ccccc3C24CCN5C6OC78N9c%10c(OC)cccc%10C%118CCN%12CCC%13OCCC%13(CC7CC6(C9)C%14OCCC%14(C1)C54)C%12%11,5.79
O=C(OC)C1CC23CCCN4CCC5(c6ccccc6NC15CC2)C43,3.92
O=C(OC)C1CC23CCCN4(=O)CCC5(c6ccccc6NC15CC2)C34,4.18
O=C(OC)C1(O)CC23CCCN4CCC5(c6ccc7OCOc7c6NC15CC2)C43,3.61
O1c2cc3c4c(c2OC1)-c5ccccc5CC4N(C)CC3,4.89
Oc1cc2c(cc1OC)-c3c(OC)c(O)cc4c3C(N(C)CC4)C2,3.35
O(c1cc2c3c(c1OC)-c4cc5OCOc5cc4CC3N(C)CC2)C,4.89
Oc1c(OC)ccc2c1-c3c(OC)c(OC)cc4c3C(N(C)CC4)C2,3.92
c1ccc2c(c1)NC3N(C)CCC24C5Nc6ccccc6C34CCN5C,2.57
O=C1OCC(Cc2cncn2C)C1CC,2.4
O=C(C=CC=Cc1ccc2OCOc2c1)N3CCCCC3,7.84
O=C(OCC1=CCN2CCC(O)C12)C(O)(C(O)C)C(C)C,2.75
OC1N2C3CC(C1CC)C4C(O)C5(c6ccccc6N(C)C35)CC24,4.13
OC1CCC2(COC)CN(CC)C3C4CC2C13C5CC6C(O)C5C4(O)CC6OC,2.91
OCC12CN(CC)C3C4(O)C(OC)C1C3(C(OC)CC2)C5CC6C(OC)CC4(O)C5C6OC,3.67
O=C(OCC12CN(CC)C3C4(O)C(OC)C1C3(C(OC)CC2)C5CC6C(OC)CC4(O)C5C6OC)c7ccccc7N,5.5
O=C(OC1C2C3CC1(O)C(OC)C(O)C2(OC(=O)C)C4C(OC)C5C6(COC)CN(C)C4C35C(OC)CC6)c7ccccc7,5.97
O=C(OC1C2C3CC1(O)C(OC)C(O)C2(OC(=O)C)C4C(OC)C5C6(COC)CN(C)C4C35C(OC)CC6O)c7ccccc7,5.61
O=C(OC1C2C3CC1(O)C(OC)C(O)C2(OC(=O)C)C4C(OC)C5C6(COC)CN(CC)C4C35C(OC)CC6O)c7ccccc7,5.97
O=C(O)C1OC(OC2CCC3(C)C(CCC4(C)C3CC=C5C6CC(C)(C)CC(O)C6(C)CCC54C)C2(C)CO)C(OC7OC(CO)C(O)C(O)C7OC8OC(C)C(O)C(O)C8O)C(O)C1O,7.09
O=C(O)C1OC(OC2CCC3(C)C(CCC4(C)C3CC=C5C6CC(C)(C)CC(O)C6(C)CCC54C)C2(C)CO)C(OC7OC(CO)C(O)C(O)C7OC8OC(CO)C(O)C(O)C8O)C(O)C1O,6.97
OCC1OC(OCC2OC(O)(CO)C(O)C2O)C(O)C(O)C1O,1.74
Oc1ccc(cc1)CCc2cc(O)cc(O)c2,5.15
OCC1OC(OC2C(O)C(OC(OC3CC4=CCC5C(CCC6(C)C5CC7N8CC(C)CCC8C(C)C76)C4(C)CC3)C2OC9OC(C)C(O)C(O)C9O)CO)C(O)C(O)C1O,4.95
OC1CC2=CCC3C(CCC4(C)C3CC5N6CC(C)CCC6C(C)C54)C2(C)CC1,5.99
O=CC=Cc1cc(OC)c(O)c(OC)c1,4.73
O=C(O)C1=CC(=O)c2ccccc2N1,3.11
O=C(O)C1(O)CC(O)C(O)C(OC(=O)C=Cc2ccc(O)c(O)c2)C1,3.13
O=C(OC1CC(O)(C(=O)O)CC(OC(=O)C=Cc2ccc(O)c(O)c2)C1O)C=Cc3ccc(O)c(O)c3,4.6
O=C(c1cc(OC)c(O)c(OC)c1)C,4.31
O=C(O)CNC(=O)C(NC(=O)CCC(N)C(=O)O)CS,1.52
O=C(O)CNC(=O)C(NC(=O)CCC(N)C(=O)O)CSCC(C(=O)O)C,2.36
O=C(O)C(N)CCC(=O)NC(C(=O)O)CSC,2.02
O=C(O)CCNC(=O)C(O)C(C)(C)CO,2.48
O=C(O)c1ncc(cc1)CCCC,2.79
O=C(O)C=C(C(=O)O)CC(=O)O,1.61
OC1C(O)C(OC1n2cnc3c(ncnc32)N)CSC,2.7
O=C1C=CN(C(=O)N1)C2OC(CO)C(O)C2O,1.8
Oc1nc(O)c2ncn(c2n1)C3OC(CO)C(O)C3O,2.07
OCC1OC(n2cnc3c(ncnc32)N)C(O)C1O,1.88
O=C1NC(=Nc2c1ncn2C3OC(CO)C(O)C3O)N,1.93
O=C1NC(=O)c2[nH]cnc2N1,1.75
OCC1OC(n2cnc3c(ncnc32)N)CC1O,1.93
n1cccc(c1)C2N(C)CCC2,1.62
O=C(O)CNC(=O)C(NC(=O)CCC(NCC1(O)OCC(O)C(O)C1O)C(=O)O)CSCC(C(=O)O)C,2.4
OCC(N)C(O)C(O)CCCCCCCCCCCCCC,7.82
O=C(OCC(O)COP(=O)(O)OCCN)CCCCCCCCCCCCCCC,10.02
O=C(OCC(O)COP(=O)([O-])OCC[N+](C)(C)C)CCCCCCCCCCCCCCC,9.91
O=C1C(=COc2cc(O)cc(O)c12)c3ccc(OC)cc3,7.63
O=C1C(=COc2cc(O)ccc21)c3ccc(OC)cc3,6.69
O=C1C(=COc2cc(OC3OC(CO)C(O)C(O)C3O)ccc12)c4ccc(OC)cc4,5.04
O=C1C(=COc2cc(O)ccc12)c3ccc(O)c(O)c3,4.63
O=C1C(=COc2cc(O)ccc12)c3ccc(O)cc3,5.15
O=C1C(=COc2c1ccc(O)c2C3OC(CO)C(O)C(O)C3O)c4ccc(O)cc4,3.27
OCCc1c[nH]c2ccccc21,3.06
NCCc1c[nH]c2ccccc21,1.79
O=C(O)C(N)Cc1c[nH]c2ccccc21,2.8
O=C1C(O)=C(Oc2cc(OC3OC(CO)C(O)C(O)C3O)c(O)c(O)c12)c4ccc(O)c(O)c4,3.72
O=C1C(O)=C(Oc2cc(O)cc(O)c12)c3ccc(O)c(O)c3,5.37
O=C1C(OC2OC(CO)C(O)C(O)C2O)=C(Oc3cc(O)cc(O)c13)c4ccc(O)c(O)c4,4.03
O=C1C(O)=C(Oc2cc(O)cc(O)c12)c3ccc(OC4OC(CO)C(O)C(O)C4O)c(O)c3,4.51
O=C(O)CC(=O)OCC1OC(OC=2C(=O)c3c(O)cc(O)cc3OC2c4ccc(O)c(O)c4)C(O)C(O)C1O,4.22
O=C1C(OC2OC(COC3OC(C)C(O)C(O)C3O)C(O)C(O)C2O)=C(Oc4cc(O)cc(O)c14)c5ccc(O)c(O)c5,3.86
O=C1C(OC2OC(CO)C(O)C(O)C2O)=C(Oc3cc(O)cc(O)c13)c4ccc(OC5OC(CO)C(O)C(O)C5O)c(O)c4,3.54
O=C1C(OC2OC(CO)C(O)C(O)C2OC3OC(C)C(O)C(O)C3O)=C(Oc4cc(OC5OC(C)C(O)C(O)C5O)cc(O)c14)c6ccc(O)c(O)c6,3.09
O=C1C(OC2OC(CO)C(O)C(O)C2O)=C(Oc3cc(O)cc(O)c13)c4cc(OC)c(O)c(OC)c4,4.36
O=C1C(O)=C(Oc2cc(O)cc(O)c12)c3ccc(O)c(OC)c3,6.14
O=C1C(OC2OC(COC3OC(C)C(O)C(O)C3O)C(O)C(O)C2O)=C(Oc4cc(O)cc(O)c14)c5ccc(O)c(OC)c5,4.17
O=C1C(O)=C(Oc2cc(OC3OC(C)C(O)C(O)C3O)cc(O)c12)c4ccc(O)cc4,5.28
O=C1C(OC2OC(CO)C(O)C(O)C2O)=C(Oc3cc(O)cc(O)c13)c4ccc(O)cc4,4.37
O=C1C(OC2OC(C)C(O)C(O)C2O)=C(Oc3cc(OC4OC(C)C(O)C(O)C4O)cc(O)c13)c5ccc(O)cc5,3.94
O=C1C(OC2OC(CO)C(O)C(O)C2O)=C(Oc3cc(OC4OC(C)C(O)C(O)C4O)cc(O)c13)c5ccc(O)cc5,3.7
O=C1C(OC2OC(CO)C(O)C(O)C2OC3OC(CO)C(O)C(O)C3O)=C(Oc4cc(O)cc(O)c14)c5ccc(O)cc5,3.8
O=C1C(O)=C(Oc2cc(O)cc(O)c12)c3ccc(OC)cc3,5.99
O=C1C(O)=C(Oc2cc(OC)ccc21)c3cccc(OC)c3,6.75
O=C1C(OC2OC(COC3OC(C)C(O)C(O)C3O)C(O)C(O)C2O)=C(Oc4cc(O)cc(O)c14)c5ccc(O)cc5,4
O=C1C=C(Oc2cc(O)cc(O)c12)c3ccc(O)c(O)c3,5.34
O=C1C=C(Oc2cc(O)cc(O)c12)c3ccc(O)cc3,5.89
O=C(O)C1OC(Oc2cc3OC(=CC(=O)c3c(O)c2O)c4ccccc4)C(O)C(O)C1O,4.49
O=C1C=C(Oc2cc(OC3OC(CO)C(O)C(O)C3O)cc(O)c12)c4ccc(O)cc4,4.2
O=C(O)CC(=O)OCC1OC(Oc2cc(O)c3C(=O)C=C(Oc3c2)c4ccc(O)cc4)C(O)C(O)C1O,5.16
O=C1C=C(Oc2cc(O)c(c(O)c12)C3OC(CO)C(O)C(O)C3O)c4ccc(O)c(O)c4,3.59
O=C1C=C(Oc2cc(O)c(c(O)c12)C3OC(CO)C(O)C(O)C3O)c4ccc(O)cc4,3.95
O=C1C=C(Oc2cc(OC3OC(CO)C(O)C(O)C3O)c(c(O)c12)C4OC(CO)C(O)C(O)C4O)c5ccc(O)cc5,3.52
O=C1C=C(Oc2c1c(O)c(c(O)c2C3OC(CO)C(O)C(O)C3O)C4OC(CO)C(O)C(O)C4O)c5ccc(O)c(O)c5,3.1
O=C1C=C(Oc2c1c(O)c(c(O)c2C3OC(CO)C(O)C(O)C3O)C4OC(CO)C(O)C(O)C4O)c5ccc(O)cc5,3.3
O=C1c2c(O)cc(O)cc2OC(c3ccc(O)c(O)c3)C1,5.35
O=C1c2ccc(OC3OC(CO)C(O)C(O)C3O)c(O)c2OC(c4ccc(O)c(O)c4)C1,3.47
O=C1c2c(O)cc(OC3OC(CO)C(O)C(O)C3O)cc2OC(c4ccc(O)cc4)C1,4.52
O=C(O)C1OC(Oc2ccc(cc2)C=3Oc4cc(O)cc(O)c4C(=O)C3)C(OC5OC(C(=O)O)C(O)C(O)C5OC(=O)C=Cc6ccc(O)c(OC)c6)C(O)C1O,4.76
O=C(O)C=Cc1ccc(O)c(OC)c1,4.24
O=C(O)CCCCCCCC(=O)O,4.78
O=C(O)CC(NC(=O)C(N)C(C)CC)C(=O)O,1.87
O=C(O)C(NC(=O)C(N)C(C)C)C(C)C,2.15
O=C1NC(C(=O)NC(C(=O)O)C(C)CC)CC1,2.55
O=C(O)CCC(NC(=O)C(N)C(C)CC)C(=O)O,1.98
O=C(N)CCC(NC(=O)C(N)C(C)CC)C(=O)O,1.82
O=C(O)C(NC(=O)C(N)CC(C)C)C(C)C,2.66
O=C(O)C(NC(=O)C(N)C(C)C)C(C)CC,2.88
O=C(O)C(NC(=O)C(N)C(C)CC)C(C)CC,3.05
O=C(O)C(NC(=O)C(N)CC(C)C)CC(C)C,3.29
O=C(O)C(NC(=O)C1NCCC1)Cc2ccccc2,2.99
O=C(O)C(N)CCC(=O)NC(C(=O)O)Cc1ccc(O)cc1,2.36
O=C(O)C(NC(=O)C(N)Cc1ccccc1)C(C)C,2.98
O=C(O)C(NC(=O)C(N)C(C)C)Cc1ccccc1,3.23
O=C(O)C(NC(=O)C(N)CC(C)C)Cc1ccccc1,3.64
O=C(O)CNC(=O)C(N)CC(C)C,2.08
O=C(O)C(NC(=O)C(N)C)CC(C)C,2.36
O=C(O)C(NC(=O)C(N)CO)CC(C)C,2.38
O=C1Oc2cc(O)c(OC)cc2C=C1,4.24
O=C(O)C1OC(Oc2ccc(cc2)C=3Oc4cc(O)cc(O)c4C(=O)C3)C(OC5OC(C(=O)O)C(O)C(O)C5OC(=O)C=Cc6ccc(O)cc6)C(O)C1O,4.77
O=C(C=Cc1ccc(O)cc1)NCCCNCCCCNC(=O)C=Cc2ccc(O)cc2,3.83
O=C(O)C=Cc1ccc(O)cc1,2.71
O=C(OC(C(=O)O)Cc1ccc(O)c(O)c1)C=Cc2ccc(O)c(O)c2,4.6
O=C(O)C=Cc1ccc(O)c(O)c1,3.44
Oc1cc(O)c2cc(OC3OC(CO)C(O)C(O)C3O)c([o+]c2c1)-c4cc(O)c(O)c(O)c4,2.61
O=C(OC1C(O)C(O)C(OCC2OC(Oc3cc4c(OC5OC(CO)C(O)C(O)C5O)cc(O)cc4[o+]c3-c6cc(O)c(O)c(OC)c6)C(O)C(O)C2O)OC1C)C=Cc7ccc(O)cc7,3.76
Oc1cc(O)c2cc(OC3OC(CO)C(O)C(O)C3O)c([o+]c2c1)-c4ccc(O)c(O)c4,2.91
O=C(O)C(N)Cc1ccc(O)cc1,1.79
Oc1ccc(cc1)CCN,1.83
O=C(O)C(N)Cc1ccccc1,2.3
O=C(O)C(N)CC(C)C,1.87
O=C(O)Cc1ccc(O)c(OC)c1,3.84
O=C(O)C1NC(=O)CC1,1.73
O=C([O-])CC(OC(=O)C(C)C)C[N+](C)(C)C,2.48
Oc1ccc(cc1)CCN(C)C,2.05
N1=C(c2cc(OC)c(OC)cc2CC1)C,2.93
O=C(OC)C1=COC(OC2OC(CO)C(O)C(O)C2O)C3C(=CCC13)CO,3.42
O=C(OCC1OC(OC=2C(=O)c3c(O)cc(O)cc3OC2c4ccc(O)c(O)c4)C(O)C(O)C1O)C,4.42
O=C1C(OC2OC(C)C(O)C(O)C2OC3OC(CO)C(O)C(O)C3O)=C(Oc4cc(O)cc(O)c14)c5ccc(O)c(O)c5,4.15
O=C1C=C(Oc2cc(OC3OC(COC4OC(C)C(O)C(O)C4O)C(O)C(O)C3O)cc(O)c12)c5ccc(OC)c(O)c5,4.39
O=C1c2cc(O)ccc2OC(c3ccccc3)C1,7.17
O=CC=Cc1ccc(O)c(OC)c1,4.76
O=C(O)C=Cc1cc(OC)c(O)c(OC)c1,4.21
Oc1ccc(cc1)-c2[o+]c3cc(O)cc(O)c3cc2OC4OC(CO)C(O)C(O)C4O,3.12
Oc1cc(O)c2cc(OC3OC(CO)C(O)C(O)C3OC4OC(CO)C(O)C(O)C4O)c([o+]c2c1)-c5ccc(O)c(O)c5,2.77
[O-]c1cc(O)cc2[o+]c(ccc12)-c3ccc(O)cc3,3.87
O=C(O)CCC(N=C(O)Cc1c[nH]c2ccccc21)C(=O)O,4.12
O=C1NCC(=O)N2CCCC12,2.06
OCC1OC(OC2CC3(C)C(CC(O)C4C(CCC43C)C(O)(C)CCC=C(C)C)C5(C)CCC(O)C(C)(C)C25)C(O)C(O)C1O,6.29
OCC1OC(OC2CC3(C)C(CC(O)C4C(C(=C)CCC=C(C)C)CCC43C)C5(C)CCC(O)C(C)(C)C25)C(OC6OC(C)C(O)C(O)C6O)C(O)C1O,7.57
OCC1OC(OC2CC3(C)C(CC(O)C4C(CCC43C)C(O)(C)CCC=C(C)C)C5(C)CCC(O)C(C)(C)C25)C(OC6OC(C)C(O)C(O)C6O)C(O)C1O,6.25
OCC1OC(OC2CCC3(C)C(CCC4(C)C3CC(O)C5C(CCC54C)C(OC6OC(CO)C(O)C(O)C6O)(C)CCC=C(C)C)C2(C)C)C(O)C(O)C1O,7.66
OCC1OC(OC2C(O)C(O)C(OC2OC3CC4(C)C(CC(O)C5C(CCC54C)C(O)(C)CCC=C(C)C)C6(C)CCC(O)C(C)(C)C36)CO)C(O)C(O)C1O,5.94
OCC1OC(OC2CC3(C)C(CC(O)C4C(CCC43C)C(OC5OC(CO)C(O)C(O)C5O)(C)CCC=C(C)C)C6(C)CCC(O)C(C)(C)C26)C(O)C(O)C1O,4.8
OCC1OC(OC2CC3(C)C(CC(O)C4C(CCC43C)C(OC5OC(CO)C(O)C(O)C5O)(C)CCC=C(C)C)C6(C)CCC(O)C(C)(C)C26)C(OC7OC(C)C(O)C(O)C7O)C(O)C1O,4.79
OCC1OC(OC2C(O)C(O)C(OC2OC3CCC4(C)C(CCC5(C)C4CC(O)C6C(CCC65C)C(OC7OC(COC8OC(CO)C(O)C8O)C(O)C(O)C7O)(C)CCC=C(C)C)C3(C)C)CO)C(O)C(O)C1O,6.01
OCC1OC(OC2C(O)C(O)C(OC2OC3CCC4(C)C5CC(O)C6C(CCC6(C)C5CCC4C3(C)C)C(OC7OC(COC8OCC(O)C(O)C8O)C(O)C(O)C7O)(C)CCC=C(C)CC)CO)C(O)C(O)C1O,6.19
O=C(O)C12CCC(C)(C)CC2C3=CCC4C5(C)CCC(OC6OC(CO)C(O)C(O)C6O)C(C)(C)C5CCC4(C)C3(C)CC1O,7.33
OCC1OC(OC2C(O)C(OC(C)C2O)OC3CCC4(C)C5C=CC6=C7CC(C)(C)CCC7(CO)C(O)CC6(C)C5(C)CCC4C3(C)CO)C(O)C(O)C1O,7.11
O=C(O)C1OC(OC2CCC3(C)C(CCC4(C)C3CC=C5C6CC(C)(C)CCC6(C(=O)OC7OC(CO)C(O)C(O)C7O)CCC54C)C2(C)C)C(O)C(O)C1OC8OC(CO)C(O)C8O,6.39
O=C(OC1OCC(O)C(O)C1OC2OC(C)C(OC3OCC(O)C(OC4OC(C)C(O)C(O)C4O)C3O)C(O)C2O)C56CCC(C)(C)CC6C7=CCC8C9(C)CCC(OC%10OC(CO)C(O)C(O)C%10O)C(C)(C)C9CCC8(C)C7(C)CC5O,6.12
O=C(OCC12C3OC4(O)CC(O3)(C)C2(OC5OC(CO)C(O)C(O)C5O)CC41)c6ccccc6,3.78
O=C(OC1CC(OC(=O)C=Cc2ccc(O)c(O)c2)(C(=O)O)CC(O)C1O)C=Cc3ccc(O)c(O)c3,3.49
Oc1ccc(OC2OC(CO)C(O)C(O)C2O)cc1,1.88
O=C1OCC(Cc2ccc(OC)c(OC)c2)C1Cc3ccc(OC4OC(CO)C(O)C(O)C4O)c(OC)c3,5.18
OCC1OC(Oc2ccc(cc2OC)C3OCC4C(OCC34)c5ccc(OC)c(OC)c5)C(O)C(O)C1O,5.13
OCC1OC(Oc2c(OC)cc(cc2OC)C3OCC4C(OCC34)c5cc(OC)c(OC6OC(CO)C(O)C(O)C6O)c(OC)c5)C(O)C(O)C1O,3.61
O=S(=O)(O)ON=C(SC1OC(CO)C(O)C(O)C1O)CC=C,1.77
O=S(=O)(O)ON=C(SC1OC(CO)C(O)C(O)C1O)CC(O)C=C,1.77
O=S(=O)(O)ON=C(SC1OC(CO)C(O)C(O)C1O)Cc2ccccc2,2.83
O=S(=O)(O)ON=C(SC1OC(CO)C(O)C(O)C1O)Cc2ccc(O)cc2,2
O=S(C)CCCCCCCN=C=S,5.41
O=S(C)CCCCCCCCN=C=S,3.56
O=C(OC1C(OC=2C(=O)c3c(O)cc(O)cc3OC2c4ccc(O)cc4)OC(CO)C(O)C1O)C=Cc5ccc(O)cc5,5.32
O=C(O)C1OC(OC=2C(=O)c3c(O)cc(O)cc3OC2c4ccc(O)c(O)c4)C(O)C(O)C1O,4.01
Oc1ccc(cc1)C=CCO,3.76
O=C(O)C=Cc1ccc(OC)cc1,5.86
O=C(c1c(O)cc(O)cc1OC2OC(CO)C(O)C(O)C2O)CCc3ccccc3,4.85
O=C1C(Oc2c(O)c(OC3OC(CO)C(O)C(O)C3O)ccc12)=Cc4ccc(O)c(O)c4,4
O=C(O)c1cc(O)c2C(=O)c3c(OC4OC(CO)C(O)C(O)C4O)cccc3C(c2c1)C5c6cccc(OC7OC(CO)C(O)C(O)C7O)c6C(=O)c8c(O)cc(cc85)C(=O)O,3.82
Oc1cc(O)c2cc(OC3OC(C)C(O)C(O)C3O)c([o+]c2c1)-c4ccc(O)c(O)c4,3.18
Oc1cc(O)c2ccc([o+]c2c1)-c3ccc(O)c(O)c3,3.59
O=C(OC)C1C2C(=CC)CN(C)C1Cc3c4ccccc4[nH]c3C(c5cc6[nH]c7c(c6cc5OC)CCN8CC9CC(CC)C8C7(C(=O)OC)C9)C2,4.94
O=S(=O)(O)OCCCCCCCCCCCC,8.65
OCC1OC(OCC2OC(OCC3OC(OC4(OC(CO)C(O)C4O)CO)C(O)C(O)C3O)C(O)C(O)C2O)C(O)C(O)C1O,1.69
O=C(OC(C(=O)O)CC(=O)O)C=Cc1cc(OC)c(O)c(OC)c1,4.23
O=C(O)C1(O)CC(O)C(OC(=O)C=Cc2ccc(O)c(O)c2)C(O)C1,4.6
O=C(OC1C(O)CC(O)(C(=O)O)CC1O)C=Cc2ccc(O)c(OC)c2,3.74
O=C(O)CCCCCCCC(O)C=CC=CCC=CCC,9.1
O=C(O)CCCCCCCC(OO)C=CC=CCC=CCC,6.77
O=C(O)CCCCCCCC(O)C=CC=CCCCCC,9.79
O=C(O)CCCCCCCC(OO)C=CC=CCCCCC,8
O=C(O)CCCCCCCC=CCC(O)CCCCCC,10.08
O=C(O)CCCCCCCC=CCC(O)C(O)CCCCC,8.39
O=C(O)CCCCCCCC(O)C(O)CC=CCCCCC,8.54
O=C(O)CC(O)(C(=O)O)CC(=O)O,1.57
O=C(O)CC(O)(C)CC(=O)O,1.98
O=C(O)CC(O)(C(=O)O)C(C)C,3.25
O=C(O)CCCCCCC(=O)O,4.1
O=C(OCC(O)COP(=O)(O)OCCN)CCCCCCCC=CCCCCCCCC,10.22
O=C1c2ccc(O)cc2OCC1c3ccc(O)c(OC4OC(CO)C(O)C(O)C4O)c3,3.56
O=C1C(OC2OC(CO)C(O)C(O)C2O)=C(Oc3cc(O)cc(O)c13)c4cc(O)c(O)c(O)c4,3.64
O=C1C(OC2OC(C)C(O)C(O)C2O)=C(Oc3cc(OC4OC(C)C(O)C(O)C4O)cc(O)c13)c5ccc(O)c(O)c5,3.67
O=C1C(O)=C(Oc2ccccc12)c3ccc(O)cc3,8.56
O=C1C=C(Oc2cc(O)cc(O)c12)c3ccc(OC)c(O)c3,6.78
O=C1C=C(Oc2cc(OC3OC(CO)C(O)C(O)C3OC4OCC(O)(CO)C4O)cc(O)c12)c5ccc(O)cc5,4.71
O=C1C=C(Oc2c1c(O)cc(O)c2C3OC(CO)C(O)C(O)C3O)c4ccc(O)c(O)c4,3.7
O=C1c2ccc(O)cc2OC(c3ccc(O)cc3)C1,5.3
O=C1c2c(O)cc(O)cc2OC(c3ccccc3)C1,7.47
Oc1cc(O)c2c(OC(c3cc(O)c(O)c(O)c3)C(O)C2)c1,2.49
O=C1Oc2cc(O)c(OC3OC(CO)C(O)C(O)C3O)cc2C=C1,2.87
O=C1Oc2cc(O)c(O)cc2C=C1,2.87
O=C(OC1CC(O)(C(=O)O)CC(O)C1O)C=Cc2ccc(O)cc2,3.08
Oc1cc(O)c2c(OC(c3ccc(O)c(O)c3)C(O)C2c4c(O)cc(O)c5c4OC(c6ccc(O)c(O)c6)C(O)C5c7c(O)cc(O)c8c7OC(c9ccc(O)c(O)c9)C(O)C8)c1,3.46
O=C(NC(C(=O)O)CC(C)C)C,3.81
O=C1C(OC2OC(CO)C(O)C(O)C2O)=C(Oc3cc(O)cc(O)c13)c4ccc(OC5OC(CO)C(O)C(O)C5O)c(OC)c4,3.23
O=C1C=C(Oc2cc(O)ccc12)c3ccc(O)cc3,7.38
Oc1ccc(C=CCO)cc1O,3.18
O=C(c1c(O)cc(O)cc1OC2OC(CO)C(O)C(O)C2O)CCc3ccc(O)cc3,4.73
OCC1OC(OCC2OC(OC(C)(CCC=C(C)C)C3CCC4(C)C3C(O)CC5C6(C)CCC(OC7OC(CO)C(O)C(O)C7OC8OC(CO)C(O)C(O)C8O)C(C)(C)C6CCC54C)C(O)C(O)C2O)C(O)C(O)C1O,5.88
OCC1OC(OCC2OC(OC3CCC4(C)C5C=CC6=C7CC(C)(C)CCC7(CO)C(O)CC6(C)C5(C)CCC4C3(C)C)C(O)C(O)C2OC8OC(C)C(O)C(O)C8O)C(O)C(O)C1O,6.29
O=C(OC1OC(COC2OC(CO)C(OC3OC(C)C(O)C(O)C3O)C(O)C2O)C(O)C(O)C1O)C45CCC(C)(C)CC5C6=CCC7C8(C)CCC(OC9OCC(O)C(O)C9OC%10OC(C)C(O)C(O)C%10O)C(C)(CO)C8CCC7(C)C6(C)CC4,5.38
O=C(O)C1NC(c2[nH]c3ccccc3c2C1)CC4C(=COC(OC5OC(CO)C(O)C(O)C5O)C4C=C)C(=O)OC,4.13
N1=C2c3cc(Oc4c(OC)c(OC)c(OC)c5c4C(N(C)CC5)Cc6ccc(OC)c(Oc7ccc(cc7)C2)c6)c(OC)cc3CC1,4.25
Oc1ccc(cc1)C=Cc2cc(O)cc(O)c2,5
O=C1OC(c2ccc(OC)c(OC)c12)C3c4cc5OCOc5cc4CCN3C,4.21
O=C(c1ccc(OC)cc1O)C,6.57
Oc1ccc(cc1OC)CC(COC2OC(CO)C(O)C(O)C2O)C(COC3OC(CO)C(O)C(O)C3O)Cc4ccc(O)c(OC)c4,3.67
O=C1OC(OCC)c2c1cc3ccc4OCOc4c3c2-c5ccc6OCOc6c5,8.82
O=C1C=C2C(=CC1=NNC(=N)O)CC(N2C)S(=O)(=O)O,2.69
c1ccc2c(c1)[nH]cc2CN(C)C,3.06
O=C1C(OC2OC(COC3OC(C)C(O)C(O)C3O)C(O)C(O)C2O)=C(Oc4cc(OC5OC(C)C(O)C(O)C5O)cc(O)c14)c6ccc(O)cc6,3.55
O=C1C(OC2OC(COC3OC(C)C(O)C(OC4OC(C)C(O)C(O)C4O)C3O)C(O)C(O)C2O)=C(Oc5cc(O)cc(O)c15)c6ccc(O)cc6,3.98
O=C1c2c(O)cc(O)cc2OC(c3ccc(O)cc3)C1O,4.8
O=C1C=C(Oc2cc(OC3OC(CO)C(O)C(O)C3OC4OC(C)C(O)C(O)C4O)cc(O)c12)c5ccc(OC)c(O)c5,4.47
O=C1c2c(O)cc(OC3OC(CO)C(O)C(O)C3OC4OC(C)C(O)C(O)C4O)cc2OC(c5ccc(O)c(O)c5)C1,4.04
O=C1c2c(O)cc(OC3OC(COC4OC(C)C(O)C(O)C4O)C(O)C(O)C3O)cc2OC(c5ccc(O)c(O)c5)C1,3.92
O=C(OC1Cc2c(O)cc(O)cc2OC1c3cc(O)c(O)c(O)c3)c4cc(O)c(O)c(O)c4,3.46
O=C1Oc2c(O)c(O)ccc2C=C1,3.65
O=CC=Cc1ccc(O)cc1,4.53
n1ccc2c(c1)[nH]c3ccccc32,3.48
O=C1OC=C(C=C1)C2CCC3(O)C4CCC5CC(O)CCC5(C)C4CCC23C,6.99
O=C1c2c(O)cc(O)cc2OC(c3cc(O)c4OC(c5ccc(O)c(OC)c5)C(c4c3)CO)C1O,4.96
Oc1cc(OC2OC(CO)C(O)C(O)C2O)c3cc(OC4OC(CO)C(O)C(O)C4O)c([o+]c3c1)-c5ccc(O)c(OC)c5,2.79
Oc1cc(OC2OC(CO)C(O)C(O)C2O)c3cc(OC4OC(CO)C(O)C(O)C4O)c([o+]c3c1)-c5cc(OC)c(O)c(OC)c5,2.81
Oc1cc(O)c2cc(OC3OC(CO)C(O)C(O)C3O)c([o+]c2c1)-c4cc(O)c(O)c(OC)c4,3.21
O=C(O)C(NC(=O)Cc1c[nH]c2ccccc21)C,4.55
O=C1C=C2C(=CC=C1OC)c3c(OC)c(OC)c(OC)cc3CCC2N(C)Cc4ccccc4O,5.03
O=C(OC)C1=C2Nc3ccccc3C24CCN5CCC1C(CC)C54,4.92
O1c2ccc3c(c2OC1)C(OCC)OC4c5cc6OCOc6cc5CCN(C)C34,5.15
N=1c2ccccc2CN3C1CCC3,2.8
OC1C2=Nc3ccccc3CN2CC1,2.55
O(c1ccc2c3ccc4cc5OCOc5cc4c3[n+](cc2c1OC)C)C,5.3
O=C1c2cc3OCOc3cc2CCN(C)Cc4c5OCOc5ccc4C1,4.36
O=C(OC1CC2N(C)C(CC2)C1)c3ccc(OC)c(OC)c3,3.95
OCC=C1CN2C3c4[nH]c5cc(OC)ccc5c4C6OCC(C1C3)C26,3.6
O=C(OC)C12c3[nH]c4ccc(OC)cc4c3CCN5CC(CC(C(O)C)C51)C2,4.61
n1ccc2c3ccccc3[nH]c2c1C,3.7
O=C(OC)C1(O)n2c3ccccc3c4c2C5N(CC=CC5(CC)C1)CC4,4.26
O=C(OC)C(=COC)C1CC2C3=Nc4cccc(OC)c4C3(O)CCN2CC1CC,4.26
OC(c1ccnc2ccc(OC)cc21)C3N4CCC(C3)C(C=C)C4,3.31
O=C(OC)C1CC23CCCN4CCC5(c6ccccc6NC15C2C)C43,4.24
N1CCCCC1CCC,2.78
O=C1OC2CCN3CC=C(COC(=O)C(O)(C(=C)CC1=CC)C)C32,3.45
OC1CCC2(C)CN(CC)C3C4CC2C13C5CC6C(O)C5C4(O)CC6OC,2.89
O=C(OC1C2C3CC1(O)C(OC)C(O)C2(OC(=O)C)C4C(OC)C5C6(COC)CN(CC)C4C35C(OC)CC6OC(=O)C)c7ccccc7,6.17
O=C1CC2C3CCC(C(C4=NCC(C)CC4)C)C3(C)CCC2C5(C)CCC(O)CC15,4.95
O=C(O)C1OC(OC2C(OC(C(=O)O)C(O)C2O)OC3CCC4(C)C5C(=O)C=C6C7CC(C(=O)O)(C)CCC7(C)CCC6(C)C5(C)CCC4C3(C)CO)C(O)C(O)C1O,6.36
OCC1OC(OC2CC3=CCC4C(CCC5(C)C4CC6N7CC(C)CCC7C(C)C65)C3(C)CC2)C(OC8OC(C)C(O)C(O)C8O)C(O)C1OC9OC(C)C(O)C(O)C9O,5.01
O=C(O)CCCCCCCC1OC1CC=CCC=CCC,9.14
O=C(O)CCCCCCCC(=O)C=CC=CCCCCC,10.13
O=[N+]([O-])c1ccc(c(N)c1)C,2.34
O=C1C(=COc2cc(O)c(OC)cc12)c3ccc(O)cc3,5.3
O=C1C(=COc2cc(OC3OC(CO)C(O)C(O)C3O)cc(O)c12)c4ccc(OC)cc4,5.73
O=C1C(OC2OC(CO)C(O)C(OC3OC(C)C(O)C(O)C3O)C2O)=C(Oc4cc(O)cc(O)c14)c5ccc(O)cc5,4.15
O=C1C=C(Oc2cc(OC3OC(CO)C(O)C(O)C3O)c(O)c(O)c12)c4ccc(O)cc4,4.07
O=C1C=C(Oc2cc(O)cc(O)c12)c3ccc(OC4OC(CO)C(O)C(O)C4O)c(O)c3,4.45
O=C1C=C(Oc2c1c(O)c(c(O)c2C3OC(CO)C(O)C3O)C4OC(CO)C(O)C(O)C4O)c5ccc(O)cc5,3.55
O=C1c2c(O)cc(O)cc2OC(c3ccc(OC)c(O)c3)C1,6.04
O=C1c2c(O)cc(O)cc2OC(c3ccc(O)cc3)C1,5.95
O=C1c2c(O)cc(OC)cc2OC(c3ccc(O)cc3)C1,7.42
O=C(O)CCCC=CCC=CCC=CCC=CCCCCC,7.39
O=C(O)C(NC(=O)C(N)C(O)C)CC(C)C,2.41
O=C(O)C(NC(=O)C(N)C(C)CC)C(C)C,2.55
O=C(O)C(NC(=O)C(N)C)Cc1ccccc1,2.84
O=C(O)C(NC(=O)C(N)Cc1ccccc1)C(C)CC,3.79
O=C(O)C(NC(=O)C(N)CC(C)C)C,2.02
O=C(O)C(NC(=O)C(N)C(C)CC)CO,1.8
O=C1Oc2cc(O)ccc2-c3oc4cc(O)ccc4c13,5.97
O=C1Oc2cc(OC)c(OC)cc2C=C1,5
O=C(C=Cc1ccc(O)cc1)c2ccc(O)cc2O,6.43
Oc1ccc(cc1OC)CCN,2.06
O=C(O)C(N)C(C)CC,1.94
O=C(O)CCC(NC(=O)c1ccc(N)cc1)C(=O)O,3.22
O=C1NC(C(=O)N2CCCC12)CC(C)C,4.03
O=C1C(OC2OCC(O)C(O)C2O)=C(Oc3cc(O)cc(O)c13)c4ccc(O)c(O)c4,4.17
O=C(C=Cc1ccc(O)c(O)c1)c2ccc(OC3OC(CO)C(O)C(O)C3O)c(O)c2O,4.1
Oc1cc(O)c2cc(OC3OC(CO)C(O)C(O)C3O)c([o+]c2c1)-c4ccc(O)c(OC)c4,3.12
O1c2ccc3c(c2OC1)C(OC)OC4c5cc6OCOc6cc5CCN(C)C34,4.65
OCC1OC(OC2CCC3(C)C(CCC4(C)C3CC(O)C5C(CCC54C)C(O)(C)CCC=C(C)C)C2(C)C)C(O)C(O)C1O,9.84
OCC1OC(OC2C(O)C(O)C(OC2OC3CCC4(C)C(CCC5(C)C4CC(O)C6C(CCC65C)C(O)(C)CCC=C(C)C)C3(C)C)CO)C(O)C(O)C1O,8.2
O=C(CCc1ccc(O)c(OC)c1)CC(O)CCCCC,7.45
Oc1ccc(cc1OC)CC2COC(c3ccc(O)c(OC)c3)C2CO,4.96
O=C(OC)C1=COC(OC2OC(CO)C(O)C(O)C2O)C3C1CC(O)C3C,3.36
O=S(=O)(O)ON=C(SC1OC(CO)C(O)C(O)C1O)CC(O)c2ccccc2,2.71
O=C1C(OC2OCC(O)C(O)C2O)=C(Oc3cc(O)cc(O)c13)c4ccc(O)cc4,4.47
O=C(O)C=Cc1ccccc1OC,6.12
[O-]c1cc([O-])c2cc(OC3OC(CO)C(O)C(O)C3OC4OCC(O)C(O)C4O)c([o+]c2c1)-c5ccc(O)c(O)c5,2.88
Oc1cc(O)c2cc(OC3OC(COC4OC(C)C(O)C(O)C4O)C(O)C(O)C3O)c([o+]c2c1)-c5ccc(O)c(O)c5,2.94
O=C1c2ccc(O)c(c2OC(c3ccc(O)cc3)C1)CC=C(C)C,8.93
O=C(O)CCCCCCCC1OC1CCCCCCCC,10.3
O=C(O)CCCC(=O)O,2.53
O=S(C)CCCCC(=NOS(=O)(=O)O)SC1OC(CO)C(O)C(O)C1O,1.74
O=C1C(O)=C(Oc2cc(O)cc(O)c12)c3ccc(O)cc3,6.02
O=C1C(OC2OC(COC3OC(C)C(O)C(O)C3O)C(O)C(O)C2O)=C(Oc4cc(O)cc(O)c14)c5ccccc5O,4.1
