smiles_character,Experimental Retention Time
O=C(O)CC1C(=O)Nc2ccccc21,2.019083
c1ccc(cc1)C2NC(C)C(NC2)C,2.60795
OC1CCCCC1O,4.87655
O=C1C(=O)CCCC1,5.772267
O=C1NC2=C(C(=O)N(C(=O)N2C)C)N1C,1.827733
O=C1CC(=O)CCC1,1.473133
O=C(O)C1CCC(C(=O)O)CC1,1.560217
O=C1CCC(=O)CC1,1.1517
O=C1NC=2NC(=O)N(C2C(=O)N1C)C,4.090533
O=C(n1cncc1)C,1.368133
n1ccn(c1)Cc2ccccc2,1.632483
O=C1NC(=O)N(C=C1C2OC(CO)C(O)C2O)C,4.985567
O=C(O)C(N)Cc1cn(c2ccccc21)C,6.3788
O=C(O)C1OC(OC2CC3C4CCc5cc(O)ccc5C4CCC3(C)C2O)C(O)C(O)C1O,6.493533
O=C1N=CNc2c1ncn2C3OC(CO)CC3,3.440333
O=P(O)(O)OCC1OC(n2cnc3c(ncnc32)N)CC1O,8.62615
O=C1N=C(N)C=CN1C2OC(CO)C(O)C2,5.867533
O=C1N=C(N)Nc2c1ncn2C3OC(CO)C(OP(=O)(O)O)C3,9.43305
O=C1N=C(N)Nc2c1ncn2C3OC(COP(=O)(O)O)C(O)C3,9.253134
O=C1N=C(N)C(=CN1C2OC(CO)C(O)C2OC)C,4.93095
O=C1NC(=O)N(C=C1C)C2OC(CO)C(O)C2OC,1.747817
OCC1OC(n2cnc3c(ncnc32)N)C(OC)C1O,2.599517
O=C1N=C(N)C=CN1C2OC(CO)C(O)C2OC,5.020566
O=C1N=C(N)Nc2c1ncn2C3OC(CO)C(O)C3OC,5.721283
O=C1N=CNc2c1ncn2C3OC(CO)C(O)C3OC,4.063567
O=C1C=CN(C(=O)N1)C2OC(CO)C(O)C2OC,2.24455
OC(C)C(O)C,3.335817
O=C1N=C(N)C=CN1C2OC(CO)CC2,4.5395
O=C1C=CN(C(=O)N1)C2OC(CO)CC2,1.730683
O=C(O)C(N)CCCC(N)C(=O)O,9.8776
O=C1C=Cc2cccc(O)c2N1,1.527183
n1ccccc1CCN,5.521983
OCC1OC(O)C(OC2OC(CO)C(O)C(O)C2O)C(O)C1O,9.47485
O=C(O)c1cccc(OC)c1N,1.274067
O=C(c1ccccc1)CN,1.079283
[S-]CC[NH3+],2.048917
O=P(O)(O)CCN,9.391
Oc1ccccc1N,1.21715
Clc1nc(NC2CCCC2)c3ncn(c3n1)C4OC(CO)C(O)C4O,1.473533
Clc1nc(N)c2ncn(c2n1)C3OC(CO)C(O)C3O,2.688733
O=C1N=C(N)C=CN1C2OC(COP(=O)(O)O)C(O)C2,9.157367
O=C1C=CN(C(=O)N1)C2OC(CO)C(O)C2,2.961367
O=CC=CCCC,1.391383
O=C(c1ccccc1)CO,4.363717
O=C(C=Cc1ccccc1O)c2ccccc2,1.01425
O=C1C=Cc2ccccc2N1,1.5113
Oc1ccc(C=C)cc1OC,8.708667
O=C(N)Cc1ccccc1,1.256583
O=C(O)CNC(=O)CC,5.372817
O=C1C=CC=CN1,2.048917
S=C1N=C(N)C=CN1C2OC(CO)C(O)C2O,5.325333
O=C1C=CN(C(=S)N1)C2OC(CO)C(O)C2O,2.477283
O=P1(O)OCC2OC(n3cnc4c(ncnc43)N)CC2O1,7.285817
O=C1N=C(N)C=CN1C2OC(CO)C(OC)C2O,5.0887
O=C1N=C(N)Nc2c1ncn2C3OC(CO)C(OC)C3O,5.801317
O=C1C=CN(C(=O)N1)C2OC(CO)C(OC)C2O,2.417733
O=C(O)C(O)c1ccc(O)c(O)c1,2.295783
O=C(O)C(N)Cc1ccc(O)c(O)c1,8.312567
O=Cc1ccc(OC)c(OC)c1,1.0755
O=C(O)CNc1cc(O)cc(O)c1,8.184566
O=C([O-])C([NH3+])Cn1nccc1,7.541717
O=C(O)CC(N)c1ccc(O)cc1,7.423183
O=C(O)C(N)Cc1ccc(O)c(N)c1,8.061784
O=C(OC1CC2=CCC3C(CCC4(C)C(CCC34)C(C)CCCC(C)C)C2(C)CC1)NCCN(C)C,2.339833
O=C(O)C(N)Cc1ccc(O)c(Cl)c1,7.1316
O=C1C=CN(C(=O)N1)C2OC(CO)CC2O,2.866283
O=C(O)c1cccc(O)c1N,1.476983
O=Cc1cccc(O)c1,1.179417
O=C([O-])C([NH3+])CC(=O)c1cccc(O)c1N,7.35485
O=C([O-])C([NH3+])Cc1cccc(O)c1,7.442133
O=C(O)CCCCCCC(O)CC(=O)O,2.54945
O=C(O)Cc1c[nH]c2ccccc21,1.329383
N#CCc1c[nH]c2ccccc21,8.023833
O=C(O)CCc1c[nH]c2ccccc21,1.275483
O=C(C=C(C)C)NCC(=O)O,2.953083
O=C1N(C=CC(=N)N1C)C2OC(CO)C(O)C2O,6.991034
O=C(O)C(N)Cc1cncn1C,9.408733
O=C1Nc2ccccc2C1C,1.072817
S(C)CCCN,5.159917
O=C(O)C(N)Cc1ccc(O)c(c1)[N+](=O)[O-],6.87715
O=C(O)CCP(=O)(O)O,8.5907
OCc1cnccc1,1.410767
O=C1C(=COc2cc(O)cc(O)c12)c3ccc(O)cc3,1.26575
O=C(O)CCCC(=O)C,1.2388
O=C(C)CC(O)(C)C,4.881467
O=C1OC(=CC(O)=C1)C,1.469383
O=Cc1ccc(O)cc1,1.17675
O=C(O)CNC(=O)c1ccc(O)cc1,5.862884
N#CC(O)c1ccc(O)cc1,2.627867
Oc1ccc(cc1)C(O)C,8.0268
O=C(O)C(=O)Cc1ccc(O)cc1,1.222883
O=C1C=CNc2ccccc12,1.69245
OCCc1scnc1C,1.213667
O=C1Oc2cc(O)ccc2C(=C1)C,1.216317
O=C1Oc2cc(OC(=O)C)ccc2C(=C1)C,1.0629
O=[N+]([O-])c1cc[n+]([O-])c2ccccc12,1.143817
O=C(O)c1ccnc2ccccc21,4.5784
O=C1NC(=S)C=CN1C2OC(CO)C(O)C2O,2.273517
O=C(O)CCC[N+](C)(C)C,7.66005
O=C1NC(=O)N(C=C1C)C2OC(COC)C(O)C2,1.464917
O=C1NC(=O)CCN1,1.765617
n1c[nH]c2cc(c(cc12)C)C,1.8238
O=C(N)c1[nH]cnc1N,4.178783
O=C(O)c1cc(N)ccc1O,3.887467
O=C1N=CC(F)=CN1,1.773283
O=C1N=CC(F)=C(N)N1,4.6172
O=C(O)Cc1c[nH]c2ccc(O)cc21,1.775067
O=C1N=C(N)C(=CN1C2OC(CO)C(O)C2O)CO,7.539866
O=C1N=CC(=C(N)N1)CO,6.9049
O=C([O-])C([NH3+])Cc1c[nH]c2ccc(O)cc21,7.480433
O=C1Oc2cc3occc3c(OC)c2C=C1,1.074817
O(c1ccc2[nH]cc(c2c1)CCN)C,4.990867
OCCc1c[nH]c2ccc(OC)cc21,1.1794
O=C1NC(=O)N(C=C1OC)C2OC(CO)C(O)C2O,4.716133
O=C1NC(=S)N(C=C1C)C2OC(CO)C(O)C2O,1.98375
O=C1N=C(N)C(=CN1C2OC(CO)C(O)C2O)C,6.390517
O=C1NC(=O)N(C=C1C)C2OC(CO)C(O)C2O,4.188033
O(c1ccc2[nH]cc(c2c1)CCN)CCCCCCCCC,3.4021
O=C1Oc2cc(O)c(O)cc2C=C1,1.473367
n1cc2ccc(N)cc2[nH]1,1.263433
O=C(O)CCCCCO,1.339833
O=C1C=C(Oc2ccc(O)cc12)c3ccccc3,1.259133
OC(C)CCC=C(C)C,7.303067
n1cnc(SC)c2[nH]cnc12,1.493
O=C1N=C(N)NC=2NCC(=NC12)C(O)C(O)C,7.17545
O=C1N=C(N)Nc2c1n(c[n+]2C3OC(CO)C(O)C3O)C,7.33695
O=C1Nc2c(ncnc2N1C3OC(CO)C(O)C3)N,5.105183
O=C(O)C1(C)CCCC2(C)C3C(C=C(CC3)C(C)C)=CCC12,1.11335
O=C(O)C=C(C=CC1(O)C(=CC(=O)CC1(C)C)C)C,1.325883
OCC1=CC(NC2C(O)C(O)C(OC2C)OC3C(O)C(O)C(OC3CO)OC4C(O)C(O)C(O)OC4CO)C(O)C(O)C1O,9.88195
O=C(O)C1OC(Oc2ccc(cc2)NC(=O)C)C(O)C(O)C1O,7.726067
O=C(Nc1ccc(O)cc1)C,1.37395
O=C(Nc1ccccc1)C,1.108633
O=C(NO)C,2.940067
O=C(NC1C(=O)NC(C(=O)N2CCCC2C(=O)N(C)CC(=O)N(C)C(C(=O)OC1C)C(C)C)C(C)C)c3ccc(c4OC=5C(=Nc43)C(C(=O)NC6C(=O)NC(C(=O)N7CCCC7C(=O)N(C)CC(=O)N(C)C(C(=O)OC6C)C(C)C)C(C)C)=C(N)C(=O)C5C)C,1.028767
O=C(O)Cc1ccc(cc1)NC(=O)C,1.58415
O=P1(O)OCC2OC(n3cnc4c(ncnc43)N)C(O)C2O1,7.616333
O=P(O)(O)OCC1OC(n2cnc3c(ncnc32)N)C(O)C1O,8.884117
O=P(O)(O)OC1C(O)C(OC1CO)n2cnc3c(ncnc32)N,8.875283
OCC1OC(n2cnc3c(ncnc32)N)C(O)C1O,4.767583
O=C1C=C2CCC3C(C(=O)CC4(C(=O)CCC34)C)C2(C)CC1,1.102567
O=C(O)C(NC(=O)C(N)C)CC(C)C,7.601666
O=C(O)C(NC(=O)C(N)C)C(C)C,7.663733
O=C(O)C(N)C,8.04985
O=C(OC)Nc1nc2ccc(SCCC)cc2[nH]1,1.22065
Oc1ccc(cc1CO)C(O)CNC(C)(C)C,5.54725
O=C(NCCCN(c1nc(N)c2cc(OC)c(OC)cc2n1)C)C3OCCC3,4.286433
O=C(N)NC(NC(=O)N)C(=O)O,8.564466
O=C1c2c3ccccc3n(c2CCN1Cc4nc[nH]c4C)C,4.190417
O=P(O)(O)OC1OC(CO)C(O)C(O)C1N,7.061433
O=C1OCCC1=C,1.045783
O=C1C=CC2(C(=C1C)C3OC(=O)C(C)C3CC2)C,1.073133
Clc1ccc-2c(c1)C(=NCc3nnc(n32)C)c4ccccc4,1.344367
O=C1c2ccccc2NC(=S)N1CCN3CCC(C(=O)c4ccc(F)cc4)CC3,2.640117
O=C(Nc1ccc(O)cc1)CCCC=CCC=CCC=CCC=CCCCCC,0.9686334
O=C(NN1CCCCC1)c2nn(-c3ccc(Cl)cc3Cl)c(-c4ccc(I)cc4)c2C,0.96605
NC12CC3CC(CC(C3)C1)C2,4.882867
O=C(N=C(N)N)c1nc(Cl)c(nc1N)N,5.522433
O=C(c1cc(I)c(OCCN(CC)CC)c(I)c1)c2c3ccccc3oc2CCCC,1.8666
O=C(NCC1N(CC)CCC1)c2cc(c(N)cc2OC)S(=O)(=O)CC,2.763383
O=C(O)c1cc2C(=O)c3cc(ccc3Oc2nc1N)C(C)C,1.806117
O=C(OC)C1=C(NC(=C(C(=O)OCC)C1c2ccccc2Cl)COCCN)C,4.237033
NC(C)Cc1ccccc1,4.6019
O=C(OCC)OC(OC=1c2ccccc2S(=O)(=O)N(C1C(=O)Nc3ncccc3)C)C,0.9496167
O=C1N=C2Nc3ccc(Cl)c(Cl)c3CN2C1,1.822767
N#CC(c1cc(cc(c1)C(C#N)(C)C)Cn2ncnc2)(C)C,0.9790667
O=C1C=C2CCC3C4CCC(=O)C4(C)CCC3C2(C)CC1,1.0936
O=C(O)C(NC(=O)CCN)Cc1cncn1C,9.485833
O=C(NCCc1ccc(O)c(O)c1)CCCC=CCC=CCC=CCC=CCCCCC,1.14245
O=C(O)C1N(C(=O)C(NS(=O)(=O)c2cccc3c2NCC(C)C3)CCCN=C(N)N)CCC(C)C1,5.445567
O=C1Nc2cc(OCCCCN3CCN(c4cccc(Cl)c4Cl)CC3)ccc2CC1,3.135567
O=C(O)CCC(NC(=O)C(N)CC(=O)O)C(=O)O,9.466367
O=C(O)CC(N)C(=O)NC(C(=O)O)Cc1ccccc1,8.1396
O(c1ccccc1C)C(c2ccccc2)CCNC,2.41665
O=C(OC1CC2N(C)C(CC2)C1)C(c3ccccc3)CO,4.31935
O=C(NC1CN2CCC1CC2)c3cc(Cl)cc4c3OCC(=O)N4C,4.661767
O=C(O)C1=CC(=NNc2ccc(cc2)C(=O)NCCC(=O)O)C=CC1=O,4.849167
O=C1C=CC2(C(=C1)CCC3C4CC(C)C(O)(C(=O)CO)C4(C)CC(O)C32Cl)C,1.255667
O=C(OCCN(CC)CC)C(O)(c1ccccc1)c2ccccc2,2.159433
O=C(O)CN1C(=O)C(NC(C(=O)OCC)CCc2ccccc2)CCc3ccccc31,1.3267
O=C(OC)C1=C(NC(=C(C(=O)OC2CN(Cc3ccccc3)CCC2)C1c4cccc(c4)[N+](=O)[O-])C)C,1.464033
O(c1ccccc1Cc2ccccc2)CC(N3CCCCC3)C,1.9884
O=C(N)c1ccccc1,1.26575
n1csc2ccccc12,1.107517
c1ccc(cc1)CN(C)C(C)Cc2ccccc2,2.041567
O=C(OCc1ccccc1)C,8.707817
O=C(O)C(NC(=O)C(O)C(N)Cc1ccccc1)CC(C)C,5.97635
O=C(O)CCN,8.018233
O=C(O)C(N)CNC,9.323916
OC(COc1ccc(cc1)CCOCC2CC2)CNC(C)C,3.045
O(c1ccccc1Cc2ccccc2)CCCCNC,2.463533
n1ccn(c1)C(c2ccccc2)c3ccc(cc3)-c4ccccc4,1.193267
O=C1N(C(=O)CC2(C1)CCCC2)CCNCC3Oc4ccccc4OC3,1.80345
OC(COc1ccc(cc1)COCCOC(C)C)CNC(C)C,3.471033
O=C(N)NC(=O)N,2.72855
O=C1Nc2ccc(Br)cc2C(=NC1)c3ncccc3,1.296567
O=C1N2c3cc(OC)c(OC)cc3C45CCN6CC7=CCOC(C1)C(C7CC64)C25,4.5743
O=C(c1c(OC)cc(OC)cc1OC)CCCN2CCCC2,2.338167
O=C(c1cccc(Cl)c1)C(NC(C)(C)C)C,2.215117
O=C(O)CCC,10.1865
NCCCCCN,8.992117
O=C(O)C=Cc1ccc(O)c(O)c1,1.80905
O=C([O-])C([NH3+])CCON=C(N)N,9.420217
O=C(NCc1ccc(O)c(OC)c1)CCCCC=CC(C)C,0.9982833
O=C(N)N1c2ccccc2C=Cc3ccccc31,1.2127
O=C(O)CSCC(N)C(=O)O,9.036583
O=C([O-])C(NC(=O)CC[NH3+])Cc1cnc[nH]1,9.536966
OC(COc1cccc2[nH]c3ccccc3c12)CNCCOc4ccccc4OC,3.17165
O=C(O)C1=C(Cl)CSC2N1C(=O)C2NC(=O)C(N)c3ccccc3,5.607183
O=C(O)C1=C(CSc2n[nH]nc2)CSC3N1C(=O)C3NC(=O)C(N)c4ccc(O)cc4,7.981033
O=C(O)C1=C(C=C)CSC2N1C(=O)C2NC(=O)C(=NO)c3nc(sc3)N,6.94135
O=C(O)C1=C(C=C)CSC2N1C(=O)C2NC(=O)C(=NOCC(=O)O)c3nc(sc3)N,7.7911
O=C(OC(OC(=O)C1=C(COC)CSC2N1C(=O)C2NC(=O)C(=NOC)c3nc(sc3)N)C)OC(C)C,1.118533
O=C(O)CC(O)CC(O)C=Cc1c(nc(c(c1-c2ccc(F)cc2)COC)C(C)C)C(C)C,1.184533
O=C([O-])CCc1ccc(OC(=O)C2CCC(C[NH3+])CC2)cc1,5.28855
FC(F)(F)c1ccc2c(nc(c3cccn23)N4CCN(C)CC4)c1,2.206183
Clc1ccc2nc(N)n3nc(nc3c2c1)-c4occc4,1.065483
Oc1ccc2c3c1OC4c5[nH]c6ccccc6c5CC7(O)C(N(CC(=C)C)CCC347)C2,2.92655
Clc1ccc2=NC(=NC)CN(O)C(c3ccccc3)=c2c1,1.35425
Clc1ccc(cc1)C(c2ncccc2)CCN(C)C,2.539383
O=C(O)C(=CCCCCSCC(N)C(=O)O)NC(=O)C1CC1(C)C,7.6274
O=C(C=Cc1ccccc1)Nc2ccccc2SCCCN(C)C,2.606033
O=CC=Cc1ccccc1,9.181167
O=C(NC1CCN(CCCOc2ccc(F)cc2)CC1OC)c3cc(Cl)c(N)cc3OC,2.279183
N#Cc1ccc2c(c1)COC2(c3ccc(F)cc3)CCCN(C)C,2.2117
O=C(N)NCCCC(N)C(=O)O,8.744433
Clc1nc(N)c2ncn(c2n1)C3OC(CO)C(O)C3,1.947517
O=C1OC(CC)C(O)(C)C(O)C(C(=O)C(C)CC(OC)(C)C(OC2OC(C)CC(N(C)C)C2O)C(C)C(OC3OC(C)C(O)C(OC)(C)C3)C1C)C,2.996567
O=C1N(c2ccccc2)c3cc(Cl)ccc3N(C(=O)C1)C,1.095633
Clc1ccc(cc1)CN=C(SCCCc2cnc[nH]2)N,6.13085
Clc1ccc(cc1)NC2=CC3=Nc4ccccc4N(c5ccc(Cl)cc5)C3=CC2=NC(C)C,1.783367
Clc1ccc2c(c1)N(c3ccccc3CC2)CCCN(C)C,2.30745
Clc1cccc(Cl)c1NC2=NCCN2,2.85225
O=C(OC1CC2N(C)C(CC2)C1C(=O)OCC)c3ccccc3,2.118183
O=CC=Cc1ccc(O)c(OC)c1,1.137283
OCC1OC(n2cnc3c(ncnc32)N)C(O)C1,3.540367
O=C1C=C2CCC3C4CCC(C(=O)CO)C4(C)CC(O)C3C2(C)CC1,1.2527
O=C1C=C2CCC3C(CCC4(C)C3CCC4(O)C(=O)CO)C2(C)CC1,1.146183
O(c1ccc2c(c1OC)CN3CCc4cc(OC)c(OC)cc4C3C2C)C,1.516833
O=C1Oc2ccccc2C=C1,1.08065
O=C(C=CC)N(c1ccccc1C)CC,0.9669833
O=C1NC(C(=O)N2CCCC12)CC(C)C,1.285867
NC1CCCCC1,5.10005
c1ccc2c(c1)C=Cc3ccccc3C2=C4CCN(C)CC4,2.309133
O=C(O)C(N)CS(=O)(=O)O,8.921717
O=C(O)C(N)CS,5.3146
O=C([O-])C([NH3+])CSSCC(C(=O)[O-])[NH3+],9.9699
O=C1N=C(N)C=CN1C2OC(CO)C(O)C2O,6.721567
O=C1N=C(N)C=CN1C2OC(COP(=O)(O)O)C(O)C2O,9.480233
O=C1N=C(N)C=CN1C2OC(CO)C(O)C2O,6.8491
O=C1C(=COc2cc(O)ccc12)c3ccc(O)cc3,1.3906
O=C(O)CCC(C)C1CCC2C3C(=O)CC4CC(=O)CCC4(C)C3CC(=O)C12C,1.162217
O=C(O)C(N)CCC(O)CN,9.769167
Clc1ccc2c(c1)CCc3cccnc3C2=C4CCNCC4,4.903017
O=C1C=CC2(C(=C1)CCC3C4CC(C)C(C(=O)CO)C4(C)CC(O)C32F)C,1.134033
Brc1ccc(cc1)C(c2ncccc2)CCN(C)C,2.5596
Clc1ccc(cc1)C(c2ncccc2)CCN(C)C,2.541267
Oc1ccc2c(c1)C34CCN(C)C(C2)C4CCCC3,3.871017
O=C1N(c2ccc(Cl)cc2C(=NC1)c3ccccc3)C,1.100617
O=S1(=O)N=C(Nc2ccc(Cl)cc21)C,1.091317
O=C(O)Cc1ccccc1Nc2c(Cl)cccc2Cl,1.0831
O=C(NCc1ccc(O)c(OC)c1)CCCCCCC(C)C,1.072283
OCC(C)CCNc1ncnc2nc[nH]c21,2.9909
O=C(OC)c1ccccc1C(=O)OC,1.044317
O=C(OCCCCCCCC)c1ccccc1C(=O)OCCCCCCCC,0.9576833
N#CC(c1ccccc1)(c2ccccc2)CCN3CCC(C(=O)OCC)(c4ccccc4)CC3,1.411367
O=C1C(c2ccccc2)=C1c3ccccc3,1.01245
S=C(SSC(=S)N(CC)CC)N(CC)CC,0.9267
O=C(OC(C)(C)C)NC(c1ccccc1)C(O)C(=O)OC2C(=C3C(O)C(=O)C4(C)C(O)CC5OCC5(OC(=O)C)C4C(OC(=O)c6ccccc6)C(O)(C2)C3(C)C)C,1.336783
O=S(=O)(Nc1ccc(OCCN(C)CCc2ccc(cc2)NS(=O)(=O)C)cc1)C,3.3802
O=C(OC1CC2N3CC(=O)C(C2)CC3C1)c4c[nH]c5ccccc54,1.902617
O=C1c2cc(OC)c(OC)cc2CC1CC3CCN(Cc4ccccc4)CC3,2.443233
Oc1ccc(cc1O)CCN,6.397217
O=C1N(CC)CC(CCN2CCOCC2)C1(c3ccccc3)c4ccccc4,1.639283
O1c2ccccc2C(=CCCN(C)C)c3ccccc3C1,2.263433
O=C1c2cccc(OC)c2C(=O)c3c(O)c4c(c(O)c13)CC(O)(C(=O)CO)CC4OC5OC(C)C(O)C(N)C5,6.016984
n1ccccc1C(OCCN(C)C)(c2ccccc2)C,2.451517
O=C1Nc2ccccc2N1C3=CCN(CC3)CCCC(=O)c4ccc(F)cc4,3.477767
O(c1cccc2ccccc12)C(c3sccc3)CCNC,2.598367
O=C(c1ccc(cc1)NS(=O)(=O)C)C2CCN(CCc3nc(ccc3)C)CC2,2.917283
c1ccc(cc1)C2(c3ccccc3)C(=CC)N(C)C(C)C2,1.904083
O=C(O)C(NC(C(=O)N1CCCC1C(=O)O)C)CCc2ccccc2,7.065883
O=C(O)C1=CN(c2cc(c(F)cc2C1=O)N3CCN(CC)CC3)C4CC4,3.312683
Oc1cc(O)c2c(OC(c3cc(O)c(O)c(O)c3)C(O)C2)c1,10.16848
O=C1c2cccc(OC)c2C(=O)c3c(O)c4c(c(O)c13)CC(O)(C(=O)CO)CC4OC5OC(C)C(O)C(N)C5,5.923417
Oc1ccc(cc1)C2COc3cc(O)ccc3C2,1.190767
O=C(O)C(Cc1cnc([S-])[nH]1)[N+](C)(C)C,7.744367
O=C(N)CCCCCCCCCCCC=CCCCCCCCC,1.060333
N#Cc1ccc2c(c1)COC2(c3ccc(F)cc3)CCCN(C)C,2.202367
O=C(OC)CCc1ccc(OCC(O)CNC(C)C)cc1,3.134533
O=S(c1nc2ccc(OC)cc2[nH]1)Cc3ncc(c(OC)c3C)C,1.347
OCCN,7.149317
O=C(OCC)CCC,4.880084
O=C(OCC)c1cncn1C(c2ccccc2)C,0.98275
O=C1OCC2C(OC3OC4COC(OC4C(O)C3O)C)c5cc6OCOc6cc5C(c7cc(OC)c(O)c(OC)c7)C12,1.297233
O=C1C=CC2(C(=C1)C(=C)CC3C2CCC4(C(=O)CCC34)C)C,0.9832333
O=C1N(c2ccc(F)cc2)C(c3ccc(O)cc3)C1CCC(O)c4ccc(F)cc4,1.028667
O=C(OCC(COC(=O)C)CCn1cnc2cnc(nc21)N)C,1.376167
O=S(=O)(N=C(N)CCSCc1nc(N=C(N)N)sc1)N,5.593033
O=C(OCC(c1ccccc1)COC(=O)N)N,1.19745
FC(F)(F)c1cccc(c1)CC(NCC)C,2.33425
Clc1c(O)c(O)cc2c1CCNCC2c3ccc(O)cc3,5.679883
O=C(OCC)C(Oc1ccc(Oc2nc3ccc(Cl)cc3o2)cc1)C,1.01495
O=C(O)C=Cc1ccc(O)c(OC)c1,1.417817
O=C1C=CC2(C)C(N1)CCC3C2CCC4(C)C(C(=O)NC(C)(C)C)CCC34,1.172517
O=C1N=C2C(=Nc3cc(c(cc3N2CC(O)C(O)C(O)COP(=O)(O)OP(=O)(O)OCC4OC(n5cnc6c(ncnc65)N)C(O)C4O)C)C)C(=O)N1,9.524317
O=C(OC)Nc1nc2ccc(cc2[nH]1)C(=O)c3ccc(F)cc3,1.158467
O=C(OCC)c1ncn2-c3ccc(F)cc3C(=O)N(C)Cc12,1.07695
O=C1N(c2ccc(cc2C(=NC1)c3ccccc3F)[N+](=O)[O-])C,1.045217
c1ccc2c(c1)-c3ccccc3C2,6.66255
Fc1ccc2c(N=C(c3ccccc3C2)N4CCN(C)CC4)c1,2.299833
FC(F)(F)c1ccc2Sc3ccccc3N(c2c1)CCCN4CCN(CCO)CC4,2.74225
O=C1N(c2ccc(Cl)cc2C(=NC1)c3ccccc3F)CCN(CC)CC,2.40725
FC(F)(F)c1ccc(cc1)C(=NOCCN)CCCCOC,2.930917
O=CN1C=2C(=O)N=C(N)NC2NCC1CNc3ccc(cc3)C(=O)NC(C(=O)O)CCC(=O)O,7.916283
O=C1C(=COc2cc(O)ccc21)c3ccc(OC)cc3,1.181983
O=CNc1cc(ccc1O)C(O)CNC(C)Cc2ccc(OC)cc2,5.1829
O=C(OC1CC(O)(C(=C=CC(=CC=CC(=CC=CC=C(C=CC=C(C(=O)CC23OC3(C)CC(O)CC2(C)C)C)C)C)C)C(C)(C)C1)C)C,1.067
O=C(OCC)c1ccc(OC(=O)CCCCCN=C(N)N)cc1,3.447183
OC1C=CC23c4c(OC2C1)c(OC)ccc4CN(C)CC3,4.6172
O=C(O)C(N)CCC(=O)NC(C(=O)O)CS,8.981033
O=C(O)C(N)CCC(=O)NC(C(=O)O)CCC(=O)N,9.5454
O=C(O)C(N)CCC(=O)NC(C(=O)O)Cc1ccc(O)cc1,8.520133
O=C(O)C=C(C)CCC=C(C)C,1.304
O=C(NC1CCC(C)CC1)NS(=O)(=O)c2ccc(cc2)CCNC(=O)N3C(=O)C(=C(C)C3)CC,1.049783
O=C(O)CCC(N)C(=O)NC(C(=O)NC(C(=O)O)Cc1ccccc1)C(C)C,7.658216
O=P(O)(O)OCC1OC(O)C(N)C(O)C1O,10.06347
O=P(O)(O)OC1OC(CO)C(O)C(O)C1O,9.6081
O=P(O)(O)OCC1OC(O)C(O)C(O)C1O,9.858417
O=C(O)CNC(=O)C(NC(=O)CCC(N)C(=O)O)CSSCC(NC(=O)CCC(N)C(=O)O)C(=O)NCC(=O)O,10.16848
O=C(O)CNC(=O)C(NC(=O)CCC(N)C(=O)O)CS,8.984417
O=C(O)CNC(=O)CNC(=O)CN,9.181167
O=C(O)C(NC(=O)CN)C(C)CC,7.667517
O=C([O-])C(NC(=O)C(NC(=O)C[NH3+])Cc1ccc(O)cc1)C,7.893784
O=C(O)C(NC(=O)CN)Cc1ccc(O)cc1,8.070983
O=C([O-])C[NH3+],8.331966
O=C1C(=COc2cc(O)c(OC)cc12)c3ccc(O)cc3,1.318183
O=C(N)NNC(=O)C1N(C(=O)C(NC(=O)C(NC(=O)C(NC(=O)C(NC(=O)C(NC(=O)C(NC(=O)C(NC(=O)C2NC(=O)CC2)Cc3cnc[nH]3)Cc4c[nH]c5ccccc54)CO)Cc6ccc(O)cc6)COC(C)(C)C)CC(C)C)CCCN=C(N)N)CCC1,7.82905
O=C(OC)N1CCN(C(=O)Cc2ccc(Cl)c(Cl)c2)C(C1)CN3CCCC3,2.5567
O=C(NC1CC2N(C)C(CCC2)C1)c3nn(c4ccccc34)C,4.1201
O=C([O-])C[NH+]=C(N)N,8.162017
O=C1N=C(N)Nc2nc[nH]c12,6.403183
O=C1N=C(N)Nc2c1ncn2C3OC4COP(=O)(O)OC4C3O,8.390017
O=C1C=C2C(F)CC3C4CC(C)C(O)(C(=O)CO)C4(C)CC(O)C3(F)C2(C=C1Cl)C,1.12175
O=C(c1ccc(F)cc1)CCCN2CCC(O)(c3ccc(Cl)cc3)CC2,2.305067
O=C(NCCCCCCNC(=O)C)C,1.5038
O=C(O)CCCCC,4.887733
O=C(Nc1ccc(cc1)C(F)(F)F)CCCCC(NCCc2cnc[nH]2)C,5.301167
O=C(O)C(N)CCCCN=C(N)N,9.337383
O=C(O)C(N)CCS,9.582867
O=C(O)C(N)CCSSCCC(N)C(=O)O,9.580167
O=C(OC)CC(O)(C(=O)OC1C(OC)=CC23N(CCc4cc5OCOc5cc4C12)CCC3)CCCC(O)(C)C,3.238883
O=C(O)C(N)CCO,8.29375
O(c1ccc(cc1OC)CCN)C,4.784266
O=C1C=CC2=C(N1)CC3C=C(C)CC2(N)C3=CC,5.74135
O=C(O)CCc1ccccc1,8.706433
O=C1CCC2C3N(C)CCC42c5c(OC14)c(O)ccc5C3,5.22465
O=C(O)C1NCC(O)C1,8.143884
O=C1C(OC2OC(CO)C(O)C(O)C2O)=C(Oc3cc(O)cc(O)c13)c4ccc(O)c(O)c4,5.576283
O=C1C(OC2OC(C)C(O)C(O)C2O)=C(Oc3c1c(O)cc(OC4OC(CO)C(O)C(O)C4O)c3CC=C(C)C)c5ccc(OC)cc5,4.7361
O=C1c2ccccc2C(=O)c3c(O)c4c(c(O)c13)CC(O)(C(=O)C)CC4OC5OC(C)C(O)C(N)C5,5.421433
O=C1C(OC)=C(OC)C(=O)C(=C1C)CCCCCCCCCCO,0.9637667
Oc1ccc(cc1)C(O)C(N2CCC(Cc3ccccc3)CC2)C,3.174617
O=C(Nc1ccc(c(c1)Nc2nccc(n2)-c3cnccc3)C)c4ccc(cc4)CN5CCN(C)CC5,5.362683
n1cc[nH]c1,4.5255
O=C1Nc2ccccc2C1=C3Nc4ccccc4C3=O,1.067817
Clc1ccc(cc1Cl)C2c3ccccc3C(NC)C2,2.883183
O=C(NC1c2ccccc2CC1O)C(Cc3ccccc3)CC(O)CN4CCN(Cc5cnccc5)CC4C(=O)NC(C)(C)C,2.174467
O=C(N)Cc1c[nH]c2ccccc21,1.3619
OCc1c[nH]c2ccccc21,1.242983
O=Cc1c[nH]c2ccccc12,1.1616
O=C(O)c1c[nH]c2ccccc21,1.406
O=C(O)C(=O)Cc1c[nH]c2ccccc21,5.1079
O=C(O)C(O)Cc1c[nH]c2ccccc21,2.254533
O=C(O)Cc1c2cc(OC)ccc2n(C(=O)c3ccc(Cl)cc3)c1C,1.0809
O=C1N=CNc2c1ncn2C3OC(COP(=O)(O)O)C(O)C3O,9.1545
O=C1N=CNc2c1ncn2C3OC(CO)C(O)C3O,6.193833
n1c2c(c(N)c3c1CCCC3)CCC2,3.326167
O=C1C(=COc2cc(OC(C)C)ccc21)c3ccccc3,0.93655
O=C1N(C(=NC12CCCC2)CCCC)Cc3ccc(cc3)-c4ccccc4-c5nn[nH]n5,1.1638
O=C(Oc1ccc2nc3C4=CC5=C(C(=O)N4Cc3c(c2c1)CC)COC(=O)C5(O)CC)N6CCC(N7CCCCC7)CC6,5.03375
Clc1ccc(Cl)c(c1)-c2nc(nc(n2)N)N,1.25145
NCC(C)C,5.035767
O=C(O)C(C)C,1.77315
O=C([O-])C([NH3+])C(C)CC,7.178067
n1cnc(NCC=C(C)C)c2[nH]cnc12,1.80725
O=C1C(OC2OC(CO)C(O)C(O)C2O)=C(Oc3cc(O)cc(O)c13)c4ccc(O)c(O)c4,5.612733
O=C1C(OC2OC(COC3OC(C)C(O)C(O)C3O)C(O)C(O)C2O)=C(Oc4cc(O)cc(O)c14)c5ccc(O)c(OC)c5,6.017517
O=C1N=C(N)NC=2NC(=O)C=NC12,6.410333
O=C(OC)C1=C(NC(=C(C(=O)OC(C)C)C1c2cccc3nonc32)C)C,0.94775
O=C(NCc1ccc(OCCN(C)C)cc1)c2ccc(OC)c(OC)c2,3.652467
O=C1N(N=CN1c2ccc(cc2)N3CCN(c4ccc(OCC5OC(OC5)(c6ccc(Cl)cc6Cl)Cn7ncnc7)cc4)CC3)C(C)CC,0.9723833
O=C1C(OC2OC(COC3OC(C)C(O)C(O)C3O)C(O)C(O)C2O)=C(Oc4cc(O)cc(O)c14)c5ccc(O)cc5,6.0918
O=C1C(O)=C(Oc2cc(O)cc(O)c12)c3ccc(O)cc3,1.39965
O=C(N1CCN(c2ccc(OCC3OC(OC3)(c4ccc(Cl)cc4Cl)Cn5cncc5)cc2)CC1)C,1.733767
O=C1c2sccc2C(c3ccccc3C1)=C4CCN(C)CC4,2.712133
O=CCC1CC(C)C(O)C=CC=CCC(OC(=O)CC(O)C(OC)C1OC2OC(C)C(OC3OC(C)C(OC(=O)CC(C)C)C(O)(C)C3)C(N(C)C)C2O)C,2.035817
O=C(O)C1=CC(=O)c2ccccc2N1,6.145667
O=S(=O)(Nc1ccc(cc1)Cc2noc(n2)-c3ccc4[nH]cc(c4c3)CCN)C,5.248917
O=C(OC(C)(C)C)C=Cc1ccccc1C2C(C(=O)OCC)=C(NC(=C2C(=O)OCC)C)C,0.9447167
O=C(N)C(O)C,1.742483
OCC(O)C(O)C(OC1OC(CO)C(O)C(O)C1O)C(O)CO,8.9943
O=C1N=C(N)C=CN1C2OC(SC2)CO,3.404317
Clc1cccc(c1Cl)-c2nnc(nc2N)N,1.980067
O=C(OC(C)C)CCCC=CCC1C(O)CC(O)C1CCC(O)CCc2ccccc2,1.062683
N#Cc1ccc(cc1)C(c2ccc(C#N)cc2)n3ncnc3,0.9847167
N1=C2SCCN2CC1c3ccccc3,2.952033
O=C(N)C(N1C(=O)CCC1)CC,1.450817
O=C(O)COCCN1CCN(CC1)C(c2ccccc2)c3ccc(Cl)cc3,2.901117
O=C1C=C2CCC3C(CCC4(CC)C3CCC4(O)C#C)C2CC1,0.9912834
O=C(NCC1N(CC)CCC1)c2cc(ccc2OC)S(=O)(=O)N,4.3705
O=C(Nc1c(cccc1C)C)CN(CC)CC,1.9711
OC(C=C)(C)CCC=C(C)C,0.9688166
O=C1OC(CNC(=O)C)CN1c2ccc(c(F)c2)N3CCOCC3,1.147633
O=C1N(c2ccccc2)c3ccccc3C1(Cc4ccncc4)Cc5ccncc5,1.171583
O=C(N)CCCCC1SSCC1,1.25095
O=C1c2ccc(O)cc2OC(c3ccc(O)cc3)C1,1.302567
O=C(c1ccccc1)CC2N(C)C(CCC2)CC(O)c3ccccc3,2.021217
O=C(c1ccc(Cl)cc1)CN(C)CCCN2c3ccccc3CCc4ccccc42,1.91475
Clc1cccc(Cl)c1OC(C2=NCCN2)C,2.649617
Fc1ccc(cc1)C(c2ccc(F)cc2)N3CCN(Cc4ccc(OC)c(OC)c4OC)CC3,1.69595
O=C1c2c(ncn2CCCCC(=O)C)N(C(=O)N1C)C,1.088133
O=C(OCC)N1CCC(=C2c3ncccc3CCc4cc(Cl)ccc42)CC1,1.111233
O=C1Nc2ccc(Cl)cc2C(=NC1O)c3ccccc3Cl,1.334367
Clc1nc(n(c1CO)Cc2ccc(cc2)-c3ccccc3-c4nn[nH]n4)CCCC,1.270933
O=C(OCC)OC1(C(=O)OCCl)CCC2C3CCC4=CC(=O)C=CC4(C)C3C(O)CC21C,0.9748167
Clc1ccc2Oc3ccccc3N=C(c2c1)N4CCN(C)CC4,2.17945
O=C(O)C(c1ccc(cc1)CC2C(=O)CCC2)C,1.090783
O=C1NC(=O)c2nccnc2N1,2.486233
O=C(O)C(N)CCCCN,9.542483
O=C1C=COC(=C1O)C,1.32285
OCC1OC(OC2C(O)C(O)C(O)OC2CO)C(O)C(O)C1O,8.753734
c1ccc2c(c1)C3c4ccccc4C2(CCCNC)CC3,2.657817
O=C(O)C1N2C(=O)C(N=CN3CCCCCC3)C2SC1(C)C,4.283867
O=C1C=C2C(C)CC3C(CCC4(C)C3CCC4(O)C(=O)C)C2(C)CC1,1.008117
O=C(OC1(C(=O)C)CCC2C3C=C(C4=CC(=O)CCC4(C)C3CCC21C)C)C,0.9597833
O=C(NCCc1c[nH]c2ccc(OC)cc21)C,1.2388
O=C(c1ccc(F)cc1)CCCN2CCC(C)CC2,2.121433
n1c(nc(cc1OC)C)-n2nc(cc2OC)C,1.0295
O=C(Nc1c(cccc1C)C)C2N(C)CCCC2,2.960383
O=C(OCC(C)(COC(=O)N)CCC)N,1.250217
O=S(c1ccc2Sc3ccccc3N(c2c1)CCC4N(C)CCCC4)C,4.242233
N=C(N=C(N)N)N(C)C,5.442533
O=C(CC)C(c1ccccc1)(c2ccccc2)CC(N(C)C)C,1.996917
O=C1c2ccccc2N=C(N1c3ccccc3C)C,1.095633
O=C([O-])C([NH3+])CCSC,7.369333
O=C1NC(=O)C(C(=O)N1C)(CC=C)C(C#CCC)C,6.899066
O=C(O)CCC(NC(=O)c1ccc(cc1)N(C)Cc2nc3c(nc2)nc(nc3N)N)C(=O)O,7.67
O=C(OC)CC1CCC(=O)C1CC=CCC,1.039633
O=C(O)C(C)C(O)C,6.2185
O=C(OC)CN,5.2884
O=C1C=C2CCC3C(CCC4(C)C3CCC4(O)C)C2(C)CC1,1.0379
O=C1NCC(C(=O)C1(CC)CC)C,1.18245
O=[N+]([O-])c1cnc(n1CCO)C,1.170383
O=C1OC(CCC2C(C=CC3=CCCC(OC(=O)C(C)CC)C32)C)CC(O)C1,0.9884334
Fc1ccccc1C2=NCc3cnc(n3-c4ccc(Cl)cc24)C,1.290267
O=C1C=C2C(=C3C(c4ccc(cc4)N(C)C)CC5(C)C(CCC5(O)C#CC)C3CC2)CC1,0.99725
OCCN1CC(O)C(O)C(O)C1CO,8.120617
O=C(N(CC)CC)C1(c2ccccc2)CC1CN,3.233483
N#CC1=CC(c2ccncc2)=C(NC1=O)C,1.6009
n1cccc2c1N3CCN(C)CC3c4ccccc4C2,3.075467
O=C(O)C(C)(C)Cc1c(SC(C)(C)C)c2cc(ccc2n1Cc3ccc(Cl)cc3)C(C)C,0.9646667
O=C(NCCN1CCOCC1)c2ccc(Cl)cc2,2.027733
O=C(N)CS(=O)C(c1ccccc1)c2ccccc2,1.266
O=C(NCC1OCCN(Cc2ccc(F)cc2)C1)c3cc(Cl)c(N)cc3OCC,1.24115
O=C([O-])C1=CN(c2c(OC)c(c(F)cc2C1=O)N3CC4CCC[NH2+]C4C3)C5CC5,4.690333
Clc1nc(nc(OC)c1NC2=NCCN2)C,3.280767
O=C(O)C(OC1C(O)C(OC(O)C1N)CO)C,8.2824
O=C1C(O)=C(Oc2cc(O)cc(O)c12)c3cc(O)c(O)c(O)c3,2.6892
O=CN(C)C,1.2877
O=C(O)CNC(=O)c1occc1,4.00735
O=C(Nc1ccc2-c3ccccc3Cc2c1)C,4.744117
OCC1OC(n2cnc3c(ncnc32)NC4CCCC4O)C(O)C1O,3.476617
O=C(O)CCC(NC(=O)C(NC(=O)C)CC(=O)O)C(=O)O,8.108533
O=C(N1C(=O)CCCCC1)C,2.296383
O=C(O)C(NC(=O)C)CS,5.280684
O=C(NC1C(O)OC(CO)C(O)C1O)C,7.063833
O=C(O)CCC(NC(=O)C)C(=O)O,7.674933
O=C(O)C(NC(=O)C)Cc1cnc[nH]1,8.072066
O=C(NC(C(=O)O)CC(C)C)C,2.291933
O=C(NC1C(O)OC(CO)C(O)C1O)C,7.008483
O=C(O)C1(O)OC(C(O)C(O)CO)C(NC(=O)C)C(O)C1,9.25755
O=C(O)C(NC(=O)C)CO,7.669567
n1c[nH]c(c1)CCNC,7.4783
O=C(O)CNC(=O)OCc1ccccc1,7.668467
O=C(OCc1ccccc1)NC(C(=O)O)CC(C)C,1.27515
O=C(O)CNC(=O)C=Cc1ccccc1,2.948733
N#CNC(=NC(C)(C)CC)Nc1cnccc1,1.163733
O=CNC1CCCCC1,1.202833
O=C(NCCCCC(N)C(=O)O)C,8.026816
O=CNc1ccc(OC)cc1C(=O)CCNC(=O)C,1.315217
O=C(O)CNC(=O)C(C)C,3.60405
O=C(O)CNC(=O)CC(C)C,2.940067
O=C(O)C(NC)C,7.67205
c1ccc(cc1)NC,1.058317
O=C(O)c1ccccc1NC,1.221233
O=C(O)CC(NC)C(=O)O,2.52595
O=C(O)CCC(NC)C(=O)O,8.31985
O=C(O)C(NC)C(C)CC,6.441333
Fc1ccc(cc1)C2CCN(C)CC2COc3ccc4OCOc4c3,2.199933
O=C([O-])C(Cc1ccccc1)[NH2+]C,6.2185
O=C([O-])C(CO)[NH2+]C,8.026816
O=C([O-])C([NH2+]C)C(O)C,7.6803
O=C([O-])C([NH2+]C)C(C)C,6.9942
O=C(NCCc1cnc[nH]1)C,5.997283
O=C1N=C(Nc2c1ncn2C3OC(CO)C(O)C3O)NC,6.401233
OCC1OC(n2cnc3c(ncnc32)NCC=C(C)C)C(O)C1O,1.476433
N#Cc1cc(C(=O)NCC2N(CCCC)CCC2)c(OC)c3ccccc13,2.046917
OC(COc1cccc2ccccc12)CN3CCN(c4ccccc4OC)CC3,1.993833
Oc1ccc2c3c1OC4C(O)CCC5(O)C(N(CCC345)CC6CCC6)C2,5.245
Oc1ccc2c3c1OC4c5[nH]c6ccccc6c5CC7(O)C(N(CCC347)CC8CC8)C2,4.4528
O=C1C=C2CCC3C(CCC4(C)C(O)CCC34)C2CC1,1.055417
O=C1c2c(O)cc(OC3OC(CO)C(O)C(O)C3OC4OC(C)C(O)C(O)C4O)cc2OC(c5ccc(O)cc5)C1,5.61205
O=C(O)C(NC(=O)C1CCC(CC1)C(C)C)Cc2ccccc2,1.30095
O=C1N(N=C(N1CCOc2ccccc2)CC)CCCN3CCN(c4cccc(Cl)c4)CC3,1.883017
O=C(NC(CSc1ccccc1)C(O)CN2CC3CCCCC3CC2C(=O)NC(C)(C)C)c4cccc(O)c4C,1.554067
O=C(OCC=C(C)CCC=C(C)C)C,0.9925666
O=C(NNCCC(=O)NCc1ccccc1)c2ccncc2,1.689783
O=C(NCCO[N+](=O)[O-])c1cnccc1,1.113117
n1cccc(c1)C2N(C)CCC2,5.338833
O=C(O)c1cnccc1,4.007216
O=C(O)CNC(=O)c1cnccc1,7.080867
O=C(OC)C1=C(NC(=C(C(=O)OC)C1c2ccccc2[N+](=O)[O-])C)C,1.0249
O=C1C=C(NCCN(CCO)CCCc2ccc(cc2)[N+](=O)[O-])N(C(=O)N1C)C,3.209533
O=C1N(c2ccc(cc2C(=NC1)c3ccccc3)[N+](=O)[O-])C,0.98495
O=C(OCCOC)C1=C(NC(=C(C(=O)OC(C)C)C1c2cccc(c2)[N+](=O)[O-])C)C,0.9435833
O=C(Oc1ccccc1C(=O)Nc2ncc(s2)[N+](=O)[O-])C,1.0033
O=C1Nc2ccc(cc2C(=NC1)c3ccccc3)[N+](=O)[O-],1.196967
O=[N+]([O-])C=C(NC)NCCSCc1nc(sc1)CN(C)C,4.645884
O=C1C=C(Oc2c(OC)c(OC)c(OC)c(OC)c12)c3ccc(OC)c(OC)c3,1.00395
O=C(O)C(N)CCCC,6.990033
n1cccc(c1)C2NCCC2,5.984066
O=C(O)C(N)CCC,4.885833
O=C1OC(c2ccc(OC)c(OC)c12)C3c4c(OC)c5OCOc5cc4CCN3C,1.314617
O=C(O)C(N)COC(=O)C,7.669384
O=P(O)(O)OCCN,9.23015
O=C(O)C(N)COP(=O)(O)O,9.852417
O=C(O)C(N)C(OP(=O)(O)O)C,9.743
O=C(O)CCC(=O)OCCC(N)C(=O)O,8.059733
O=C(O)CCCCCCCCCCCCCCCCC(=O)O,1.23765
O=C(O)C(NC(C(=O)O)CCCN=C(N)N)C,10.27655
N1=c2sc(cc2=C(Nc3ccccc13)N4CCN(C)CC4)C,4.555683
O=C(O)c1c(nc(n1Cc2ccc(cc2)-c3ccccc3-c4nn[nH]n4)CCC)C(O)(C)C,4.757867
O=C([O-])Cc1ccc2OCc3ccccc3C(=CCC[NH+](C)C)c2c1,4.410867
O=S(c1nc2ccc(OC)cc2[nH]1)Cc3ncc(c(OC)c3C)C,1.348967
O=C1c2c3ccccc3n(c2CCC1Cn4ccnc4C)C,2.828517
O=CNC(C(=O)OC(CCCCCCCCCCC)CC1OC(=O)C1CCCCCC)CC(C)C,0.8926666
n1cc(c(nc1N)N)Cc2cc(OC)c(OC)cc2C,4.187817
O=[N+]([O-])c1cnc(n1CC(O)CCl)C,1.07635
O=C(O)C(N)CCCN,9.597834
O=S(=O)([O-])c1ccccc1[NH3+],2.5244
O=C1Nc2cccnc2N(C(=O)CN3CCCCC3CN(CC)CC)c4ccccc14,2.940283
O=C(O)CCc1nc(-c2ccccc2)c(o1)-c3ccccc3,1.1132
O=C1Nc2ccc(Cl)cc2C(=NC1O)c3ccccc3,1.367483
Clc1ccc(c(Cl)c1)C(=NOCc2ccc(Cl)cc2Cl)Cn3cncc3,1.076117
O=C1CCC2(O)C3N(C)CCC42c5c(OC14)c(OC)ccc5C3,4.580867
O=C1CCC2(O)C3N(C)CCC42c5c(OC14)c(O)ccc5C3,5.504167
O=C(OCC[N+](C)(CC)CC)C(O)(c1ccccc1)C2CCCCC2,2.005433
O=C(N)C=1C(=O)C(C2C(O)C3C(C(=O)C2(O)C1[O-])=C(O)c4c(O)cccc4C3(O)C)[NH+](C)C,6.164516
O=C(O)C=Cc1ccc(cc1)Cn2cncc2,2.993367
O=C(O)c1ccc(OC)cc1,1.29935
O=C1c2cccc3c2C(CN1C4CN5CCC4CC5)CCC3,4.0518
O=S(c1nc2ccc(OC(F)F)cc2[nH]1)Cc3nccc(OC)c3OC,1.210517
n1ccc2cc(OC)c(OC)cc2c1Cc3ccc(OC)c(OC)c3,1.541833
O=[N+]([O-])c1ccc(OP(=O)(OCC)OCC)cc1,1.021317
O=C(NS(=O)(=O)c1ccc(cc1)-c2c(noc2C)-c3ccccc3)CC,0.98275
Fc1ccc(cc1)C2CCNCC2COc3ccc4OCOc4c3,3.0846
O=C(O)C1=CN2c3c(OCC2C)c(c(F)cc3C1=O)C4(N)CC4,2.489133
O=C(c1cccc(c1)C(F)(F)F)c2c(sc(c2C)C)N,0.9409333
O=C([O-])C1=CN(c2cc(c(F)cc2C1=O)N3CC[NH+](C)CC3)CC,3.648267
O=C1N=C(OC1c2ccccc2)N,1.389683
O=C1N=C(N)Nc2c1ncn2CCC(CO)CO,6.714483
O=C1c2c(ncn2C)N(C(=O)N1CCCCC(=O)C)C,1.09295
S(C)CC1CN(CCC)C2Cc3c[nH]c4cccc(c43)C2C1,2.4101
O=C1N(C(=O)C2CCCCC12)CCCCN3CCN(c4nsc5ccccc54)CC3,2.138833
O1CCN(C)C(C)C1c2ccccc2,2.5162
NNCCc1ccccc1,4.446517
O=C(OCCc1ccccc1)C,1.021767
NCCc1ccccc1,4.868883
O=CCc1ccccc1,5.395233
O=C(O)CNC(=O)Cc1ccccc1,2.879133
OC(c1ccccc1)CN,5.506067
O=P(O)(O)Oc1ccccc1,7.051167
OC(c1ccccc1)C(N)C,5.294683
O=C(c1c(O)cc(O)cc1O)CCc2ccc(O)cc2,1.504883
O=C(c1ccccc1)c2c(O)cc(O)cc2O,1.344817
Oc1cc(O)cc(O)c1,1.147783
O=P(O)(O)OCC[N+](C)(C)C,9.190617
O=C([O-])C(OP(=O)(O)[OH2+])=C,9.05005
O=C(O)CP(=O)(O)O,9.72955
O=C(O)C(N)Cc1ccc(OP(=O)(O)O)cc1,9.721867
O=C(O)c1ccccc1C(=O)O,1.153717
O=C(Oc1ccc2c(c1)C3(C)CCN(C)C3N2C)NC,3.1704
OCC(N)C(O)C(O)CCCCCCCCCCCCCC,5.178367
O=C1OC2C3OC(=O)C45OC5CC(O)(C1C2C(O)(C)C)C34C,1.214517
O=C(O)C1N(C(=O)C2NC(=O)CC2)CSC1,7.30295
O=C1OCC(Cc2cncn2C)C1CC,2.2283
N#CNC(=NC(C)C(C)(C)C)Nc1ccncc1,1.487183
O=C1SC(C(=O)N1)Cc2ccc(OCCc3ncc(cc3)CC)cc2,1.113417
O=C(C=CC=Cc1ccc2OCOc2c1)N3CCCCC3,1.095333
O=C1C(=C(N=C2C=CC=CN12)C)CCN3CCC(C(=O)c4ccc(F)cc4)CC3,3.501117
O=C(Nc1ncccc1)C2=C(O)c3ccccc3S(=O)(=O)N2C,1.01845
O=C(O)CC(O)CC(O)C=Cc1c(nc2ccccc2c1-c3ccc(F)cc3)C4CC4,1.360333
s1ccc2c1CCc3ccccc3C2=C4CCN(C)CC4,2.334633
n1c(sc2c1CCC(NCCC)C2)N,5.698483
O=C1N(c2ccc(Cl)cc2C(=NC1)c3ccccc3)CC4CC4,1.0742
O=C(c1occc1)N2CCN(c3nc(N)c4cc(OC)c(OC)cc4n3)CC2,3.745483
Clc1ccc2Sc3ccccc3N(c2c1)CCCN4CCN(C)CC4,2.557667
O=C1C=C2CCC3C(CCC4(C)C(C(=O)C)CCC34)C2(C)CC1,0.96805
O=C(Nc1ccc(Cl)c(Cl)c1)CC,1.079283
O=C(OC(c1ccccc1)(Cc2ccccc2)C(C)CN(C)C)CC,2.006683
Oc1ccc(cc1)C=Cc2cc(OC)cc(OC)c2,0.9815
n1cnc2nc[nH]c2c1,2.444633
O=C(OCC)COc1cc(c(F)cc1Cl)-c2nn(c(OC(F)F)c2Cl)C,1.019867
n1ccccc1,6.634367
O=Cc1c(O)c(ncc1COP(=O)(O)O)C,7.7044
Oc1c(ncc(c1CO)CO)C,3.7783
O=C(O)C1NC(=O)CC1,8.7083
OCCOCCN1CCN(C2=Nc3ccccc3Sc4ccccc42)CC1,2.535583
O=C(O)c1ncccc1C(=O)O,2.156667
O=S(c1nc2ccccc2[nH]1)Cc3nccc(OCCCOC)c3C,2.441183
O=C(OCc1ccccc1)CNC(=O)C(CSC(=O)C)Cc2ccccc2,0.9464333
O=C(NCC1N(CC)CCC1)c2c(O)c(Cl)cc(Cl)c2OC,2.108867
O=C1N=C(Nc2ccc(cc12)CN(c3sc(cc3)C(=O)NC(C(=O)O)CCC(=O)O)C)C,7.351783
O=C([O-])C1N(C(=O)C(C)[NH2+]C(C(=O)OCC)CCc2ccccc2)C3CCCC3C1,1.401933
O=[N+]([O-])C=C(NC)NCCSCc1oc(cc1)CN(C)C,5.181
O=C(Nc1c(cccc1C)C)CN2CCN(CC2)CC(O)COc3ccccc3OC,2.7898
O=C(NC(c1ccccc1)(C)Cc2ccccc2)CN,4.410767
O=C(O)c1ccc(cc1OCC)CC(=O)NC(c2ccccc2N3CCCCC3)CC(C)C,1.008483
Oc1ccc(cc1)C=Cc2cc(O)cc(O)c2,1.414983
O=C1N=C2C(=Nc3cc(c(cc3N2CC(O)C(O)C(O)CO)C)C)C(=O)N1,5.995117
O=C(OC1C(C)C(OC)C=COC2(Oc3c(C2=O)c4C5=NC6(NC5=C(NC(=O)C(=CC=CC(C)C(O)C(C)C(O)C1C)C)C(=O)c4c(O)c3C)CCN(CC6)CC(C)C)C)C,2.758633
O=C(OC1C(C)C(OC)C=COC2(Oc3c(C2=O)c4C(=O)C(=CNN5CCN(CC5)C6CCCC6)C(NC(=O)C(=CC=CC(C)C(O)C(C)C(O)C1C)C)=C(O)c4c(O)c3C)C)C,1.810533
O=C(OC1C(C)C(OC)C=COC2(Oc3c(C2=O)c4c5nc6C=C(C=Cn6c5c(NC(=O)C(=CC=CC(C)C(O)C(C)C(O)C1C)C)c(O)c4c(O)c3C)C)C)C,1.181533
FC(F)(F)Oc1ccc2nc(sc2c1)N,1.030467
c1ccc2c(c1)c3ccccc3n2CCCN4CC(NC(C)C4)C,2.87315
O=C1C(=C(N=C2N1CCCC2)C)CCN3CCC(c4noc5cc(F)ccc54)CC3,3.5227
O=C(OCc1scnc1)NC(Cc2ccccc2)C(O)CC(NC(=O)C(NC(=O)N(C)Cc3nc(sc3)C(C)C)C(C)C)Cc4ccccc4,1.154467
n1cnn(c1)Cc2ccc3[nH]cc(c3c2)CCN(C)C,5.111017
O=C1NCC(c2ccc(OC)c(OC3CCCC3)c2)C1,1.11655
O=C(Nc1c(cccc1C)C)C2N(CCC)CCCC2,2.417117
O=C1SC(C(=O)N1)Cc2ccc(OCCN(c3ncccc3)C)cc2,1.236767
O=C(OCC(=O)NCCCOc1cccc(c1)CN2CCCCC2)C,3.006217
O(c1ccc2[nH]cc(c2c1)C3=CCNCC3)C,4.61065
O=C(O)C1=CN2c3c(SCC2)c(c(F)cc3C1=O)N4CCN(C)CC4,4.653934
O=C1C(OC2OC(COC3OC(C)C(O)C(O)C3O)C(O)C(O)C2O)=C(Oc4cc(O)cc(O)c14)c5ccc(O)c(O)c5,6.60405
O=C([O-])C(N)CC[S+](C)CC1OC(n2cnc3c(ncnc32)N)C(O)C1O,9.699083
Oc1ccc(cc1CO)C(O)CNCCCCCCOCCCCc2ccccc2,4.74815
O=C(N)CC(NC(=O)c1nc2ccccc2cc1)C(=O)NC(Cc3ccccc3)C(O)CN4CC5CCCCC5CC4C(=O)NC(C)(C)C,2.851017
O=C(O)CNC,7.822667
Oc1cccc(c1)C23Cc4nc5ccccc5cc4CC3CN(C)CC2,5.113383
O=C(OC1CC2N(C)C(C1)C3OC32)C(c4ccccc4)CO,3.74825
O=C1Oc2cc(O)c(OC)cc2C=C1,1.160367
O=[N+]([O-])c1cnc(n1CC(O)C)C,1.1193
C#CCN(C)C(C)Cc1ccccc1,1.478767
Clc1ccc(cc1Cl)C2c3ccccc3C(NC)CC2,2.671083
Clc1ccc(cc1)C2(CCC2)C(N(C)C)CC(C)C,1.8571
O=C(O)C=Cc1cc(OC)c(O)c(OC)c1,1.407217
Brc1cc2c(cc1O)C(c3ccccc3)CN(C)CC2,2.914967
O=P(O)(O)OCC(O)C(O)C(O)C(O)CO,9.748966
O=S(=O)(Nc1ccc(cc1)C(O)CNC(C)C)C,4.87385
NCCCNCCCCNCCCN,7.243866
Clc1nc(ccc1)N2CCC(N)CC2,4.847784
OC1(C)CCC2C3CCC4Cc5[nH]ncc5CC4(C)C3CCC21C,1.194733
O=C1NC(=O)N(C=C1C)C2OC(C=C2)CO,1.615067
C=Cc1ccccc1,8.74415
O=S(=O)(NC)Cc1ccc2[nH]cc(c2c1)CCN(C)C,4.307233
Oc1ccc(cc1)C(O)CNC,5.672067
n1c2ccccc2c(N)c3c1CCCC3,3.86265
O=C1OC(C(=CC2CCC(O)C(OC)C2)C)C(C)C(O)CC(=O)C(C=C(C)CC(C)CC(OC)C3OC(O)(C(=O)C(=O)N4CCCCC14)C(C)CC3OC)CC=C,1.0684
O=C1N2C(c3ccc4OCOc4c3)c5[nH]c6ccccc6c5CC2C(=O)N(C)C1,1.1903
O=C(NCCS(=O)(=O)O)CCC(C)C1CCC2C3C(O)CC4CC(O)CCC4(C)C3CC(O)C12C,6.1221
N1=CC(=CNNC(=NCCCCC)N)c2cc(OC)ccc12,2.837233
O=C(O)c1ccccc1-c2ccc(cc2)Cn3c4cc(cc(c4nc3CCC)C)-c5nc6ccccc6n5C,1.250633
O=C1N(c2ccc(Cl)cc2C(=NC1O)c3ccccc3)C,1.153517
O=C(N)c1ncn2C(=O)N(N=Nc12)C,1.334433
O=C(N1CCN(c2nc(N)c3cc(OC)c(OC)cc3n2)CC1)C4OCCC4,4.660984
C(#CC(C)(C)C)C=CCN(C)Cc1cccc2ccccc21,1.330033
O=S(=O)([O-])CC[NH2+]C(CO)(CO)CO,7.70355
O=C1C=C2CCC3C(CCC4(C)C(O)CCC34)C2(C)CC1,1.05385
O=C(O)C(N)CCC(=O)NCC,7.663233
O=C([O-])C1CSC[NH2+]1,6.917634
N=1c2ccc(N)cc2SC3=CC(=[NH2+])C=CC13,5.234733
OCC(O)C(O)CO,1.561933
O=C(O)C(N)C(O)C,8.211717
O=C1NC(=O)N(C=C1C)C2OC(CO)C(O)C2,2.570717
O=C1NC(=O)N(C=C1C)C2OC(COP(=O)(O)O)C(O)C2,8.28435
Oc1cc(ccc1C(C)C)C,1.526067
O=C([O-])C1CCC[NH+](CCC=C(c2sccc2C)c3sccc3C)C1,3.938983
Clc1ccccc1CN2Cc3ccsc3CC2,1.123717
O=[N+]([O-])c1cnc(n1CCS(=O)(=O)CC)C,1.042317
O=C(Nc1c(cccc1C)C)C(N)C,4.965133
Oc1ccc(cc1C(c2ccccc2)CCN(C(C)C)C(C)C)C,2.132383
O=C(c1ccc(OCCCCc2nn[nH]n2)c(c1O)CCC)C,1.03525
O=S(=O)(OCC12OCC3OC(OC3C2OC(O1)(C)C)(C)C)N,1.099267
O=C1OCC=2C(=O)N3C(=CC2C1(O)CC)c4nc5ccc(O)c(c5cc4C3)CN(C)C,5.71595
O=C(O)C1c2ccc(C(=O)c3ccccc3)n2CC1,1.287867
O=C(NC(C)C)NS(=O)(=O)c1cnccc1Nc2cccc(c2)C,1.44705
ClCCC(c1ccccc1)=C(c2ccccc2)c3ccc(OCCN(C)C)cc3,1.88555
O=C(O)C1=CN(c2nc(c(F)cc2C1=O)N3CCC(N)C3)c4ccc(F)cc4F,4.871083
OC1(c2cccc(OC)c2)CCCCC1CN(C)C,2.521433
O=C(O)c1ccccc1NC(=O)C=Cc2ccc(OC)c(OC)c2,1.257667
O=C1N2C=CC=CC2=NN1CCCN3CCN(c4cccc(Cl)c4)CC3,2.38115
Clc1ccc-2c(c1)C(=NCc3nnc(n32)C)c4ccccc4Cl,1.296567
Clc1cccc(Oc2cc3nc(SC)[nH]c3cc2Cl)c1Cl,1.0076
FC(F)(F)c1ccc2Sc3ccccc3N(c2c1)CCCN4CCN(C)CC4,2.14635
O=C(N)N1c2ccccc2C(=O)Cc3ccccc31,1.127117
O=C(OCC(c1ccccc1)(N(C)C)CC)c2cc(OC)c(OC)c(OC)c2,1.4656
c1ccc2c(c1)N(c3ccccc3CC2)CC(C)CN(C)C,2.2511
n1ccccc1N(Cc2ccccc2)CCN(C)C,1.977167
O=C(OC1CC2N(C)C(CC2)C1)c3c[nH]c4ccccc43,3.809567
O=C(NC1CNCCC1)c2cc(OC)c(OC)c(OC)c2,5.035167
c1ccc2c(c1)[nH]c3c2CCNC3,4.898983
O=C(N)C(N)Cc1c[nH]c2ccccc21,5.909517
O=C(O)C(NC(=O)C(NC(=O)C(N)Cc1ccc(O)cc1)Cc2ccc(O)cc2)Cc3ccc(O)cc3,7.086383
O=C([O-])C(NC(=O)C([NH3+])Cc1ccc(O)cc1)Cc2ccc(O)cc2,7.376266
Oc1ccc(cc1)CCN,5.58305
O=C(O)C(N)Cc1ccc(O)cc1,7.609583
Clc1cc2c(cc1O)C(c3ccccc3)CN(C)CC2,2.88705
O=C1C=CNC(=O)N1,2.398367
O=C1C=C(NCCCN2CCN(c3ccccc3OC)CC2)N(C(=O)N1C)C,4.580867
O=C(N)NC(C(=O)O)CCC(=O)O,7.798017
O=C1C=CN(C(=O)N1)C2OC(COP(=O)(O)O)C(O)C2O,8.974684
O=C1C=CN(C(=O)N1)C2OC(COP(=O)(O)OP(=O)(O)OC3OC(CO)C(O)C(O)C3NC(=O)C)C(O)C2O,9.8283
O=C1C=CN(C(=O)N1)C2OC(COP(=O)(O)OP(=O)(O)OC3OC(CO)C(O)C(O)C3NC(=O)C)C(O)C2O,9.874217
O=C1C=CN(C(=O)N1)C2OC(CO)C(O)C2O,4.715816
O=C(O)C=Cc1cnc[nH]1,3.68925
O=C1N=C(N)Nc2c1ncn2COCCOC(=O)C(N)C(C)C,6.825917
O=S(=O)(N)c1ccc(cc1)-c2c(noc2C)-c3ccccc3,1.014017
O=C(O)C(N(C(=O)CCCC)Cc1ccc(cc1)-c2ccccc2-c3nn[nH]n3)C(C)C,1.685817
O=Cc1ccc(O)c(OC)c1,1.14815
O=C1N=C(Nn2c(nc(c12)C)CCC)c3cc(ccc3OCC)S(=O)(=O)N4CCN(CC)CC4,1.699767
OC1(CCCCC1)C(c2ccc(OC)cc2)CN(C)C,2.4436
N#CC(c1ccc(OC)c(OC)c1)(CCCN(C)CCc2ccc(OC)c(OC)c2)C(C)C,1.8761
O=C(OC1CC2CCC3C(CCC4(C)C(OC(=O)C)C(CC34)[N+]5(C)CCCCC5)C2(C)CC1N6CCCCC6)C,5.525833
OC1CCCCC1N2CCC(c3ccccc3)CC2,2.646833
O=CN1c2cc(OC)c(cc2C34CCN5CC=CC(CC)(C(OC(=O)C)C(O)(C(=O)OC)C13)C54)C6(C(=O)OC)c7[nH]c8ccccc8c7CCN9CC(CC(O)(C9)CC)C6,3.7037
O=C(OC)C1(c2cc3c(cc2OC)N(C)C4C(O)(C(=O)N)C(O)C5(C=CCN6CCC34C65)CC)c7[nH]c8ccccc8c7CCN9CC(CC(O)(C9)CC)C1,5.763033
O=C(OC1C(O)(C(=O)OC)C2N(c3cc(OC)c(cc3C42CCN5CC=CC1(CC)C54)C6(C(=O)OC)c7[nH]c8ccccc8c7CN9CC(=CC(C9)C6)CC)C)C,4.7638
O=C(OC=C)N,1.33695
O=C1Nc2c(nccc2C)N(c3ncccc13)C4CC4,1.155617
O=C1C=C(Oc2c1c(O)cc(O)c2C3OC(CO)C(O)C(O)C3O)c4ccc(O)cc4,5.332716
Fc1ccc(c(F)c1)C(O)(Cn2ncnc2)C(c3ncncc3F)C,1.02425
O=C1Oc2ccccc2C(O)=C1C(c3ccccc3)CC(=O)C,0.9938334
O=C1C=CN(C(=O)N1)CC(N)C(=O)O,8.7217
O=C1c2c(ncn2CC(O)CN(C)CCO)N(C(=O)N1C)C,6.013233
O=C1NC(=O)c2ncn(c2N1)C3OC(CO)C(O)C3O,7.3014
O=C1Oc2c(OC)c3occc3cc2C=C1,1.0449
O=C(NC1CN2CCC1CC2)c3cc(Cl)c(N)cc3OC,4.660634
O=C(OC1CCCC1)Nc2ccc3c(c2)c(cn3C)Cc4ccc(cc4OC)C(=O)NS(=O)(=O)c5ccccc5C,1.003217
N#Cc1cnn2c1nccc2-c3cccc(c3)N(C(=O)C)CC,1.017033
O=C1C=CC(=NN1)c2ccc(OC(F)F)c(OC)c2,1.190967
O=C1OC(C)CCCC(O)CCCCCc2cc(O)cc(O)c12,1.108
O=C(N)N(O)C(c1sc2ccccc2c1)C,1.232783
O=C1OCC(N1)Cc2ccc3[nH]cc(c3c2)CCN(C)C,4.796
O=C(N(C)C)Cc1c(nc2ccc(cn21)C)-c3ccc(cc3)C,1.616
O=C1CCC2C3CCc4cc(O)ccc4C3CCC12C,1.01045
OCC1OCC(O)C(O)C1O,0.9216
O=C1Nc2ncn(c2C(=O)N1C)C,1.687617
O=C1NC=2NC(=O)N(C(=O)C2N1)C,2.176317
O=C(OCC(O)CO)CCCCCCCCCCCCCCCCC,0.9882166
OCC1OC(n2cnc3c(ncnc32)N)CC1O,3.921917
O=CCC(O)C(O)CO,1.423683
O=C(O)C(O)C(C)C,1.285917
O=C(O)C(O)CC(C)C,1.5697
O=C(O)CCC(O)C(=O)O,0.9143834
O=C(OC(CO)CO)CCCCCCCCCCCCC,1.0119
OCC1OC(n2cnc3c(nc(nc32)C)N)C(O)C1O,2.635667
O=C(OC(CO)CO)CCCCCCCCCCCCCCC,0.9874
O1c2ccc(cc2OC1)CC(NCC)C,2.941317
O=C([O-])C(C)C[NH3+],7.399333
O=C(O)CC(O)CC,1.285917
O=C1C=CN(C(=O)N1C)C2OC(CO)C(O)C2O,1.1232
OC(CC)CCCCC,8.47185
O=C(O)CC[Si](C)(C)C,5.640234
O=C(O)C1CCC(CN)CC1,6.603766
Oc1ccc(N)cc1,1.339383
Oc1ccc(c(O)c1)CCCCCC,1.62735
O=C1NC(=O)C(C)CN1,1.571367
OC1C=C2CC(O)CCC2(C)C3CCC4(C)C(CCC4C13)C(C)CCCC(C)C,3.361567
O=C1NC(=O)N(C=C1C)C2OC(CO)CC2O,2.602383
O=C1C=NN(C(=O)N1)C2OC(CO)C(O)C2O,4.3138
O=[N+]([O-])c1cccc2cn[nH]c21,1.032717
O=C1C(=O)N(C(=O)C)c2ccccc12,2.4037
O=C(O)C(N)CCCN=C(N)N(C)C,8.545834
O=C([O-])C([NH3+])C(O)C,7.94795
O=C(O)C(=O)CCSC,0.9197333
O=C(O)C(N)(C)Cc1cnc[nH]1,8.676084
O=C1OC(C(O)=C1O)C(O)CO,1.43575
O=C1c2ccccc2C(=NN1C3CCN(C)CCC3)Cc4ccc(Cl)cc4,2.94775
O=C(OC1CC2N(C)C(CC2)C1C(=O)O)c3ccccc3,3.626933
c1ccc(cc1)CN(C)C(C)Cc2ccccc2,2.008717
O=C(O)CC(O)(C)C,4.549984
N#Cc1ccc(cc1C(F)(F)F)NC(=O)C(O)(C)CS(=O)(=O)c2ccc(F)cc2,0.9855667
O=C1N=C(C=C2NC(=Cc3[nH]c(C=C4NC(=O)C(=C4C=C)C)c(c3CCC(=O)O)C)C(=C2C)CCC(=O)O)C(=C1C=C)C,2.35005
O=C(O)CNC(=O)CCC,3.729733
n1ccsc1-c2c[nH]c3ccccc32,1.052533
O=C(O)C(c1ccc(cc1)CC(C(=O)O)C)C,1.10555
Oc1cc(O)c2c(OC(c3ccc(O)c(O)c3)C(O)C2)c1,4.113717
O=C(O)C1(O)CC(O)C(O)C(OC(=O)C=Cc2ccc(O)c(O)c2)C1,6.67945
O=C(OC1CC2N(C)C(CC2)C1C(=O)OC)c3ccccc3,2.2047
O=C1C=C2CCC3C(CCC4(C)C3CCC4(O)C(=O)CO)C2(C)CC1,1.147817
O=CCCCCCCCCC,2.167083
O=C1CCC2C3CC=C4CC(O)CCC4(C)C3CCC12C,1.033733
O=C1C=CN(C(=O)N1)C2OC(COP(=O)(O)O)C(O)C2,8.248667
O=S(C)CCCCC(=NO)SC1OC(CO)C(O)C(O)C1O,6.614467
O(c1ccc2c(c1)C34CCN(C)C(C2)C4CCCC3)C,2.643667
OCC(N)C(O)CCCCCCCCCCCCCCC,4.47355
O(CCN(C)C)C(c1ccccc1)c2ccccc2,2.146667
O=C(OC)C1C(O)CC2N(C)C1CC2,4.178534
O=C1OC(C#CC2CC2)(c3cc(Cl)ccc3N1)C(F)(F)F,0.9757333
Oc1cc(O)c2c(OC(c3ccc(O)c(O)c3)C(O)C2)c1,3.007433
OC1CC2=CC=C3C(CCC4(C)C3CCC4C(C=CC(C)C(C)C)C)C2(C)CC1,1.43485
C#CC1(O)CCC2C3CCc4cc(O)ccc4C3CCC21C,0.9890333
O=C(O)C=Cc1ccc(O)c(OC)c1,1.307883
O=C(OC)C1=COC(OC2OC(CO)C(O)C(O)C2O)C3C(=CCC13)CO,4.5299
O=C(O)c1cc(O)ccc1O,3.18395
O=S(C)CCCCC(=NOS(=O)(=O)O)SC1OC(CO)C(O)C(O)C1O,7.366117
O=CC(O)C(O)C(O)C(O)CO,1.84265
O=C([O-])C([NH3+])CCC(=O)N,8.18975
O=C(O)CCCCCCCCCCCCCCCC,3.013533
O=C1CCC2C3N(C)CCC42c5c(OC14)c(OC)ccc5C3,3.799083
OCC1OC(OCC2OC(O)C(O)C(O)C2O)C(O)C(O)C1O,7.1891
O=C1C(OC2OC(CO)C(O)C(O)C2O)=C(Oc3cc(O)cc(O)c13)c4ccc(O)c(OC)c4,4.4852
O=C(O)C(=O)C(C)C,2.844117
C=C(C)C1CC=C(C)CC1,0.92045
O=C(O)C=CC(=O)N,1.1163
NC12CC3CC(C)(C1)CC(C)(C3)C2,4.242917
c1ccc(cc1)CC(NC)C,3.33495
OC(c1cc(OC)ccc1OC)C(N)C,4.750817
O=C(OC)c1cc(O)c(O)c(O)c1,1.4344
O=C(OC)C(N)Cc1ccc(O)cc1,4.23335
O=C(OCC(O)CO)CCCCCCCC=CCCCCCCCC,1.1877
O=C(O)CN(C)C,7.39915
O=C([O-])C([NH3+])Cc1ncn(c1)C,9.020583
O=C(O)C(NC)CO,7.69885
O=C(O)C(c1ccc2cc(OC)ccc2c1)C,1.0834
O=C(OC)C1=C(NC(=C(C(=O)OCC)C1c2cccc(c2)[N+](=O)[O-])C)C,0.9478833
O=CCCCCCCC,6.98075
OCCCCCCCC,8.474067
O=C(N)C=1C(=O)C(N(C)C)C2C(O)C3C(C(=O)C2(O)C1O)=C(O)c4c(O)cccc4C3(O)C,5.949183
N(=Nc1ccc(cc1)N(C)C)c2ccccc2,0.9302833
O=C(O)C=Cc1ccc(O)cc1,1.3819
O=C([O-])CC(OC(=O)CCCCCCCCCCCCCCC)C[N+](C)(C)C,3.228183
O=C(NCCCO)C(O)C(C)(C)CO,1.901583
Oc1ccc2c(c1)C3(C)CCN(CC=C(C)C)C(C2)C3C,2.653017
Oc1cc(O)c2cc(OC3OC(CO)C(O)C(O)C3O)c([o+]c2c1)-c4cc(O)c(O)c(OC)c4,4.474367
O1CCNC(C)C1c2ccccc2,4.0369
O=C(OCCCc1ccccc1)N,1.00775
NC(C)(C)Cc1ccccc1,6.230417
O=C(O)C(N)Cc1ccccc1,6.522634
O=P([O-])(O)OCC[N+](C)(C)C,8.9691
O=C(O)Cc1c(c[nH]c1CN)CCC(=O)O,7.39755
O=C(O)CC(O)CC(O)CCC1C(C=CC2=CC(O)CC(OC(=O)C(C)CC)C21)C,1.79985
O=C(NC(C)C)c1ccc(cc1)CNNC,4.606067
O=C(O)c1ccc[nH]1,5.6627
O=C(OCC1OC(OC=2C(=O)c3c(O)cc(O)cc3OC2c4ccc(O)c(O)c4)C(O)C(O)C1O)C,4.608517
O=C1C(OC2OC(C)C(O)C(O)C2O)=C(Oc3cc(O)cc(O)c13)c4ccc(O)c(O)c4,4.702
OCC1OC(OCC2OC(OC3(OC(CO)C(O)C3O)CO)C(O)C(O)C2O)C(O)C(O)C1O,9.166833
O=C1OCC(c2ccc(cc2)S(=O)(=O)C)=C1c3ccccc3,0.97015
O=C(Nc1c(cccc1C)C)C2N(CCC)CCCC2,2.567417
OCc1ccccc1OC2OC(CO)C(O)C(O)C2O,4.475417
O=C(O)C(N)CCCNC(=NC)NC,8.487667
C#CCN(C)C(C)Cc1ccccc1,1.526683
Oc1ccc2[nH]cc(c2c1)CCN,1.439383
Clc1ccc(cc1Cl)C2c3ccccc3C(NC)CC2,2.800267
O=C(O)CCC(=O)O,4.463217
OCC1OC(OC2(OC(CO)C(O)C2O)CO)C(O)C(O)C1O,8.049367
O=C(O)C1=CC(=NNc2ccc(cc2)S(=O)(=O)Nc3ncccc3)C=CC1=O,2.01345
O=S(C)CCCCN=C=S,1.141683
O=C1C(OC2OC(CO)C(O)C(O)C2O)=C(Oc3cc(O)cc(O)c13)c4cc(OC)c(O)c(OC)c4,4.323367
O=C(O)c1cc(OC)c(O)c(OC)c1,1.354083
O=C1c2c(O)cc(O)cc2OC(c3ccc(O)c(O)c3)C1O,1.778017
O=C1NC(=O)N(C=C1F)C2OCCC2,1.218683
O=C1c2[nH]cnc2N(C(=O)N1C)C,1.541617
O=C1CC2=C(CC1)C3CCC4(C)C(CCC4(O)C#C)C3C(C)C2,0.9952833
Oc1ccc(cc1)C=Cc2cc(O)cc(OC3OC(CO)C(O)C(O)C3O)c2,4.640017
O=P(O)(O)OCC1OC(OC2OC(CO)C(O)C(O)C2O)C(O)C(O)C1O,9.717716
O=C(OC1C(Oc2ccccc2COC(=O)C3(O)C=CCCC3=O)OC(CO)C(O)C1O)c4ccccc4,1.507783
O=C1OCC2=C1CCC3(C)C2CC4OC45C(O)C6(OC6C7OC753)C(C)C,1.02105
O=C([O-])CC(OC(=O)CC(O)(C)C)C[N+](C)(C)C,7.23
O=C([O-])CC(OC(=O)CCC)C[N+](C)(C)C,5.77
O=C1N(C)C(c2ccc[n+]([O-])c2)CC1,3.87
N=C1c2ncn(c2N=CN1C)C3OC(CO)C(O)C3O,7.46
O=C1c2ncn(c2N=C(N)N1C)C3OC(CO)C(O)C3O,5.84
O=C(O)C(N)Cc1ncn(c1)C,9.1
O=C(N)c1ccc[n+](c1)C,6.26
O=C1N=C(N)Nc2c1ncn2C3OC(CO)C(O)C3,6.4
Oc1cc2ccccc2[nH]1,1.36
O=C(O)CCN=C(N)N,8.15
O=C([O-])CC(OC(=O)CC(O)C)C[N+](C)(C)C,7.62
O=C(O)Cc1cccc(O)c1,1.45
O=C(O)C1NCCC1O,8.17
O=C(N)NCCC(=O)O,5.6
O=C(O)CCCNC(=O)C,2.26
O=C(O)c1ccc(N)cc1,7.49
O=C(O)CCCN=C(N)N,7.72
O=CC=CC(O)CCCCC,1.07
O=C(O)c1c(O)c(ncc1CO)C,2.66
O=C(O)CCCCN,7.24
Oc1ccc2[nH]cc(c2c1)CCO,5.93
O=C(O)Cc1c[nH]c2ccc(OC)cc21,1.32
O=C1N=CC(=C(N)N1)C,6.62
OC1C(O)C(OC1n2cnc3c(ncnc32)N)CSC,2.49
OCC1OC(n2cnc3c(ncnc32)NC)C(O)C1O,3.56
O=C(OC(CC(=O)[O-])C[N+](C)(C)C)C,7.19
n1cnc(N)c2[nH]cnc12,4.71
N(=C(N)N)CCCCN,8.92
O=C(O)C(NC(=O)C(N)C)C,8.41
O=C(O)C(NC(=O)C(N)C)CCC(=O)N,9.11
O=C([O-])C(NC(=O)C(C)[NH3+])C(C)CC,7.83
OC1CCC2(C)C(CCC3C4CCC(O)C4(C)CCC32)C1,0.96
O=C1CCC2C3CCC4CC(O)CCC4(C)C3CCC12C,4.62
O=C(O)C(NC(=O)C(N)CCCN=C(N)N)C,9.66
O=C(O)CNC(=O)C(N)CCCN=C(N)N,9.85
O=C(O)C(N)CCCN=C(N)N,9.53
O=C(O)C1N(C(=O)C(N)CCCN=C(N)N)CCC1,9.51
O=C(O)C(NC(=O)C(N)CCCN=C(N)N)CO,9.9
O=C(O)C(NC(=O)C(N)CCCN=C(N)N)C(C)C,9.3
O=C(O)C(N)CC(=O)N,8.81
O=C(O)CC(N)C(=O)O,9.33
O=C([O-])C[N+](C)(C)C,7.24
O=C1N=C(C=C2NC(=Cc3[nH]c(C=C4NC(=O)C(=C4C=C)C)c(c3CCC(=O)O)C)C(=C2C)CCC(=O)O)C(=C1C=C)C,1.5
O=C1NC2CSC(CCCCC(=O)O)C2N1,2.85
O=C1c2c(ncn2C)N(C(=O)N1C)C,1.21
O=C([O-])CC(O)C[N+](C)(C)C,7.83
OCC[N+](C)(C)C,5.18
O=C1C=C2CCC3C(C(=O)CC4(C)C3CCC4(O)C(=O)CO)C2(C)CC1,1.29
O=C1N(C)C(c2cnccc2)CC1,1.49
O=C(O)CN(C(=N)N)C,8.15
O=C1N=C(N)N(C)C1,4.93
O=C(O)C(N)CSCCC(N)C(=O)O,9.91
O=C1N=CC=C(N)N1,5.9
O=C(O)C1C(O)CC2N(C)C1CC2,7.61
OCC1OC(O)C(N)C(O)C1O,8.44
O=C(O)CCCN,7.86
O=C(O)C(N)CCC(=O)NC(C(=O)O)CC(C)C,8.1
O=C(O)CCC(N)C(=O)NC(C(=O)O)CCSC,8.55
O=C(O)CCC(N)C(=O)NC(C(=O)O)CCCN=C(N)N,9.9
O=C1OC(CO)C(O)C(O)C1O,8.15
O=C(O)CCC(N)C(=O)NC(C(=O)O)CCC(=O)N,9.6
O=C([O-])CCC(C(=O)NC(C(=O)[O-])CCCC[NH3+])[NH3+],9.9
O=C(O)CCC(N)C(=O)NC(C(=O)O)Cc1ccccc1,8.2
O=C(O)CCC(N)C(=O)O,8.85
O=C(O)C(N)CCC(=O)N,8.66
O=C(O)CNC(=O)C(NC(=O)CCC(N)C(=O)O)CS,9.15
O=C(O)CCC(N)C(=O)NC(C(=O)O)C(O)C,9.44
O=P(O)(OCC[N+](C)(C)C)OCC(O)CO,8.67
O=C(O)C(NC(=O)CN)CC(C)C,8.14
O=C(O)C1N(C(=O)CN)CCC1,8.62
O=C(O)C(NC(=O)CN)C(C)C,8.05
O=C1N=C(N)Nc2c1ncn2C3OC(CO)C(O)C3O,7.33
O=C([O-])CC(OC(=O)CCCCC)C[N+](C)(C)C,5.09
n1c[nH]c(c1)CCN,8.29
O=C(O)C(N)Cc1cnc[nH]1,9.48
O=C1C=C2CCC3C4CCC(O)(C(=O)CO)C4(C)CC(O)C3C2(C)CC1,2.56
O=C1N=CNc2nc[nH]c12,4.99
O=C([O-])CC(OC(=O)CC(C)C)C[N+](C)(C)C,5.36
O=C(O)C(N)CC(=O)c1ccccc1N,6.98
O=C([O-])CC(OC(=O)CCCCCCCCCCC)C[N+](C)(C)C,3.63
O=C(O)CNC(=O)C(NC(=O)CCC(N)C(=O)O)CSSCC(N)C(=O)O,10.15
O=C(O)C(NC(=O)C(N)CC(C)C)C,5
O=C(O)C(NC(=O)C(N)CC(C)C)CCCN=C(N)N,8.86
O=C(O)C(N)CC(C)C,7.08
O=C(O)C1N(C(=O)C(N)CC(C)C)CCC1,7.32
O=C(N)NCCCCC(N)C(=O)O,8.73
O=C([O-])CC(OC(=O)CCCCCCCC=CCC=CCCCCC)C[N+](C)(C)C,3.1
O=C(O)CNC(=O)C(N)CCCCN,9.84
O=C(O)C(NC(=O)C(N)CCCCN)C(C)C,9.38
O=C(O)C(N)CCS(=O)C,8.62
O=C(O)C(N)CCCN=C(N)N(C)C,9.1
O=C(O)C(NC(=O)C)CCCN=C(N)N,8.16
O=C(NC(C(=O)O)CCCCN)C,8.15
O=C(O)C(NC)CCCCN,7.35
O=C1N=C(Nc2c1ncn2C3OC(CO)C(O)C3O)N(C)C,5.62
O=C(NCCCCNCCCN)C,8.87
O=C(NCCc1c[nH]c2ccc(O)cc21)C,1.43
O=C(O)C(NC(=O)C)C,4.83
O=C1N=C(C=CN1C2OC(CO)C(O)C2O)NC(=O)C,5.08
O=C(NC1C(O)OC(CO)C(O)C1O)C,7.35
O=C(O)C(NC(=O)CCNC(=O)C)Cc1cnc[nH]1,8.35
O=C(O)C(NC(=O)C)CCC(=O)N,8.18
O=C(O)C(NC(=O)C)CCSC,3.23
O=C(O)C(NC(=O)C)Cc1ccccc1,2.61
O=C(O)C(NC(=O)C)Cc1c[nH]c2ccccc21,2.81
O=C(O)C(NC(=O)C)CCCN,8.31
O=C([O-])C(N)CCCC[N+](C)(C)C,9.29
O=CNC(C(=O)O)CCSC,3.93
O=C(N)c1cnccc1,1.7
O=C(N)c1ccc[n+](c1)C2OC(CO)C(O)C2O,7.51
O=C(O)CCC(N)(C(=O)O)C,8.45
O=C(O)C(NC)Cc1cnc[nH]1,9.47
O=C(O)C(NC)CC(C)C,6.45
O=C(O)C(N)CCCCNC,9.36
O=C(O)C1N(C)CCC1,7.11
O=C(O)C(NC)Cc1ccc(O)cc1,6.79
O=C(OCCC(N)C(=O)O)C,7.6
O=C(O)CCNC(=O)C(O)C(C)(C)CO,3.5
O=C(N)CCC(NC(=O)Cc1ccccc1)C(=O)O,6.03
O=C(O)C(N)Cc1ccccc1,6.94
O=C(O)C1NCCCC1,7.83
O=C(N)CCC(NC(=O)C1CCC[NH2+]1)C(=O)[O-],8.75
O=C(O)C1NCCC1,7.83
O=C([O-])C1N(C(=O)C2CCC[NH2+]2)CC(O)C1,8.6
O=C([O-])CC(OC(=O)CC)C[N+](C)(C)C,6.41
NCCCCN,9.3
O=Cc1c(O)c(ncc1CO)C,2.18
Oc1c(ncc(c1CN)CO)C,8.1
O=C(O)C=C(C=CC=C(C=CC1=C(C)CCCC1(C)C)C)C,1.11
O=C(O)C(N)CCSCC1OC(n2cnc3c(ncnc32)N)C(O)C1O,8.85
O=C(O)CCC(NC(=O)C(N)CO)C(=O)O,9.65
O=C(O)C(N)CO,8.73
O=C(O)C(NC(=O)C(N)CO)Cc1ccc(O)cc1,8.44
NCCCNCCCCN,6.98
O=C([O-])C1CCC[N+]1(C)C,7.1
O=C([O-])CC(OC(=O)CCCCCCCCCCCCCCCCC)C[N+](C)(C)C,2.96
O=C(O)C(N)CCCNC(=NC)N,9.22
O=S(=O)(O)CCN,7.85
O=C([O-])C(NC(=O)C([NH3+])C(O)C)C,8.56
O=C1N(C)C(c2cnccc2)CC1O,2.02
NCCc1c[nH]c2ccccc21,6.92
O=C(O)C(N)Cc1c[nH]c2ccccc21,6.92
O=C(O)C(N)C(C)C,7.24
